ruta,clase,particion
data/raw/asl_alphabet_train/A/A685.jpg,A,train
data/raw/asl_alphabet_train/A/A2559.jpg,A,train
data/raw/asl_alphabet_train/A/A2804.jpg,A,train
data/raw/asl_alphabet_train/A/A1676.jpg,A,train
data/raw/asl_alphabet_train/A/A1439.jpg,A,train
data/raw/asl_alphabet_train/A/A2914.jpg,A,train
data/raw/asl_alphabet_train/A/A1019.jpg,A,train
data/raw/asl_alphabet_train/A/A1537.jpg,A,train
data/raw/asl_alphabet_train/A/A1340.jpg,A,train
data/raw/asl_alphabet_train/A/A1614.jpg,A,train
data/raw/asl_alphabet_train/A/A2408.jpg,A,train
data/raw/asl_alphabet_train/A/A858.jpg,A,train
data/raw/asl_alphabet_train/A/A1870.jpg,A,train
data/raw/asl_alphabet_train/A/A2137.jpg,A,train
data/raw/asl_alphabet_train/A/A244.jpg,A,train
data/raw/asl_alphabet_train/A/A2109.jpg,A,train
data/raw/asl_alphabet_train/A/A165.jpg,A,train
data/raw/asl_alphabet_train/A/A1363.jpg,A,train
data/raw/asl_alphabet_train/A/A1973.jpg,A,train
data/raw/asl_alphabet_train/A/A1544.jpg,A,train
data/raw/asl_alphabet_train/A/A852.jpg,A,train
data/raw/asl_alphabet_train/A/A33.jpg,A,train
data/raw/asl_alphabet_train/A/A1035.jpg,A,train
data/raw/asl_alphabet_train/A/A939.jpg,A,train
data/raw/asl_alphabet_train/A/A198.jpg,A,train
data/raw/asl_alphabet_train/A/A1011.jpg,A,train
data/raw/asl_alphabet_train/A/A1179.jpg,A,train
data/raw/asl_alphabet_train/A/A2926.jpg,A,train
data/raw/asl_alphabet_train/A/A2069.jpg,A,train
data/raw/asl_alphabet_train/A/A116.jpg,A,train
data/raw/asl_alphabet_train/A/A290.jpg,A,train
data/raw/asl_alphabet_train/A/A878.jpg,A,train
data/raw/asl_alphabet_train/A/A1722.jpg,A,train
data/raw/asl_alphabet_train/A/A1361.jpg,A,train
data/raw/asl_alphabet_train/A/A2269.jpg,A,train
data/raw/asl_alphabet_train/A/A2221.jpg,A,train
data/raw/asl_alphabet_train/A/A1946.jpg,A,train
data/raw/asl_alphabet_train/A/A285.jpg,A,train
data/raw/asl_alphabet_train/A/A328.jpg,A,train
data/raw/asl_alphabet_train/A/A2974.jpg,A,train
data/raw/asl_alphabet_train/A/A1855.jpg,A,train
data/raw/asl_alphabet_train/A/A1114.jpg,A,train
data/raw/asl_alphabet_train/A/A69.jpg,A,train
data/raw/asl_alphabet_train/A/A232.jpg,A,train
data/raw/asl_alphabet_train/A/A765.jpg,A,train
data/raw/asl_alphabet_train/A/A1571.jpg,A,train
data/raw/asl_alphabet_train/A/A525.jpg,A,train
data/raw/asl_alphabet_train/A/A505.jpg,A,train
data/raw/asl_alphabet_train/A/A93.jpg,A,train
data/raw/asl_alphabet_train/A/A971.jpg,A,train
data/raw/asl_alphabet_train/A/A2502.jpg,A,train
data/raw/asl_alphabet_train/A/A2744.jpg,A,train
data/raw/asl_alphabet_train/A/A1912.jpg,A,train
data/raw/asl_alphabet_train/A/A709.jpg,A,train
data/raw/asl_alphabet_train/A/A1616.jpg,A,train
data/raw/asl_alphabet_train/A/A728.jpg,A,train
data/raw/asl_alphabet_train/A/A200.jpg,A,train
data/raw/asl_alphabet_train/A/A1615.jpg,A,train
data/raw/asl_alphabet_train/A/A2073.jpg,A,train
data/raw/asl_alphabet_train/A/A82.jpg,A,train
data/raw/asl_alphabet_train/A/A154.jpg,A,train
data/raw/asl_alphabet_train/A/A1156.jpg,A,train
data/raw/asl_alphabet_train/A/A395.jpg,A,train
data/raw/asl_alphabet_train/A/A2286.jpg,A,train
data/raw/asl_alphabet_train/A/A724.jpg,A,train
data/raw/asl_alphabet_train/A/A2290.jpg,A,train
data/raw/asl_alphabet_train/A/A2450.jpg,A,train
data/raw/asl_alphabet_train/A/A135.jpg,A,train
data/raw/asl_alphabet_train/A/A2102.jpg,A,train
data/raw/asl_alphabet_train/A/A1972.jpg,A,train
data/raw/asl_alphabet_train/A/A783.jpg,A,train
data/raw/asl_alphabet_train/A/A1205.jpg,A,train
data/raw/asl_alphabet_train/A/A2916.jpg,A,train
data/raw/asl_alphabet_train/A/A2905.jpg,A,train
data/raw/asl_alphabet_train/A/A1509.jpg,A,train
data/raw/asl_alphabet_train/A/A91.jpg,A,train
data/raw/asl_alphabet_train/A/A976.jpg,A,train
data/raw/asl_alphabet_train/A/A2639.jpg,A,train
data/raw/asl_alphabet_train/A/A649.jpg,A,train
data/raw/asl_alphabet_train/A/A95.jpg,A,train
data/raw/asl_alphabet_train/A/A797.jpg,A,train
data/raw/asl_alphabet_train/A/A1709.jpg,A,train
data/raw/asl_alphabet_train/A/A1584.jpg,A,train
data/raw/asl_alphabet_train/A/A1507.jpg,A,train
data/raw/asl_alphabet_train/A/A648.jpg,A,train
data/raw/asl_alphabet_train/A/A1322.jpg,A,train
data/raw/asl_alphabet_train/A/A2123.jpg,A,train
data/raw/asl_alphabet_train/A/A2878.jpg,A,train
data/raw/asl_alphabet_train/A/A510.jpg,A,train
data/raw/asl_alphabet_train/A/A77.jpg,A,train
data/raw/asl_alphabet_train/A/A2977.jpg,A,train
data/raw/asl_alphabet_train/A/A74.jpg,A,train
data/raw/asl_alphabet_train/A/A896.jpg,A,train
data/raw/asl_alphabet_train/A/A2514.jpg,A,train
data/raw/asl_alphabet_train/A/A854.jpg,A,train
data/raw/asl_alphabet_train/A/A1976.jpg,A,train
data/raw/asl_alphabet_train/A/A1482.jpg,A,train
data/raw/asl_alphabet_train/A/A489.jpg,A,train
data/raw/asl_alphabet_train/A/A2576.jpg,A,train
data/raw/asl_alphabet_train/A/A825.jpg,A,train
data/raw/asl_alphabet_train/A/A2618.jpg,A,train
data/raw/asl_alphabet_train/A/A97.jpg,A,train
data/raw/asl_alphabet_train/A/A2787.jpg,A,train
data/raw/asl_alphabet_train/A/A64.jpg,A,train
data/raw/asl_alphabet_train/A/A2093.jpg,A,train
data/raw/asl_alphabet_train/A/A2205.jpg,A,train
data/raw/asl_alphabet_train/A/A613.jpg,A,train
data/raw/asl_alphabet_train/A/A2553.jpg,A,train
data/raw/asl_alphabet_train/A/A1506.jpg,A,train
data/raw/asl_alphabet_train/A/A2720.jpg,A,train
data/raw/asl_alphabet_train/A/A2171.jpg,A,train
data/raw/asl_alphabet_train/A/A2889.jpg,A,train
data/raw/asl_alphabet_train/A/A1388.jpg,A,train
data/raw/asl_alphabet_train/A/A2101.jpg,A,train
data/raw/asl_alphabet_train/A/A1522.jpg,A,train
data/raw/asl_alphabet_train/A/A1924.jpg,A,train
data/raw/asl_alphabet_train/A/A630.jpg,A,train
data/raw/asl_alphabet_train/A/A1806.jpg,A,train
data/raw/asl_alphabet_train/A/A1738.jpg,A,train
data/raw/asl_alphabet_train/A/A344.jpg,A,train
data/raw/asl_alphabet_train/A/A194.jpg,A,train
data/raw/asl_alphabet_train/A/A980.jpg,A,train
data/raw/asl_alphabet_train/A/A304.jpg,A,train
data/raw/asl_alphabet_train/A/A2195.jpg,A,train
data/raw/asl_alphabet_train/A/A827.jpg,A,train
data/raw/asl_alphabet_train/A/A1249.jpg,A,train
data/raw/asl_alphabet_train/A/A759.jpg,A,train
data/raw/asl_alphabet_train/A/A1208.jpg,A,train
data/raw/asl_alphabet_train/A/A1404.jpg,A,train
data/raw/asl_alphabet_train/A/A1607.jpg,A,train
data/raw/asl_alphabet_train/A/A2215.jpg,A,train
data/raw/asl_alphabet_train/A/A2159.jpg,A,train
data/raw/asl_alphabet_train/A/A1300.jpg,A,train
data/raw/asl_alphabet_train/A/A2301.jpg,A,train
data/raw/asl_alphabet_train/A/A1763.jpg,A,train
data/raw/asl_alphabet_train/A/A984.jpg,A,train
data/raw/asl_alphabet_train/A/A1106.jpg,A,train
data/raw/asl_alphabet_train/A/A1441.jpg,A,train
data/raw/asl_alphabet_train/A/A2863.jpg,A,train
data/raw/asl_alphabet_train/A/A1374.jpg,A,train
data/raw/asl_alphabet_train/A/A2007.jpg,A,train
data/raw/asl_alphabet_train/A/A1446.jpg,A,train
data/raw/asl_alphabet_train/A/A1286.jpg,A,train
data/raw/asl_alphabet_train/A/A2378.jpg,A,train
data/raw/asl_alphabet_train/A/A262.jpg,A,train
data/raw/asl_alphabet_train/A/A1530.jpg,A,train
data/raw/asl_alphabet_train/A/A1675.jpg,A,train
data/raw/asl_alphabet_train/A/A1314.jpg,A,train
data/raw/asl_alphabet_train/A/A1550.jpg,A,train
data/raw/asl_alphabet_train/A/A196.jpg,A,train
data/raw/asl_alphabet_train/A/A1232.jpg,A,train
data/raw/asl_alphabet_train/A/A1879.jpg,A,train
data/raw/asl_alphabet_train/A/A934.jpg,A,train
data/raw/asl_alphabet_train/A/A1312.jpg,A,train
data/raw/asl_alphabet_train/A/A512.jpg,A,train
data/raw/asl_alphabet_train/A/A2026.jpg,A,train
data/raw/asl_alphabet_train/A/A2368.jpg,A,train
data/raw/asl_alphabet_train/A/A2131.jpg,A,train
data/raw/asl_alphabet_train/A/A126.jpg,A,train
data/raw/asl_alphabet_train/A/A2308.jpg,A,train
data/raw/asl_alphabet_train/A/A1030.jpg,A,train
data/raw/asl_alphabet_train/A/A1117.jpg,A,train
data/raw/asl_alphabet_train/A/A1729.jpg,A,train
data/raw/asl_alphabet_train/A/A662.jpg,A,train
data/raw/asl_alphabet_train/A/A915.jpg,A,train
data/raw/asl_alphabet_train/A/A128.jpg,A,train
data/raw/asl_alphabet_train/A/A634.jpg,A,train
data/raw/asl_alphabet_train/A/A2523.jpg,A,train
data/raw/asl_alphabet_train/A/A706.jpg,A,train
data/raw/asl_alphabet_train/A/A2833.jpg,A,train
data/raw/asl_alphabet_train/A/A157.jpg,A,train
data/raw/asl_alphabet_train/A/A1859.jpg,A,train
data/raw/asl_alphabet_train/A/A1289.jpg,A,train
data/raw/asl_alphabet_train/A/A2838.jpg,A,train
data/raw/asl_alphabet_train/A/A838.jpg,A,train
data/raw/asl_alphabet_train/A/A151.jpg,A,train
data/raw/asl_alphabet_train/A/A1989.jpg,A,train
data/raw/asl_alphabet_train/A/A866.jpg,A,train
data/raw/asl_alphabet_train/A/A251.jpg,A,train
data/raw/asl_alphabet_train/A/A1094.jpg,A,train
data/raw/asl_alphabet_train/A/A2758.jpg,A,train
data/raw/asl_alphabet_train/A/A2347.jpg,A,train
data/raw/asl_alphabet_train/A/A1105.jpg,A,train
data/raw/asl_alphabet_train/A/A2175.jpg,A,train
data/raw/asl_alphabet_train/A/A485.jpg,A,train
data/raw/asl_alphabet_train/A/A593.jpg,A,train
data/raw/asl_alphabet_train/A/A2765.jpg,A,train
data/raw/asl_alphabet_train/A/A2831.jpg,A,train
data/raw/asl_alphabet_train/A/A1697.jpg,A,train
data/raw/asl_alphabet_train/A/A2980.jpg,A,train
data/raw/asl_alphabet_train/A/A845.jpg,A,train
data/raw/asl_alphabet_train/A/A2291.jpg,A,train
data/raw/asl_alphabet_train/A/A1551.jpg,A,train
data/raw/asl_alphabet_train/A/A1157.jpg,A,train
data/raw/asl_alphabet_train/A/A1390.jpg,A,train
data/raw/asl_alphabet_train/A/A1163.jpg,A,train
data/raw/asl_alphabet_train/A/A686.jpg,A,train
data/raw/asl_alphabet_train/A/A352.jpg,A,train
data/raw/asl_alphabet_train/A/A2886.jpg,A,train
data/raw/asl_alphabet_train/A/A2769.jpg,A,train
data/raw/asl_alphabet_train/A/A1579.jpg,A,train
data/raw/asl_alphabet_train/A/A2380.jpg,A,train
data/raw/asl_alphabet_train/A/A2604.jpg,A,train
data/raw/asl_alphabet_train/A/A987.jpg,A,train
data/raw/asl_alphabet_train/A/A47.jpg,A,train
data/raw/asl_alphabet_train/A/A1983.jpg,A,train
data/raw/asl_alphabet_train/A/A1568.jpg,A,train
data/raw/asl_alphabet_train/A/A411.jpg,A,train
data/raw/asl_alphabet_train/A/A1915.jpg,A,train
data/raw/asl_alphabet_train/A/A366.jpg,A,train
data/raw/asl_alphabet_train/A/A2030.jpg,A,train
data/raw/asl_alphabet_train/A/A1928.jpg,A,train
data/raw/asl_alphabet_train/A/A883.jpg,A,train
data/raw/asl_alphabet_train/A/A1545.jpg,A,train
data/raw/asl_alphabet_train/A/A1343.jpg,A,train
data/raw/asl_alphabet_train/A/A1351.jpg,A,train
data/raw/asl_alphabet_train/A/A1702.jpg,A,train
data/raw/asl_alphabet_train/A/A23.jpg,A,train
data/raw/asl_alphabet_train/A/A1900.jpg,A,train
data/raw/asl_alphabet_train/A/A2580.jpg,A,train
data/raw/asl_alphabet_train/A/A444.jpg,A,train
data/raw/asl_alphabet_train/A/A1192.jpg,A,train
data/raw/asl_alphabet_train/A/A1881.jpg,A,train
data/raw/asl_alphabet_train/A/A752.jpg,A,train
data/raw/asl_alphabet_train/A/A2745.jpg,A,train
data/raw/asl_alphabet_train/A/A1303.jpg,A,train
data/raw/asl_alphabet_train/A/A1638.jpg,A,train
data/raw/asl_alphabet_train/A/A793.jpg,A,train
data/raw/asl_alphabet_train/A/A1022.jpg,A,train
data/raw/asl_alphabet_train/A/A1368.jpg,A,train
data/raw/asl_alphabet_train/A/A2620.jpg,A,train
data/raw/asl_alphabet_train/A/A1169.jpg,A,train
data/raw/asl_alphabet_train/A/A522.jpg,A,train
data/raw/asl_alphabet_train/A/A214.jpg,A,train
data/raw/asl_alphabet_train/A/A2904.jpg,A,train
data/raw/asl_alphabet_train/A/A2200.jpg,A,train
data/raw/asl_alphabet_train/A/A379.jpg,A,train
data/raw/asl_alphabet_train/A/A2443.jpg,A,train
data/raw/asl_alphabet_train/A/A1575.jpg,A,train
data/raw/asl_alphabet_train/A/A503.jpg,A,train
data/raw/asl_alphabet_train/A/A2939.jpg,A,train
data/raw/asl_alphabet_train/A/A1600.jpg,A,train
data/raw/asl_alphabet_train/A/A1656.jpg,A,train
data/raw/asl_alphabet_train/A/A604.jpg,A,train
data/raw/asl_alphabet_train/A/A2857.jpg,A,train
data/raw/asl_alphabet_train/A/A2452.jpg,A,train
data/raw/asl_alphabet_train/A/A2621.jpg,A,train
data/raw/asl_alphabet_train/A/A2629.jpg,A,train
data/raw/asl_alphabet_train/A/A2922.jpg,A,train
data/raw/asl_alphabet_train/A/A2440.jpg,A,train
data/raw/asl_alphabet_train/A/A56.jpg,A,train
data/raw/asl_alphabet_train/A/A261.jpg,A,train
data/raw/asl_alphabet_train/A/A1789.jpg,A,train
data/raw/asl_alphabet_train/A/A2856.jpg,A,train
data/raw/asl_alphabet_train/A/A1850.jpg,A,train
data/raw/asl_alphabet_train/A/A1826.jpg,A,train
data/raw/asl_alphabet_train/A/A2504.jpg,A,train
data/raw/asl_alphabet_train/A/A965.jpg,A,train
data/raw/asl_alphabet_train/A/A640.jpg,A,train
data/raw/asl_alphabet_train/A/A1961.jpg,A,train
data/raw/asl_alphabet_train/A/A970.jpg,A,train
data/raw/asl_alphabet_train/A/A80.jpg,A,train
data/raw/asl_alphabet_train/A/A2729.jpg,A,train
data/raw/asl_alphabet_train/A/A1995.jpg,A,train
data/raw/asl_alphabet_train/A/A1878.jpg,A,train
data/raw/asl_alphabet_train/A/A1797.jpg,A,train
data/raw/asl_alphabet_train/A/A2213.jpg,A,train
data/raw/asl_alphabet_train/A/A1488.jpg,A,train
data/raw/asl_alphabet_train/A/A1567.jpg,A,train
data/raw/asl_alphabet_train/A/A1808.jpg,A,train
data/raw/asl_alphabet_train/A/A2779.jpg,A,train
data/raw/asl_alphabet_train/A/A1277.jpg,A,train
data/raw/asl_alphabet_train/A/A2712.jpg,A,train
data/raw/asl_alphabet_train/A/A8.jpg,A,train
data/raw/asl_alphabet_train/A/A2050.jpg,A,train
data/raw/asl_alphabet_train/A/A2509.jpg,A,train
data/raw/asl_alphabet_train/A/A2799.jpg,A,train
data/raw/asl_alphabet_train/A/A2419.jpg,A,train
data/raw/asl_alphabet_train/A/A1524.jpg,A,train
data/raw/asl_alphabet_train/A/A2325.jpg,A,train
data/raw/asl_alphabet_train/A/A831.jpg,A,train
data/raw/asl_alphabet_train/A/A584.jpg,A,train
data/raw/asl_alphabet_train/A/A1845.jpg,A,train
data/raw/asl_alphabet_train/A/A66.jpg,A,train
data/raw/asl_alphabet_train/A/A2413.jpg,A,train
data/raw/asl_alphabet_train/A/A2018.jpg,A,train
data/raw/asl_alphabet_train/A/A1194.jpg,A,train
data/raw/asl_alphabet_train/A/A188.jpg,A,train
data/raw/asl_alphabet_train/A/A1547.jpg,A,train
data/raw/asl_alphabet_train/A/A2761.jpg,A,train
data/raw/asl_alphabet_train/A/A2608.jpg,A,train
data/raw/asl_alphabet_train/A/A734.jpg,A,train
data/raw/asl_alphabet_train/A/A1033.jpg,A,train
data/raw/asl_alphabet_train/A/A2993.jpg,A,train
data/raw/asl_alphabet_train/A/A2278.jpg,A,train
data/raw/asl_alphabet_train/A/A1634.jpg,A,train
data/raw/asl_alphabet_train/A/A667.jpg,A,train
data/raw/asl_alphabet_train/A/A2156.jpg,A,train
data/raw/asl_alphabet_train/A/A12.jpg,A,train
data/raw/asl_alphabet_train/A/A633.jpg,A,train
data/raw/asl_alphabet_train/A/A711.jpg,A,train
data/raw/asl_alphabet_train/A/A1667.jpg,A,train
data/raw/asl_alphabet_train/A/A311.jpg,A,train
data/raw/asl_alphabet_train/A/A1113.jpg,A,train
data/raw/asl_alphabet_train/A/A1052.jpg,A,train
data/raw/asl_alphabet_train/A/A2866.jpg,A,train
data/raw/asl_alphabet_train/A/A170.jpg,A,train
data/raw/asl_alphabet_train/A/A2307.jpg,A,train
data/raw/asl_alphabet_train/A/A1504.jpg,A,train
data/raw/asl_alphabet_train/A/A206.jpg,A,train
data/raw/asl_alphabet_train/A/A2051.jpg,A,train
data/raw/asl_alphabet_train/A/A810.jpg,A,train
data/raw/asl_alphabet_train/A/A2477.jpg,A,train
data/raw/asl_alphabet_train/A/A1433.jpg,A,train
data/raw/asl_alphabet_train/A/A1398.jpg,A,train
data/raw/asl_alphabet_train/A/A2796.jpg,A,train
data/raw/asl_alphabet_train/A/A743.jpg,A,train
data/raw/asl_alphabet_train/A/A1629.jpg,A,train
data/raw/asl_alphabet_train/A/A2589.jpg,A,train
data/raw/asl_alphabet_train/A/A1750.jpg,A,train
data/raw/asl_alphabet_train/A/A271.jpg,A,train
data/raw/asl_alphabet_train/A/A2312.jpg,A,train
data/raw/asl_alphabet_train/A/A2898.jpg,A,train
data/raw/asl_alphabet_train/A/A1080.jpg,A,train
data/raw/asl_alphabet_train/A/A213.jpg,A,train
data/raw/asl_alphabet_train/A/A784.jpg,A,train
data/raw/asl_alphabet_train/A/A1839.jpg,A,train
data/raw/asl_alphabet_train/A/A884.jpg,A,train
data/raw/asl_alphabet_train/A/A2116.jpg,A,train
data/raw/asl_alphabet_train/A/A296.jpg,A,train
data/raw/asl_alphabet_train/A/A2094.jpg,A,train
data/raw/asl_alphabet_train/A/A889.jpg,A,train
data/raw/asl_alphabet_train/A/A2165.jpg,A,train
data/raw/asl_alphabet_train/A/A17.jpg,A,train
data/raw/asl_alphabet_train/A/A2481.jpg,A,train
data/raw/asl_alphabet_train/A/A2687.jpg,A,train
data/raw/asl_alphabet_train/A/A762.jpg,A,train
data/raw/asl_alphabet_train/A/A1376.jpg,A,train
data/raw/asl_alphabet_train/A/A2311.jpg,A,train
data/raw/asl_alphabet_train/A/A212.jpg,A,train
data/raw/asl_alphabet_train/A/A2474.jpg,A,train
data/raw/asl_alphabet_train/A/A1416.jpg,A,train
data/raw/asl_alphabet_train/A/A582.jpg,A,train
data/raw/asl_alphabet_train/A/A813.jpg,A,train
data/raw/asl_alphabet_train/A/A1532.jpg,A,train
data/raw/asl_alphabet_train/A/A1543.jpg,A,train
data/raw/asl_alphabet_train/A/A1451.jpg,A,train
data/raw/asl_alphabet_train/A/A1534.jpg,A,train
data/raw/asl_alphabet_train/A/A710.jpg,A,train
data/raw/asl_alphabet_train/A/A654.jpg,A,train
data/raw/asl_alphabet_train/A/A1765.jpg,A,train
data/raw/asl_alphabet_train/A/A1000.jpg,A,train
data/raw/asl_alphabet_train/A/A2314.jpg,A,train
data/raw/asl_alphabet_train/A/A2984.jpg,A,train
data/raw/asl_alphabet_train/A/A2577.jpg,A,train
data/raw/asl_alphabet_train/A/A1825.jpg,A,train
data/raw/asl_alphabet_train/A/A410.jpg,A,train
data/raw/asl_alphabet_train/A/A1894.jpg,A,train
data/raw/asl_alphabet_train/A/A2906.jpg,A,train
data/raw/asl_alphabet_train/A/A432.jpg,A,train
data/raw/asl_alphabet_train/A/A143.jpg,A,train
data/raw/asl_alphabet_train/A/A1782.jpg,A,train
data/raw/asl_alphabet_train/A/A1485.jpg,A,train
data/raw/asl_alphabet_train/A/A699.jpg,A,train
data/raw/asl_alphabet_train/A/A555.jpg,A,train
data/raw/asl_alphabet_train/A/A1014.jpg,A,train
data/raw/asl_alphabet_train/A/A364.jpg,A,train
data/raw/asl_alphabet_train/A/A2672.jpg,A,train
data/raw/asl_alphabet_train/A/A1987.jpg,A,train
data/raw/asl_alphabet_train/A/A1899.jpg,A,train
data/raw/asl_alphabet_train/A/A2775.jpg,A,train
data/raw/asl_alphabet_train/A/A1466.jpg,A,train
data/raw/asl_alphabet_train/A/A2967.jpg,A,train
data/raw/asl_alphabet_train/A/A2696.jpg,A,train
data/raw/asl_alphabet_train/A/A1559.jpg,A,train
data/raw/asl_alphabet_train/A/A2714.jpg,A,train
data/raw/asl_alphabet_train/A/A2990.jpg,A,train
data/raw/asl_alphabet_train/A/A1541.jpg,A,train
data/raw/asl_alphabet_train/A/A2622.jpg,A,train
data/raw/asl_alphabet_train/A/A138.jpg,A,train
data/raw/asl_alphabet_train/A/A2282.jpg,A,train
data/raw/asl_alphabet_train/A/A1165.jpg,A,train
data/raw/asl_alphabet_train/A/A938.jpg,A,train
data/raw/asl_alphabet_train/A/A1419.jpg,A,train
data/raw/asl_alphabet_train/A/A615.jpg,A,train
data/raw/asl_alphabet_train/A/A2748.jpg,A,train
data/raw/asl_alphabet_train/A/A1728.jpg,A,train
data/raw/asl_alphabet_train/A/A1264.jpg,A,train
data/raw/asl_alphabet_train/A/A769.jpg,A,train
data/raw/asl_alphabet_train/A/A2270.jpg,A,train
data/raw/asl_alphabet_train/A/A50.jpg,A,train
data/raw/asl_alphabet_train/A/A2043.jpg,A,train
data/raw/asl_alphabet_train/A/A1274.jpg,A,train
data/raw/asl_alphabet_train/A/A303.jpg,A,train
data/raw/asl_alphabet_train/A/A225.jpg,A,train
data/raw/asl_alphabet_train/A/A392.jpg,A,train
data/raw/asl_alphabet_train/A/A1483.jpg,A,train
data/raw/asl_alphabet_train/A/A358.jpg,A,train
data/raw/asl_alphabet_train/A/A451.jpg,A,train
data/raw/asl_alphabet_train/A/A1659.jpg,A,train
data/raw/asl_alphabet_train/A/A954.jpg,A,train
data/raw/asl_alphabet_train/A/A339.jpg,A,train
data/raw/asl_alphabet_train/A/A2183.jpg,A,train
data/raw/asl_alphabet_train/A/A529.jpg,A,train
data/raw/asl_alphabet_train/A/A2383.jpg,A,train
data/raw/asl_alphabet_train/A/A722.jpg,A,train
data/raw/asl_alphabet_train/A/A273.jpg,A,train
data/raw/asl_alphabet_train/A/A853.jpg,A,train
data/raw/asl_alphabet_train/A/A2524.jpg,A,train
data/raw/asl_alphabet_train/A/A1611.jpg,A,train
data/raw/asl_alphabet_train/A/A357.jpg,A,train
data/raw/asl_alphabet_train/A/A2114.jpg,A,train
data/raw/asl_alphabet_train/A/A2642.jpg,A,train
data/raw/asl_alphabet_train/A/A2707.jpg,A,train
data/raw/asl_alphabet_train/A/A2083.jpg,A,train
data/raw/asl_alphabet_train/A/A2535.jpg,A,train
data/raw/asl_alphabet_train/A/A789.jpg,A,train
data/raw/asl_alphabet_train/A/A1315.jpg,A,train
data/raw/asl_alphabet_train/A/A2752.jpg,A,train
data/raw/asl_alphabet_train/A/A2859.jpg,A,train
data/raw/asl_alphabet_train/A/A9.jpg,A,val
data/raw/asl_alphabet_train/A/A2013.jpg,A,val
data/raw/asl_alphabet_train/A/A2871.jpg,A,val
data/raw/asl_alphabet_train/A/A299.jpg,A,val
data/raw/asl_alphabet_train/A/A2115.jpg,A,val
data/raw/asl_alphabet_train/A/A2825.jpg,A,val
data/raw/asl_alphabet_train/A/A2927.jpg,A,val
data/raw/asl_alphabet_train/A/A1876.jpg,A,val
data/raw/asl_alphabet_train/A/A1777.jpg,A,val
data/raw/asl_alphabet_train/A/A2263.jpg,A,val
data/raw/asl_alphabet_train/A/A2875.jpg,A,val
data/raw/asl_alphabet_train/A/A219.jpg,A,val
data/raw/asl_alphabet_train/A/A1985.jpg,A,val
data/raw/asl_alphabet_train/A/A2187.jpg,A,val
data/raw/asl_alphabet_train/A/A841.jpg,A,val
data/raw/asl_alphabet_train/A/A1069.jpg,A,val
data/raw/asl_alphabet_train/A/A369.jpg,A,val
data/raw/asl_alphabet_train/A/A627.jpg,A,val
data/raw/asl_alphabet_train/A/A160.jpg,A,val
data/raw/asl_alphabet_train/A/A2741.jpg,A,val
data/raw/asl_alphabet_train/A/A1040.jpg,A,val
data/raw/asl_alphabet_train/A/A329.jpg,A,val
data/raw/asl_alphabet_train/A/A1049.jpg,A,val
data/raw/asl_alphabet_train/A/A1405.jpg,A,val
data/raw/asl_alphabet_train/A/A1004.jpg,A,val
data/raw/asl_alphabet_train/A/A145.jpg,A,val
data/raw/asl_alphabet_train/A/A1172.jpg,A,val
data/raw/asl_alphabet_train/A/A928.jpg,A,val
data/raw/asl_alphabet_train/A/A59.jpg,A,val
data/raw/asl_alphabet_train/A/A2399.jpg,A,val
data/raw/asl_alphabet_train/A/A158.jpg,A,val
data/raw/asl_alphabet_train/A/A2181.jpg,A,val
data/raw/asl_alphabet_train/A/A919.jpg,A,val
data/raw/asl_alphabet_train/A/A2895.jpg,A,val
data/raw/asl_alphabet_train/A/A1215.jpg,A,val
data/raw/asl_alphabet_train/A/A1935.jpg,A,val
data/raw/asl_alphabet_train/A/A278.jpg,A,val
data/raw/asl_alphabet_train/A/A348.jpg,A,val
data/raw/asl_alphabet_train/A/A1645.jpg,A,val
data/raw/asl_alphabet_train/A/A1158.jpg,A,val
data/raw/asl_alphabet_train/A/A842.jpg,A,val
data/raw/asl_alphabet_train/A/A1174.jpg,A,val
data/raw/asl_alphabet_train/A/A2285.jpg,A,val
data/raw/asl_alphabet_train/A/A1348.jpg,A,val
data/raw/asl_alphabet_train/A/A844.jpg,A,val
data/raw/asl_alphabet_train/A/A830.jpg,A,val
data/raw/asl_alphabet_train/A/A881.jpg,A,val
data/raw/asl_alphabet_train/A/A88.jpg,A,val
data/raw/asl_alphabet_train/A/A2463.jpg,A,val
data/raw/asl_alphabet_train/A/A1132.jpg,A,val
data/raw/asl_alphabet_train/A/A902.jpg,A,val
data/raw/asl_alphabet_train/A/A1753.jpg,A,val
data/raw/asl_alphabet_train/A/A2178.jpg,A,val
data/raw/asl_alphabet_train/A/A2045.jpg,A,val
data/raw/asl_alphabet_train/A/A1280.jpg,A,val
data/raw/asl_alphabet_train/A/A1018.jpg,A,val
data/raw/asl_alphabet_train/A/A848.jpg,A,val
data/raw/asl_alphabet_train/A/A2888.jpg,A,val
data/raw/asl_alphabet_train/A/A1965.jpg,A,val
data/raw/asl_alphabet_train/A/A2249.jpg,A,val
data/raw/asl_alphabet_train/A/A1429.jpg,A,val
data/raw/asl_alphabet_train/A/A687.jpg,A,val
data/raw/asl_alphabet_train/A/A1062.jpg,A,val
data/raw/asl_alphabet_train/A/A1980.jpg,A,val
data/raw/asl_alphabet_train/A/A1178.jpg,A,val
data/raw/asl_alphabet_train/A/A1297.jpg,A,val
data/raw/asl_alphabet_train/A/A1417.jpg,A,val
data/raw/asl_alphabet_train/A/A2323.jpg,A,val
data/raw/asl_alphabet_train/A/A1102.jpg,A,val
data/raw/asl_alphabet_train/A/A1352.jpg,A,val
data/raw/asl_alphabet_train/A/A415.jpg,A,val
data/raw/asl_alphabet_train/A/A1211.jpg,A,val
data/raw/asl_alphabet_train/A/A381.jpg,A,val
data/raw/asl_alphabet_train/A/A865.jpg,A,val
data/raw/asl_alphabet_train/A/A1715.jpg,A,val
data/raw/asl_alphabet_train/A/A979.jpg,A,val
data/raw/asl_alphabet_train/A/A2067.jpg,A,val
data/raw/asl_alphabet_train/A/A2400.jpg,A,val
data/raw/asl_alphabet_train/A/A542.jpg,A,val
data/raw/asl_alphabet_train/A/A387.jpg,A,val
data/raw/asl_alphabet_train/A/A2830.jpg,A,val
data/raw/asl_alphabet_train/A/A1434.jpg,A,val
data/raw/asl_alphabet_train/A/A2798.jpg,A,val
data/raw/asl_alphabet_train/A/A1432.jpg,A,val
data/raw/asl_alphabet_train/A/A2210.jpg,A,val
data/raw/asl_alphabet_train/A/A2174.jpg,A,val
data/raw/asl_alphabet_train/A/A2039.jpg,A,val
data/raw/asl_alphabet_train/A/A2004.jpg,A,val
data/raw/asl_alphabet_train/A/A2168.jpg,A,val
data/raw/asl_alphabet_train/A/A493.jpg,A,val
data/raw/asl_alphabet_train/A/A562.jpg,A,test
data/raw/asl_alphabet_train/A/A2867.jpg,A,test
data/raw/asl_alphabet_train/A/A1849.jpg,A,test
data/raw/asl_alphabet_train/A/A1678.jpg,A,test
data/raw/asl_alphabet_train/A/A2722.jpg,A,test
data/raw/asl_alphabet_train/A/A48.jpg,A,test
data/raw/asl_alphabet_train/A/A1418.jpg,A,test
data/raw/asl_alphabet_train/A/A2841.jpg,A,test
data/raw/asl_alphabet_train/A/A161.jpg,A,test
data/raw/asl_alphabet_train/A/A1583.jpg,A,test
data/raw/asl_alphabet_train/A/A563.jpg,A,test
data/raw/asl_alphabet_train/A/A1907.jpg,A,test
data/raw/asl_alphabet_train/A/A2921.jpg,A,test
data/raw/asl_alphabet_train/A/A406.jpg,A,test
data/raw/asl_alphabet_train/A/A2945.jpg,A,test
data/raw/asl_alphabet_train/A/A1727.jpg,A,test
data/raw/asl_alphabet_train/A/A1792.jpg,A,test
data/raw/asl_alphabet_train/A/A805.jpg,A,test
data/raw/asl_alphabet_train/A/A911.jpg,A,test
data/raw/asl_alphabet_train/A/A120.jpg,A,test
data/raw/asl_alphabet_train/A/A266.jpg,A,test
data/raw/asl_alphabet_train/A/A1463.jpg,A,test
data/raw/asl_alphabet_train/A/A1686.jpg,A,test
data/raw/asl_alphabet_train/A/A1884.jpg,A,test
data/raw/asl_alphabet_train/A/A2940.jpg,A,test
data/raw/asl_alphabet_train/A/A1721.jpg,A,test
data/raw/asl_alphabet_train/A/A1071.jpg,A,test
data/raw/asl_alphabet_train/A/A879.jpg,A,test
data/raw/asl_alphabet_train/A/A2949.jpg,A,test
data/raw/asl_alphabet_train/A/A723.jpg,A,test
data/raw/asl_alphabet_train/A/A1737.jpg,A,test
data/raw/asl_alphabet_train/A/A1329.jpg,A,test
data/raw/asl_alphabet_train/A/A1007.jpg,A,test
data/raw/asl_alphabet_train/A/A1031.jpg,A,test
data/raw/asl_alphabet_train/A/A159.jpg,A,test
data/raw/asl_alphabet_train/A/A362.jpg,A,test
data/raw/asl_alphabet_train/A/A963.jpg,A,test
data/raw/asl_alphabet_train/A/A2063.jpg,A,test
data/raw/asl_alphabet_train/A/A2246.jpg,A,test
data/raw/asl_alphabet_train/A/A2132.jpg,A,test
data/raw/asl_alphabet_train/A/A2506.jpg,A,test
data/raw/asl_alphabet_train/A/A2937.jpg,A,test
data/raw/asl_alphabet_train/A/A458.jpg,A,test
data/raw/asl_alphabet_train/A/A455.jpg,A,test
data/raw/asl_alphabet_train/A/A839.jpg,A,test
data/raw/asl_alphabet_train/A/A2743.jpg,A,test
data/raw/asl_alphabet_train/A/A2077.jpg,A,test
data/raw/asl_alphabet_train/A/A890.jpg,A,test
data/raw/asl_alphabet_train/A/A2136.jpg,A,test
data/raw/asl_alphabet_train/A/A682.jpg,A,test
data/raw/asl_alphabet_train/A/A941.jpg,A,test
data/raw/asl_alphabet_train/A/A99.jpg,A,test
data/raw/asl_alphabet_train/A/A2002.jpg,A,test
data/raw/asl_alphabet_train/A/A513.jpg,A,test
data/raw/asl_alphabet_train/A/A1635.jpg,A,test
data/raw/asl_alphabet_train/A/A1060.jpg,A,test
data/raw/asl_alphabet_train/A/A2374.jpg,A,test
data/raw/asl_alphabet_train/A/A101.jpg,A,test
data/raw/asl_alphabet_train/A/A2028.jpg,A,test
data/raw/asl_alphabet_train/A/A2711.jpg,A,test
data/raw/asl_alphabet_train/A/A51.jpg,A,test
data/raw/asl_alphabet_train/A/A1691.jpg,A,test
data/raw/asl_alphabet_train/A/A2395.jpg,A,test
data/raw/asl_alphabet_train/A/A835.jpg,A,test
data/raw/asl_alphabet_train/A/A1421.jpg,A,test
data/raw/asl_alphabet_train/A/A1968.jpg,A,test
data/raw/asl_alphabet_train/A/A2280.jpg,A,test
data/raw/asl_alphabet_train/A/A1319.jpg,A,test
data/raw/asl_alphabet_train/A/A1091.jpg,A,test
data/raw/asl_alphabet_train/A/A46.jpg,A,test
data/raw/asl_alphabet_train/A/A2808.jpg,A,test
data/raw/asl_alphabet_train/A/A1476.jpg,A,test
data/raw/asl_alphabet_train/A/A2227.jpg,A,test
data/raw/asl_alphabet_train/A/A2708.jpg,A,test
data/raw/asl_alphabet_train/A/A2144.jpg,A,test
data/raw/asl_alphabet_train/A/A1578.jpg,A,test
data/raw/asl_alphabet_train/A/A2773.jpg,A,test
data/raw/asl_alphabet_train/A/A118.jpg,A,test
data/raw/asl_alphabet_train/A/A2135.jpg,A,test
data/raw/asl_alphabet_train/A/A2870.jpg,A,test
data/raw/asl_alphabet_train/A/A900.jpg,A,test
data/raw/asl_alphabet_train/A/A1994.jpg,A,test
data/raw/asl_alphabet_train/A/A2616.jpg,A,test
data/raw/asl_alphabet_train/A/A2907.jpg,A,test
data/raw/asl_alphabet_train/A/A459.jpg,A,test
data/raw/asl_alphabet_train/A/A407.jpg,A,test
data/raw/asl_alphabet_train/A/A1344.jpg,A,test
data/raw/asl_alphabet_train/A/A2421.jpg,A,test
data/raw/asl_alphabet_train/A/A2783.jpg,A,test
data/raw/asl_alphabet_train/A/A2130.jpg,A,test
data/raw/asl_alphabet_train/B/B192.jpg,B,train
data/raw/asl_alphabet_train/B/B882.jpg,B,train
data/raw/asl_alphabet_train/B/B1987.jpg,B,train
data/raw/asl_alphabet_train/B/B1068.jpg,B,train
data/raw/asl_alphabet_train/B/B80.jpg,B,train
data/raw/asl_alphabet_train/B/B1565.jpg,B,train
data/raw/asl_alphabet_train/B/B883.jpg,B,train
data/raw/asl_alphabet_train/B/B1705.jpg,B,train
data/raw/asl_alphabet_train/B/B2271.jpg,B,train
data/raw/asl_alphabet_train/B/B2184.jpg,B,train
data/raw/asl_alphabet_train/B/B2553.jpg,B,train
data/raw/asl_alphabet_train/B/B2465.jpg,B,train
data/raw/asl_alphabet_train/B/B1557.jpg,B,train
data/raw/asl_alphabet_train/B/B2251.jpg,B,train
data/raw/asl_alphabet_train/B/B2034.jpg,B,train
data/raw/asl_alphabet_train/B/B2937.jpg,B,train
data/raw/asl_alphabet_train/B/B1600.jpg,B,train
data/raw/asl_alphabet_train/B/B2952.jpg,B,train
data/raw/asl_alphabet_train/B/B763.jpg,B,train
data/raw/asl_alphabet_train/B/B951.jpg,B,train
data/raw/asl_alphabet_train/B/B863.jpg,B,train
data/raw/asl_alphabet_train/B/B256.jpg,B,train
data/raw/asl_alphabet_train/B/B2709.jpg,B,train
data/raw/asl_alphabet_train/B/B309.jpg,B,train
data/raw/asl_alphabet_train/B/B1278.jpg,B,train
data/raw/asl_alphabet_train/B/B2535.jpg,B,train
data/raw/asl_alphabet_train/B/B2742.jpg,B,train
data/raw/asl_alphabet_train/B/B2318.jpg,B,train
data/raw/asl_alphabet_train/B/B19.jpg,B,train
data/raw/asl_alphabet_train/B/B343.jpg,B,train
data/raw/asl_alphabet_train/B/B2428.jpg,B,train
data/raw/asl_alphabet_train/B/B1347.jpg,B,train
data/raw/asl_alphabet_train/B/B1768.jpg,B,train
data/raw/asl_alphabet_train/B/B363.jpg,B,train
data/raw/asl_alphabet_train/B/B2181.jpg,B,train
data/raw/asl_alphabet_train/B/B1453.jpg,B,train
data/raw/asl_alphabet_train/B/B2295.jpg,B,train
data/raw/asl_alphabet_train/B/B1675.jpg,B,train
data/raw/asl_alphabet_train/B/B793.jpg,B,train
data/raw/asl_alphabet_train/B/B1289.jpg,B,train
data/raw/asl_alphabet_train/B/B1204.jpg,B,train
data/raw/asl_alphabet_train/B/B755.jpg,B,train
data/raw/asl_alphabet_train/B/B4.jpg,B,train
data/raw/asl_alphabet_train/B/B1117.jpg,B,train
data/raw/asl_alphabet_train/B/B1558.jpg,B,train
data/raw/asl_alphabet_train/B/B2232.jpg,B,train
data/raw/asl_alphabet_train/B/B2371.jpg,B,train
data/raw/asl_alphabet_train/B/B1828.jpg,B,train
data/raw/asl_alphabet_train/B/B862.jpg,B,train
data/raw/asl_alphabet_train/B/B991.jpg,B,train
data/raw/asl_alphabet_train/B/B2691.jpg,B,train
data/raw/asl_alphabet_train/B/B1257.jpg,B,train
data/raw/asl_alphabet_train/B/B2516.jpg,B,train
data/raw/asl_alphabet_train/B/B2549.jpg,B,train
data/raw/asl_alphabet_train/B/B2743.jpg,B,train
data/raw/asl_alphabet_train/B/B2124.jpg,B,train
data/raw/asl_alphabet_train/B/B1300.jpg,B,train
data/raw/asl_alphabet_train/B/B873.jpg,B,train
data/raw/asl_alphabet_train/B/B2648.jpg,B,train
data/raw/asl_alphabet_train/B/B177.jpg,B,train
data/raw/asl_alphabet_train/B/B2303.jpg,B,train
data/raw/asl_alphabet_train/B/B2986.jpg,B,train
data/raw/asl_alphabet_train/B/B2533.jpg,B,train
data/raw/asl_alphabet_train/B/B2419.jpg,B,train
data/raw/asl_alphabet_train/B/B817.jpg,B,train
data/raw/asl_alphabet_train/B/B2788.jpg,B,train
data/raw/asl_alphabet_train/B/B747.jpg,B,train
data/raw/asl_alphabet_train/B/B1156.jpg,B,train
data/raw/asl_alphabet_train/B/B1096.jpg,B,train
data/raw/asl_alphabet_train/B/B42.jpg,B,train
data/raw/asl_alphabet_train/B/B62.jpg,B,train
data/raw/asl_alphabet_train/B/B1424.jpg,B,train
data/raw/asl_alphabet_train/B/B567.jpg,B,train
data/raw/asl_alphabet_train/B/B397.jpg,B,train
data/raw/asl_alphabet_train/B/B1211.jpg,B,train
data/raw/asl_alphabet_train/B/B711.jpg,B,train
data/raw/asl_alphabet_train/B/B720.jpg,B,train
data/raw/asl_alphabet_train/B/B816.jpg,B,train
data/raw/asl_alphabet_train/B/B2883.jpg,B,train
data/raw/asl_alphabet_train/B/B95.jpg,B,train
data/raw/asl_alphabet_train/B/B2848.jpg,B,train
data/raw/asl_alphabet_train/B/B2970.jpg,B,train
data/raw/asl_alphabet_train/B/B1836.jpg,B,train
data/raw/asl_alphabet_train/B/B943.jpg,B,train
data/raw/asl_alphabet_train/B/B2028.jpg,B,train
data/raw/asl_alphabet_train/B/B505.jpg,B,train
data/raw/asl_alphabet_train/B/B2301.jpg,B,train
data/raw/asl_alphabet_train/B/B2186.jpg,B,train
data/raw/asl_alphabet_train/B/B1647.jpg,B,train
data/raw/asl_alphabet_train/B/B2806.jpg,B,train
data/raw/asl_alphabet_train/B/B1407.jpg,B,train
data/raw/asl_alphabet_train/B/B2179.jpg,B,train
data/raw/asl_alphabet_train/B/B53.jpg,B,train
data/raw/asl_alphabet_train/B/B1010.jpg,B,train
data/raw/asl_alphabet_train/B/B1951.jpg,B,train
data/raw/asl_alphabet_train/B/B169.jpg,B,train
data/raw/asl_alphabet_train/B/B1599.jpg,B,train
data/raw/asl_alphabet_train/B/B1243.jpg,B,train
data/raw/asl_alphabet_train/B/B2502.jpg,B,train
data/raw/asl_alphabet_train/B/B1575.jpg,B,train
data/raw/asl_alphabet_train/B/B369.jpg,B,train
data/raw/asl_alphabet_train/B/B2123.jpg,B,train
data/raw/asl_alphabet_train/B/B2082.jpg,B,train
data/raw/asl_alphabet_train/B/B43.jpg,B,train
data/raw/asl_alphabet_train/B/B449.jpg,B,train
data/raw/asl_alphabet_train/B/B985.jpg,B,train
data/raw/asl_alphabet_train/B/B2694.jpg,B,train
data/raw/asl_alphabet_train/B/B1231.jpg,B,train
data/raw/asl_alphabet_train/B/B611.jpg,B,train
data/raw/asl_alphabet_train/B/B1998.jpg,B,train
data/raw/asl_alphabet_train/B/B1693.jpg,B,train
data/raw/asl_alphabet_train/B/B749.jpg,B,train
data/raw/asl_alphabet_train/B/B1687.jpg,B,train
data/raw/asl_alphabet_train/B/B600.jpg,B,train
data/raw/asl_alphabet_train/B/B635.jpg,B,train
data/raw/asl_alphabet_train/B/B2160.jpg,B,train
data/raw/asl_alphabet_train/B/B1086.jpg,B,train
data/raw/asl_alphabet_train/B/B220.jpg,B,train
data/raw/asl_alphabet_train/B/B2486.jpg,B,train
data/raw/asl_alphabet_train/B/B2475.jpg,B,train
data/raw/asl_alphabet_train/B/B2493.jpg,B,train
data/raw/asl_alphabet_train/B/B2584.jpg,B,train
data/raw/asl_alphabet_train/B/B1383.jpg,B,train
data/raw/asl_alphabet_train/B/B1524.jpg,B,train
data/raw/asl_alphabet_train/B/B2572.jpg,B,train
data/raw/asl_alphabet_train/B/B2070.jpg,B,train
data/raw/asl_alphabet_train/B/B1531.jpg,B,train
data/raw/asl_alphabet_train/B/B350.jpg,B,train
data/raw/asl_alphabet_train/B/B526.jpg,B,train
data/raw/asl_alphabet_train/B/B1811.jpg,B,train
data/raw/asl_alphabet_train/B/B299.jpg,B,train
data/raw/asl_alphabet_train/B/B2429.jpg,B,train
data/raw/asl_alphabet_train/B/B2894.jpg,B,train
data/raw/asl_alphabet_train/B/B2759.jpg,B,train
data/raw/asl_alphabet_train/B/B618.jpg,B,train
data/raw/asl_alphabet_train/B/B530.jpg,B,train
data/raw/asl_alphabet_train/B/B2488.jpg,B,train
data/raw/asl_alphabet_train/B/B586.jpg,B,train
data/raw/asl_alphabet_train/B/B2379.jpg,B,train
data/raw/asl_alphabet_train/B/B501.jpg,B,train
data/raw/asl_alphabet_train/B/B454.jpg,B,train
data/raw/asl_alphabet_train/B/B1672.jpg,B,train
data/raw/asl_alphabet_train/B/B1202.jpg,B,train
data/raw/asl_alphabet_train/B/B2211.jpg,B,train
data/raw/asl_alphabet_train/B/B226.jpg,B,train
data/raw/asl_alphabet_train/B/B1131.jpg,B,train
data/raw/asl_alphabet_train/B/B467.jpg,B,train
data/raw/asl_alphabet_train/B/B2220.jpg,B,train
data/raw/asl_alphabet_train/B/B1313.jpg,B,train
data/raw/asl_alphabet_train/B/B2684.jpg,B,train
data/raw/asl_alphabet_train/B/B341.jpg,B,train
data/raw/asl_alphabet_train/B/B981.jpg,B,train
data/raw/asl_alphabet_train/B/B1802.jpg,B,train
data/raw/asl_alphabet_train/B/B929.jpg,B,train
data/raw/asl_alphabet_train/B/B200.jpg,B,train
data/raw/asl_alphabet_train/B/B127.jpg,B,train
data/raw/asl_alphabet_train/B/B2665.jpg,B,train
data/raw/asl_alphabet_train/B/B61.jpg,B,train
data/raw/asl_alphabet_train/B/B886.jpg,B,train
data/raw/asl_alphabet_train/B/B795.jpg,B,train
data/raw/asl_alphabet_train/B/B1489.jpg,B,train
data/raw/asl_alphabet_train/B/B1457.jpg,B,train
data/raw/asl_alphabet_train/B/B2636.jpg,B,train
data/raw/asl_alphabet_train/B/B1933.jpg,B,train
data/raw/asl_alphabet_train/B/B1013.jpg,B,train
data/raw/asl_alphabet_train/B/B2420.jpg,B,train
data/raw/asl_alphabet_train/B/B244.jpg,B,train
data/raw/asl_alphabet_train/B/B1690.jpg,B,train
data/raw/asl_alphabet_train/B/B2603.jpg,B,train
data/raw/asl_alphabet_train/B/B1804.jpg,B,train
data/raw/asl_alphabet_train/B/B2659.jpg,B,train
data/raw/asl_alphabet_train/B/B2342.jpg,B,train
data/raw/asl_alphabet_train/B/B331.jpg,B,train
data/raw/asl_alphabet_train/B/B2343.jpg,B,train
data/raw/asl_alphabet_train/B/B75.jpg,B,train
data/raw/asl_alphabet_train/B/B2142.jpg,B,train
data/raw/asl_alphabet_train/B/B714.jpg,B,train
data/raw/asl_alphabet_train/B/B88.jpg,B,train
data/raw/asl_alphabet_train/B/B995.jpg,B,train
data/raw/asl_alphabet_train/B/B743.jpg,B,train
data/raw/asl_alphabet_train/B/B1215.jpg,B,train
data/raw/asl_alphabet_train/B/B1650.jpg,B,train
data/raw/asl_alphabet_train/B/B2985.jpg,B,train
data/raw/asl_alphabet_train/B/B869.jpg,B,train
data/raw/asl_alphabet_train/B/B2169.jpg,B,train
data/raw/asl_alphabet_train/B/B2606.jpg,B,train
data/raw/asl_alphabet_train/B/B2131.jpg,B,train
data/raw/asl_alphabet_train/B/B2577.jpg,B,train
data/raw/asl_alphabet_train/B/B1444.jpg,B,train
data/raw/asl_alphabet_train/B/B334.jpg,B,train
data/raw/asl_alphabet_train/B/B111.jpg,B,train
data/raw/asl_alphabet_train/B/B238.jpg,B,train
data/raw/asl_alphabet_train/B/B2980.jpg,B,train
data/raw/asl_alphabet_train/B/B1633.jpg,B,train
data/raw/asl_alphabet_train/B/B1374.jpg,B,train
data/raw/asl_alphabet_train/B/B275.jpg,B,train
data/raw/asl_alphabet_train/B/B2859.jpg,B,train
data/raw/asl_alphabet_train/B/B335.jpg,B,train
data/raw/asl_alphabet_train/B/B736.jpg,B,train
data/raw/asl_alphabet_train/B/B487.jpg,B,train
data/raw/asl_alphabet_train/B/B1233.jpg,B,train
data/raw/asl_alphabet_train/B/B2341.jpg,B,train
data/raw/asl_alphabet_train/B/B674.jpg,B,train
data/raw/asl_alphabet_train/B/B2447.jpg,B,train
data/raw/asl_alphabet_train/B/B2918.jpg,B,train
data/raw/asl_alphabet_train/B/B410.jpg,B,train
data/raw/asl_alphabet_train/B/B218.jpg,B,train
data/raw/asl_alphabet_train/B/B992.jpg,B,train
data/raw/asl_alphabet_train/B/B2861.jpg,B,train
data/raw/asl_alphabet_train/B/B2504.jpg,B,train
data/raw/asl_alphabet_train/B/B107.jpg,B,train
data/raw/asl_alphabet_train/B/B821.jpg,B,train
data/raw/asl_alphabet_train/B/B2351.jpg,B,train
data/raw/asl_alphabet_train/B/B2913.jpg,B,train
data/raw/asl_alphabet_train/B/B2905.jpg,B,train
data/raw/asl_alphabet_train/B/B767.jpg,B,train
data/raw/asl_alphabet_train/B/B1623.jpg,B,train
data/raw/asl_alphabet_train/B/B455.jpg,B,train
data/raw/asl_alphabet_train/B/B1954.jpg,B,train
data/raw/asl_alphabet_train/B/B2219.jpg,B,train
data/raw/asl_alphabet_train/B/B136.jpg,B,train
data/raw/asl_alphabet_train/B/B2320.jpg,B,train
data/raw/asl_alphabet_train/B/B1966.jpg,B,train
data/raw/asl_alphabet_train/B/B1197.jpg,B,train
data/raw/asl_alphabet_train/B/B2789.jpg,B,train
data/raw/asl_alphabet_train/B/B248.jpg,B,train
data/raw/asl_alphabet_train/B/B2176.jpg,B,train
data/raw/asl_alphabet_train/B/B439.jpg,B,train
data/raw/asl_alphabet_train/B/B431.jpg,B,train
data/raw/asl_alphabet_train/B/B115.jpg,B,train
data/raw/asl_alphabet_train/B/B2151.jpg,B,train
data/raw/asl_alphabet_train/B/B2270.jpg,B,train
data/raw/asl_alphabet_train/B/B1281.jpg,B,train
data/raw/asl_alphabet_train/B/B2355.jpg,B,train
data/raw/asl_alphabet_train/B/B812.jpg,B,train
data/raw/asl_alphabet_train/B/B2758.jpg,B,train
data/raw/asl_alphabet_train/B/B2698.jpg,B,train
data/raw/asl_alphabet_train/B/B317.jpg,B,train
data/raw/asl_alphabet_train/B/B656.jpg,B,train
data/raw/asl_alphabet_train/B/B463.jpg,B,train
data/raw/asl_alphabet_train/B/B2555.jpg,B,train
data/raw/asl_alphabet_train/B/B1218.jpg,B,train
data/raw/asl_alphabet_train/B/B524.jpg,B,train
data/raw/asl_alphabet_train/B/B901.jpg,B,train
data/raw/asl_alphabet_train/B/B545.jpg,B,train
data/raw/asl_alphabet_train/B/B897.jpg,B,train
data/raw/asl_alphabet_train/B/B2069.jpg,B,train
data/raw/asl_alphabet_train/B/B1473.jpg,B,train
data/raw/asl_alphabet_train/B/B310.jpg,B,train
data/raw/asl_alphabet_train/B/B288.jpg,B,train
data/raw/asl_alphabet_train/B/B1163.jpg,B,train
data/raw/asl_alphabet_train/B/B2107.jpg,B,train
data/raw/asl_alphabet_train/B/B1921.jpg,B,train
data/raw/asl_alphabet_train/B/B164.jpg,B,train
data/raw/asl_alphabet_train/B/B2236.jpg,B,train
data/raw/asl_alphabet_train/B/B2335.jpg,B,train
data/raw/asl_alphabet_train/B/B2312.jpg,B,train
data/raw/asl_alphabet_train/B/B1034.jpg,B,train
data/raw/asl_alphabet_train/B/B842.jpg,B,train
data/raw/asl_alphabet_train/B/B1799.jpg,B,train
data/raw/asl_alphabet_train/B/B1691.jpg,B,train
data/raw/asl_alphabet_train/B/B626.jpg,B,train
data/raw/asl_alphabet_train/B/B1292.jpg,B,train
data/raw/asl_alphabet_train/B/B2655.jpg,B,train
data/raw/asl_alphabet_train/B/B537.jpg,B,train
data/raw/asl_alphabet_train/B/B2229.jpg,B,train
data/raw/asl_alphabet_train/B/B1859.jpg,B,train
data/raw/asl_alphabet_train/B/B2973.jpg,B,train
data/raw/asl_alphabet_train/B/B1652.jpg,B,train
data/raw/asl_alphabet_train/B/B2438.jpg,B,train
data/raw/asl_alphabet_train/B/B2278.jpg,B,train
data/raw/asl_alphabet_train/B/B2653.jpg,B,train
data/raw/asl_alphabet_train/B/B671.jpg,B,train
data/raw/asl_alphabet_train/B/B1209.jpg,B,train
data/raw/asl_alphabet_train/B/B1529.jpg,B,train
data/raw/asl_alphabet_train/B/B2300.jpg,B,train
data/raw/asl_alphabet_train/B/B868.jpg,B,train
data/raw/asl_alphabet_train/B/B1815.jpg,B,train
data/raw/asl_alphabet_train/B/B2671.jpg,B,train
data/raw/asl_alphabet_train/B/B416.jpg,B,train
data/raw/asl_alphabet_train/B/B776.jpg,B,train
data/raw/asl_alphabet_train/B/B831.jpg,B,train
data/raw/asl_alphabet_train/B/B2880.jpg,B,train
data/raw/asl_alphabet_train/B/B424.jpg,B,train
data/raw/asl_alphabet_train/B/B827.jpg,B,train
data/raw/asl_alphabet_train/B/B1089.jpg,B,train
data/raw/asl_alphabet_train/B/B830.jpg,B,train
data/raw/asl_alphabet_train/B/B615.jpg,B,train
data/raw/asl_alphabet_train/B/B184.jpg,B,train
data/raw/asl_alphabet_train/B/B2005.jpg,B,train
data/raw/asl_alphabet_train/B/B1480.jpg,B,train
data/raw/asl_alphabet_train/B/B240.jpg,B,train
data/raw/asl_alphabet_train/B/B2726.jpg,B,train
data/raw/asl_alphabet_train/B/B1085.jpg,B,train
data/raw/asl_alphabet_train/B/B2961.jpg,B,train
data/raw/asl_alphabet_train/B/B1622.jpg,B,train
data/raw/asl_alphabet_train/B/B2576.jpg,B,train
data/raw/asl_alphabet_train/B/B1929.jpg,B,train
data/raw/asl_alphabet_train/B/B658.jpg,B,train
data/raw/asl_alphabet_train/B/B910.jpg,B,train
data/raw/asl_alphabet_train/B/B1410.jpg,B,train
data/raw/asl_alphabet_train/B/B2225.jpg,B,train
data/raw/asl_alphabet_train/B/B2751.jpg,B,train
data/raw/asl_alphabet_train/B/B2049.jpg,B,train
data/raw/asl_alphabet_train/B/B1259.jpg,B,train
data/raw/asl_alphabet_train/B/B1465.jpg,B,train
data/raw/asl_alphabet_train/B/B960.jpg,B,train
data/raw/asl_alphabet_train/B/B1591.jpg,B,train
data/raw/asl_alphabet_train/B/B1626.jpg,B,train
data/raw/asl_alphabet_train/B/B597.jpg,B,train
data/raw/asl_alphabet_train/B/B1005.jpg,B,train
data/raw/asl_alphabet_train/B/B1855.jpg,B,train
data/raw/asl_alphabet_train/B/B667.jpg,B,train
data/raw/asl_alphabet_train/B/B1319.jpg,B,train
data/raw/asl_alphabet_train/B/B1953.jpg,B,train
data/raw/asl_alphabet_train/B/B2352.jpg,B,train
data/raw/asl_alphabet_train/B/B1706.jpg,B,train
data/raw/asl_alphabet_train/B/B2663.jpg,B,train
data/raw/asl_alphabet_train/B/B977.jpg,B,train
data/raw/asl_alphabet_train/B/B2731.jpg,B,train
data/raw/asl_alphabet_train/B/B1994.jpg,B,train
data/raw/asl_alphabet_train/B/B1667.jpg,B,train
data/raw/asl_alphabet_train/B/B333.jpg,B,train
data/raw/asl_alphabet_train/B/B718.jpg,B,train
data/raw/asl_alphabet_train/B/B2081.jpg,B,train
data/raw/asl_alphabet_train/B/B604.jpg,B,train
data/raw/asl_alphabet_train/B/B2158.jpg,B,train
data/raw/asl_alphabet_train/B/B2927.jpg,B,train
data/raw/asl_alphabet_train/B/B1656.jpg,B,train
data/raw/asl_alphabet_train/B/B1544.jpg,B,train
data/raw/asl_alphabet_train/B/B2697.jpg,B,train
data/raw/asl_alphabet_train/B/B2863.jpg,B,train
data/raw/asl_alphabet_train/B/B2212.jpg,B,train
data/raw/asl_alphabet_train/B/B2771.jpg,B,train
data/raw/asl_alphabet_train/B/B2519.jpg,B,train
data/raw/asl_alphabet_train/B/B1764.jpg,B,train
data/raw/asl_alphabet_train/B/B2132.jpg,B,train
data/raw/asl_alphabet_train/B/B342.jpg,B,train
data/raw/asl_alphabet_train/B/B1726.jpg,B,train
data/raw/asl_alphabet_train/B/B2587.jpg,B,train
data/raw/asl_alphabet_train/B/B1717.jpg,B,train
data/raw/asl_alphabet_train/B/B221.jpg,B,train
data/raw/asl_alphabet_train/B/B1135.jpg,B,train
data/raw/asl_alphabet_train/B/B344.jpg,B,train
data/raw/asl_alphabet_train/B/B1609.jpg,B,train
data/raw/asl_alphabet_train/B/B1335.jpg,B,train
data/raw/asl_alphabet_train/B/B2262.jpg,B,train
data/raw/asl_alphabet_train/B/B741.jpg,B,train
data/raw/asl_alphabet_train/B/B2036.jpg,B,train
data/raw/asl_alphabet_train/B/B1417.jpg,B,train
data/raw/asl_alphabet_train/B/B1673.jpg,B,train
data/raw/asl_alphabet_train/B/B2134.jpg,B,train
data/raw/asl_alphabet_train/B/B2776.jpg,B,train
data/raw/asl_alphabet_train/B/B770.jpg,B,train
data/raw/asl_alphabet_train/B/B2529.jpg,B,train
data/raw/asl_alphabet_train/B/B1047.jpg,B,train
data/raw/asl_alphabet_train/B/B49.jpg,B,train
data/raw/asl_alphabet_train/B/B2547.jpg,B,train
data/raw/asl_alphabet_train/B/B1615.jpg,B,train
data/raw/asl_alphabet_train/B/B1357.jpg,B,train
data/raw/asl_alphabet_train/B/B1607.jpg,B,train
data/raw/asl_alphabet_train/B/B2640.jpg,B,train
data/raw/asl_alphabet_train/B/B2451.jpg,B,train
data/raw/asl_alphabet_train/B/B2487.jpg,B,train
data/raw/asl_alphabet_train/B/B52.jpg,B,train
data/raw/asl_alphabet_train/B/B983.jpg,B,train
data/raw/asl_alphabet_train/B/B2741.jpg,B,train
data/raw/asl_alphabet_train/B/B2890.jpg,B,train
data/raw/asl_alphabet_train/B/B1502.jpg,B,train
data/raw/asl_alphabet_train/B/B1602.jpg,B,train
data/raw/asl_alphabet_train/B/B571.jpg,B,train
data/raw/asl_alphabet_train/B/B1269.jpg,B,train
data/raw/asl_alphabet_train/B/B774.jpg,B,train
data/raw/asl_alphabet_train/B/B2304.jpg,B,train
data/raw/asl_alphabet_train/B/B2023.jpg,B,train
data/raw/asl_alphabet_train/B/B336.jpg,B,train
data/raw/asl_alphabet_train/B/B2411.jpg,B,train
data/raw/asl_alphabet_train/B/B2780.jpg,B,train
data/raw/asl_alphabet_train/B/B474.jpg,B,train
data/raw/asl_alphabet_train/B/B1071.jpg,B,train
data/raw/asl_alphabet_train/B/B1466.jpg,B,train
data/raw/asl_alphabet_train/B/B276.jpg,B,train
data/raw/asl_alphabet_train/B/B1723.jpg,B,train
data/raw/asl_alphabet_train/B/B96.jpg,B,train
data/raw/asl_alphabet_train/B/B2431.jpg,B,train
data/raw/asl_alphabet_train/B/B1159.jpg,B,train
data/raw/asl_alphabet_train/B/B1653.jpg,B,train
data/raw/asl_alphabet_train/B/B303.jpg,B,train
data/raw/asl_alphabet_train/B/B1392.jpg,B,train
data/raw/asl_alphabet_train/B/B2571.jpg,B,train
data/raw/asl_alphabet_train/B/B1879.jpg,B,train
data/raw/asl_alphabet_train/B/B1886.jpg,B,train
data/raw/asl_alphabet_train/B/B1678.jpg,B,train
data/raw/asl_alphabet_train/B/B304.jpg,B,train
data/raw/asl_alphabet_train/B/B727.jpg,B,train
data/raw/asl_alphabet_train/B/B1965.jpg,B,train
data/raw/asl_alphabet_train/B/B237.jpg,B,train
data/raw/asl_alphabet_train/B/B2602.jpg,B,train
data/raw/asl_alphabet_train/B/B2931.jpg,B,train
data/raw/asl_alphabet_train/B/B271.jpg,B,train
data/raw/asl_alphabet_train/B/B1060.jpg,B,train
data/raw/asl_alphabet_train/B/B151.jpg,B,train
data/raw/asl_alphabet_train/B/B904.jpg,B,train
data/raw/asl_alphabet_train/B/B1045.jpg,B,train
data/raw/asl_alphabet_train/B/B1286.jpg,B,train
data/raw/asl_alphabet_train/B/B1698.jpg,B,train
data/raw/asl_alphabet_train/B/B1956.jpg,B,train
data/raw/asl_alphabet_train/B/B1898.jpg,B,train
data/raw/asl_alphabet_train/B/B1826.jpg,B,train
data/raw/asl_alphabet_train/B/B1800.jpg,B,train
data/raw/asl_alphabet_train/B/B1733.jpg,B,train
data/raw/asl_alphabet_train/B/B1354.jpg,B,train
data/raw/asl_alphabet_train/B/B575.jpg,B,train
data/raw/asl_alphabet_train/B/B2243.jpg,B,train
data/raw/asl_alphabet_train/B/B2434.jpg,B,train
data/raw/asl_alphabet_train/B/B1700.jpg,B,train
data/raw/asl_alphabet_train/B/B1498.jpg,B,train
data/raw/asl_alphabet_train/B/B327.jpg,B,train
data/raw/asl_alphabet_train/B/B2667.jpg,B,train
data/raw/asl_alphabet_train/B/B1865.jpg,B,train
data/raw/asl_alphabet_train/B/B759.jpg,B,val
data/raw/asl_alphabet_train/B/B148.jpg,B,val
data/raw/asl_alphabet_train/B/B837.jpg,B,val
data/raw/asl_alphabet_train/B/B2598.jpg,B,val
data/raw/asl_alphabet_train/B/B853.jpg,B,val
data/raw/asl_alphabet_train/B/B2885.jpg,B,val
data/raw/asl_alphabet_train/B/B1103.jpg,B,val
data/raw/asl_alphabet_train/B/B1523.jpg,B,val
data/raw/asl_alphabet_train/B/B2048.jpg,B,val
data/raw/asl_alphabet_train/B/B785.jpg,B,val
data/raw/asl_alphabet_train/B/B2213.jpg,B,val
data/raw/asl_alphabet_train/B/B1076.jpg,B,val
data/raw/asl_alphabet_train/B/B1760.jpg,B,val
data/raw/asl_alphabet_train/B/B1389.jpg,B,val
data/raw/asl_alphabet_train/B/B2869.jpg,B,val
data/raw/asl_alphabet_train/B/B517.jpg,B,val
data/raw/asl_alphabet_train/B/B2511.jpg,B,val
data/raw/asl_alphabet_train/B/B2033.jpg,B,val
data/raw/asl_alphabet_train/B/B2164.jpg,B,val
data/raw/asl_alphabet_train/B/B122.jpg,B,val
data/raw/asl_alphabet_train/B/B54.jpg,B,val
data/raw/asl_alphabet_train/B/B779.jpg,B,val
data/raw/asl_alphabet_train/B/B2293.jpg,B,val
data/raw/asl_alphabet_train/B/B548.jpg,B,val
data/raw/asl_alphabet_train/B/B1861.jpg,B,val
data/raw/asl_alphabet_train/B/B2260.jpg,B,val
data/raw/asl_alphabet_train/B/B564.jpg,B,val
data/raw/asl_alphabet_train/B/B1848.jpg,B,val
data/raw/asl_alphabet_train/B/B2548.jpg,B,val
data/raw/asl_alphabet_train/B/B1477.jpg,B,val
data/raw/asl_alphabet_train/B/B2938.jpg,B,val
data/raw/asl_alphabet_train/B/B339.jpg,B,val
data/raw/asl_alphabet_train/B/B2765.jpg,B,val
data/raw/asl_alphabet_train/B/B97.jpg,B,val
data/raw/asl_alphabet_train/B/B2495.jpg,B,val
data/raw/asl_alphabet_train/B/B102.jpg,B,val
data/raw/asl_alphabet_train/B/B386.jpg,B,val
data/raw/asl_alphabet_train/B/B2594.jpg,B,val
data/raw/asl_alphabet_train/B/B2481.jpg,B,val
data/raw/asl_alphabet_train/B/B1759.jpg,B,val
data/raw/asl_alphabet_train/B/B844.jpg,B,val
data/raw/asl_alphabet_train/B/B850.jpg,B,val
data/raw/asl_alphabet_train/B/B286.jpg,B,val
data/raw/asl_alphabet_train/B/B2264.jpg,B,val
data/raw/asl_alphabet_train/B/B328.jpg,B,val
data/raw/asl_alphabet_train/B/B1369.jpg,B,val
data/raw/asl_alphabet_train/B/B1118.jpg,B,val
data/raw/asl_alphabet_train/B/B1455.jpg,B,val
data/raw/asl_alphabet_train/B/B1267.jpg,B,val
data/raw/asl_alphabet_train/B/B1054.jpg,B,val
data/raw/asl_alphabet_train/B/B446.jpg,B,val
data/raw/asl_alphabet_train/B/B1352.jpg,B,val
data/raw/asl_alphabet_train/B/B1258.jpg,B,val
data/raw/asl_alphabet_train/B/B1301.jpg,B,val
data/raw/asl_alphabet_train/B/B1914.jpg,B,val
data/raw/asl_alphabet_train/B/B171.jpg,B,val
data/raw/asl_alphabet_train/B/B2374.jpg,B,val
data/raw/asl_alphabet_train/B/B613.jpg,B,val
data/raw/asl_alphabet_train/B/B2566.jpg,B,val
data/raw/asl_alphabet_train/B/B1382.jpg,B,val
data/raw/asl_alphabet_train/B/B2084.jpg,B,val
data/raw/asl_alphabet_train/B/B10.jpg,B,val
data/raw/asl_alphabet_train/B/B1976.jpg,B,val
data/raw/asl_alphabet_train/B/B2550.jpg,B,val
data/raw/asl_alphabet_train/B/B1026.jpg,B,val
data/raw/asl_alphabet_train/B/B1641.jpg,B,val
data/raw/asl_alphabet_train/B/B2360.jpg,B,val
data/raw/asl_alphabet_train/B/B1245.jpg,B,val
data/raw/asl_alphabet_train/B/B1972.jpg,B,val
data/raw/asl_alphabet_train/B/B2874.jpg,B,val
data/raw/asl_alphabet_train/B/B1996.jpg,B,val
data/raw/asl_alphabet_train/B/B1042.jpg,B,val
data/raw/asl_alphabet_train/B/B919.jpg,B,val
data/raw/asl_alphabet_train/B/B2849.jpg,B,val
data/raw/asl_alphabet_train/B/B637.jpg,B,val
data/raw/asl_alphabet_train/B/B2567.jpg,B,val
data/raw/asl_alphabet_train/B/B1621.jpg,B,val
data/raw/asl_alphabet_train/B/B2407.jpg,B,val
data/raw/asl_alphabet_train/B/B2722.jpg,B,val
data/raw/asl_alphabet_train/B/B1604.jpg,B,val
data/raw/asl_alphabet_train/B/B1539.jpg,B,val
data/raw/asl_alphabet_train/B/B754.jpg,B,val
data/raw/asl_alphabet_train/B/B1655.jpg,B,val
data/raw/asl_alphabet_train/B/B2619.jpg,B,val
data/raw/asl_alphabet_train/B/B2903.jpg,B,val
data/raw/asl_alphabet_train/B/B807.jpg,B,val
data/raw/asl_alphabet_train/B/B912.jpg,B,val
data/raw/asl_alphabet_train/B/B1564.jpg,B,val
data/raw/asl_alphabet_train/B/B1578.jpg,B,val
data/raw/asl_alphabet_train/B/B828.jpg,B,val
data/raw/asl_alphabet_train/B/B514.jpg,B,test
data/raw/asl_alphabet_train/B/B744.jpg,B,test
data/raw/asl_alphabet_train/B/B1689.jpg,B,test
data/raw/asl_alphabet_train/B/B1505.jpg,B,test
data/raw/asl_alphabet_train/B/B224.jpg,B,test
data/raw/asl_alphabet_train/B/B470.jpg,B,test
data/raw/asl_alphabet_train/B/B2494.jpg,B,test
data/raw/asl_alphabet_train/B/B1613.jpg,B,test
data/raw/asl_alphabet_train/B/B729.jpg,B,test
data/raw/asl_alphabet_train/B/B415.jpg,B,test
data/raw/asl_alphabet_train/B/B871.jpg,B,test
data/raw/asl_alphabet_train/B/B969.jpg,B,test
data/raw/asl_alphabet_train/B/B2702.jpg,B,test
data/raw/asl_alphabet_train/B/B949.jpg,B,test
data/raw/asl_alphabet_train/B/B57.jpg,B,test
data/raw/asl_alphabet_train/B/B135.jpg,B,test
data/raw/asl_alphabet_train/B/B2856.jpg,B,test
data/raw/asl_alphabet_train/B/B930.jpg,B,test
data/raw/asl_alphabet_train/B/B818.jpg,B,test
data/raw/asl_alphabet_train/B/B47.jpg,B,test
data/raw/asl_alphabet_train/B/B2997.jpg,B,test
data/raw/asl_alphabet_train/B/B2358.jpg,B,test
data/raw/asl_alphabet_train/B/B216.jpg,B,test
data/raw/asl_alphabet_train/B/B1636.jpg,B,test
data/raw/asl_alphabet_train/B/B146.jpg,B,test
data/raw/asl_alphabet_train/B/B923.jpg,B,test
data/raw/asl_alphabet_train/B/B1161.jpg,B,test
data/raw/asl_alphabet_train/B/B361.jpg,B,test
data/raw/asl_alphabet_train/B/B2794.jpg,B,test
data/raw/asl_alphabet_train/B/B476.jpg,B,test
data/raw/asl_alphabet_train/B/B2868.jpg,B,test
data/raw/asl_alphabet_train/B/B1306.jpg,B,test
data/raw/asl_alphabet_train/B/B896.jpg,B,test
data/raw/asl_alphabet_train/B/B1458.jpg,B,test
data/raw/asl_alphabet_train/B/B894.jpg,B,test
data/raw/asl_alphabet_train/B/B1696.jpg,B,test
data/raw/asl_alphabet_train/B/B1434.jpg,B,test
data/raw/asl_alphabet_train/B/B1108.jpg,B,test
data/raw/asl_alphabet_train/B/B563.jpg,B,test
data/raw/asl_alphabet_train/B/B670.jpg,B,test
data/raw/asl_alphabet_train/B/B1824.jpg,B,test
data/raw/asl_alphabet_train/B/B2953.jpg,B,test
data/raw/asl_alphabet_train/B/B632.jpg,B,test
data/raw/asl_alphabet_train/B/B2660.jpg,B,test
data/raw/asl_alphabet_train/B/B1735.jpg,B,test
data/raw/asl_alphabet_train/B/B141.jpg,B,test
data/raw/asl_alphabet_train/B/B418.jpg,B,test
data/raw/asl_alphabet_train/B/B2.jpg,B,test
data/raw/asl_alphabet_train/B/B2311.jpg,B,test
data/raw/asl_alphabet_train/B/B2616.jpg,B,test
data/raw/asl_alphabet_train/B/B880.jpg,B,test
data/raw/asl_alphabet_train/B/B2993.jpg,B,test
data/raw/asl_alphabet_train/B/B914.jpg,B,test
data/raw/asl_alphabet_train/B/B210.jpg,B,test
data/raw/asl_alphabet_train/B/B138.jpg,B,test
data/raw/asl_alphabet_train/B/B1052.jpg,B,test
data/raw/asl_alphabet_train/B/B268.jpg,B,test
data/raw/asl_alphabet_train/B/B412.jpg,B,test
data/raw/asl_alphabet_train/B/B508.jpg,B,test
data/raw/asl_alphabet_train/B/B1170.jpg,B,test
data/raw/asl_alphabet_train/B/B2274.jpg,B,test
data/raw/asl_alphabet_train/B/B2309.jpg,B,test
data/raw/asl_alphabet_train/B/B841.jpg,B,test
data/raw/asl_alphabet_train/B/B2574.jpg,B,test
data/raw/asl_alphabet_train/B/B1669.jpg,B,test
data/raw/asl_alphabet_train/B/B2784.jpg,B,test
data/raw/asl_alphabet_train/B/B752.jpg,B,test
data/raw/asl_alphabet_train/B/B892.jpg,B,test
data/raw/asl_alphabet_train/B/B58.jpg,B,test
data/raw/asl_alphabet_train/B/B1930.jpg,B,test
data/raw/asl_alphabet_train/B/B927.jpg,B,test
data/raw/asl_alphabet_train/B/B808.jpg,B,test
data/raw/asl_alphabet_train/B/B1201.jpg,B,test
data/raw/asl_alphabet_train/B/B558.jpg,B,test
data/raw/asl_alphabet_train/B/B1384.jpg,B,test
data/raw/asl_alphabet_train/B/B722.jpg,B,test
data/raw/asl_alphabet_train/B/B1029.jpg,B,test
data/raw/asl_alphabet_train/B/B692.jpg,B,test
data/raw/asl_alphabet_train/B/B2307.jpg,B,test
data/raw/asl_alphabet_train/B/B1597.jpg,B,test
data/raw/asl_alphabet_train/B/B898.jpg,B,test
data/raw/asl_alphabet_train/B/B2518.jpg,B,test
data/raw/asl_alphabet_train/B/B2865.jpg,B,test
data/raw/asl_alphabet_train/B/B2073.jpg,B,test
data/raw/asl_alphabet_train/B/B998.jpg,B,test
data/raw/asl_alphabet_train/B/B1550.jpg,B,test
data/raw/asl_alphabet_train/B/B2460.jpg,B,test
data/raw/asl_alphabet_train/B/B789.jpg,B,test
data/raw/asl_alphabet_train/B/B2801.jpg,B,test
data/raw/asl_alphabet_train/B/B1765.jpg,B,test
data/raw/asl_alphabet_train/C/C2150.jpg,C,train
data/raw/asl_alphabet_train/C/C2695.jpg,C,train
data/raw/asl_alphabet_train/C/C2735.jpg,C,train
data/raw/asl_alphabet_train/C/C1731.jpg,C,train
data/raw/asl_alphabet_train/C/C742.jpg,C,train
data/raw/asl_alphabet_train/C/C598.jpg,C,train
data/raw/asl_alphabet_train/C/C2333.jpg,C,train
data/raw/asl_alphabet_train/C/C2332.jpg,C,train
data/raw/asl_alphabet_train/C/C1027.jpg,C,train
data/raw/asl_alphabet_train/C/C1820.jpg,C,train
data/raw/asl_alphabet_train/C/C2694.jpg,C,train
data/raw/asl_alphabet_train/C/C1330.jpg,C,train
data/raw/asl_alphabet_train/C/C2897.jpg,C,train
data/raw/asl_alphabet_train/C/C2131.jpg,C,train
data/raw/asl_alphabet_train/C/C1535.jpg,C,train
data/raw/asl_alphabet_train/C/C1093.jpg,C,train
data/raw/asl_alphabet_train/C/C34.jpg,C,train
data/raw/asl_alphabet_train/C/C518.jpg,C,train
data/raw/asl_alphabet_train/C/C1259.jpg,C,train
data/raw/asl_alphabet_train/C/C2535.jpg,C,train
data/raw/asl_alphabet_train/C/C2226.jpg,C,train
data/raw/asl_alphabet_train/C/C1745.jpg,C,train
data/raw/asl_alphabet_train/C/C1502.jpg,C,train
data/raw/asl_alphabet_train/C/C673.jpg,C,train
data/raw/asl_alphabet_train/C/C2931.jpg,C,train
data/raw/asl_alphabet_train/C/C2583.jpg,C,train
data/raw/asl_alphabet_train/C/C2303.jpg,C,train
data/raw/asl_alphabet_train/C/C986.jpg,C,train
data/raw/asl_alphabet_train/C/C76.jpg,C,train
data/raw/asl_alphabet_train/C/C272.jpg,C,train
data/raw/asl_alphabet_train/C/C1243.jpg,C,train
data/raw/asl_alphabet_train/C/C2192.jpg,C,train
data/raw/asl_alphabet_train/C/C946.jpg,C,train
data/raw/asl_alphabet_train/C/C603.jpg,C,train
data/raw/asl_alphabet_train/C/C1184.jpg,C,train
data/raw/asl_alphabet_train/C/C566.jpg,C,train
data/raw/asl_alphabet_train/C/C472.jpg,C,train
data/raw/asl_alphabet_train/C/C1665.jpg,C,train
data/raw/asl_alphabet_train/C/C1641.jpg,C,train
data/raw/asl_alphabet_train/C/C1133.jpg,C,train
data/raw/asl_alphabet_train/C/C1468.jpg,C,train
data/raw/asl_alphabet_train/C/C1898.jpg,C,train
data/raw/asl_alphabet_train/C/C492.jpg,C,train
data/raw/asl_alphabet_train/C/C1199.jpg,C,train
data/raw/asl_alphabet_train/C/C246.jpg,C,train
data/raw/asl_alphabet_train/C/C2559.jpg,C,train
data/raw/asl_alphabet_train/C/C327.jpg,C,train
data/raw/asl_alphabet_train/C/C1239.jpg,C,train
data/raw/asl_alphabet_train/C/C39.jpg,C,train
data/raw/asl_alphabet_train/C/C2032.jpg,C,train
data/raw/asl_alphabet_train/C/C2053.jpg,C,train
data/raw/asl_alphabet_train/C/C1434.jpg,C,train
data/raw/asl_alphabet_train/C/C121.jpg,C,train
data/raw/asl_alphabet_train/C/C2991.jpg,C,train
data/raw/asl_alphabet_train/C/C1834.jpg,C,train
data/raw/asl_alphabet_train/C/C1231.jpg,C,train
data/raw/asl_alphabet_train/C/C273.jpg,C,train
data/raw/asl_alphabet_train/C/C1932.jpg,C,train
data/raw/asl_alphabet_train/C/C668.jpg,C,train
data/raw/asl_alphabet_train/C/C376.jpg,C,train
data/raw/asl_alphabet_train/C/C1733.jpg,C,train
data/raw/asl_alphabet_train/C/C1181.jpg,C,train
data/raw/asl_alphabet_train/C/C1741.jpg,C,train
data/raw/asl_alphabet_train/C/C1161.jpg,C,train
data/raw/asl_alphabet_train/C/C2156.jpg,C,train
data/raw/asl_alphabet_train/C/C2251.jpg,C,train
data/raw/asl_alphabet_train/C/C1725.jpg,C,train
data/raw/asl_alphabet_train/C/C1959.jpg,C,train
data/raw/asl_alphabet_train/C/C2022.jpg,C,train
data/raw/asl_alphabet_train/C/C2491.jpg,C,train
data/raw/asl_alphabet_train/C/C994.jpg,C,train
data/raw/asl_alphabet_train/C/C1255.jpg,C,train
data/raw/asl_alphabet_train/C/C2328.jpg,C,train
data/raw/asl_alphabet_train/C/C1756.jpg,C,train
data/raw/asl_alphabet_train/C/C2.jpg,C,train
data/raw/asl_alphabet_train/C/C410.jpg,C,train
data/raw/asl_alphabet_train/C/C2564.jpg,C,train
data/raw/asl_alphabet_train/C/C674.jpg,C,train
data/raw/asl_alphabet_train/C/C202.jpg,C,train
data/raw/asl_alphabet_train/C/C105.jpg,C,train
data/raw/asl_alphabet_train/C/C2796.jpg,C,train
data/raw/asl_alphabet_train/C/C1969.jpg,C,train
data/raw/asl_alphabet_train/C/C2907.jpg,C,train
data/raw/asl_alphabet_train/C/C582.jpg,C,train
data/raw/asl_alphabet_train/C/C1195.jpg,C,train
data/raw/asl_alphabet_train/C/C2924.jpg,C,train
data/raw/asl_alphabet_train/C/C1613.jpg,C,train
data/raw/asl_alphabet_train/C/C2732.jpg,C,train
data/raw/asl_alphabet_train/C/C1662.jpg,C,train
data/raw/asl_alphabet_train/C/C1998.jpg,C,train
data/raw/asl_alphabet_train/C/C413.jpg,C,train
data/raw/asl_alphabet_train/C/C2600.jpg,C,train
data/raw/asl_alphabet_train/C/C1722.jpg,C,train
data/raw/asl_alphabet_train/C/C2407.jpg,C,train
data/raw/asl_alphabet_train/C/C1526.jpg,C,train
data/raw/asl_alphabet_train/C/C626.jpg,C,train
data/raw/asl_alphabet_train/C/C11.jpg,C,train
data/raw/asl_alphabet_train/C/C241.jpg,C,train
data/raw/asl_alphabet_train/C/C2215.jpg,C,train
data/raw/asl_alphabet_train/C/C2464.jpg,C,train
data/raw/asl_alphabet_train/C/C2754.jpg,C,train
data/raw/asl_alphabet_train/C/C1168.jpg,C,train
data/raw/asl_alphabet_train/C/C1083.jpg,C,train
data/raw/asl_alphabet_train/C/C2154.jpg,C,train
data/raw/asl_alphabet_train/C/C1344.jpg,C,train
data/raw/asl_alphabet_train/C/C718.jpg,C,train
data/raw/asl_alphabet_train/C/C2865.jpg,C,train
data/raw/asl_alphabet_train/C/C2540.jpg,C,train
data/raw/asl_alphabet_train/C/C2929.jpg,C,train
data/raw/asl_alphabet_train/C/C1663.jpg,C,train
data/raw/asl_alphabet_train/C/C1399.jpg,C,train
data/raw/asl_alphabet_train/C/C501.jpg,C,train
data/raw/asl_alphabet_train/C/C59.jpg,C,train
data/raw/asl_alphabet_train/C/C393.jpg,C,train
data/raw/asl_alphabet_train/C/C699.jpg,C,train
data/raw/asl_alphabet_train/C/C1947.jpg,C,train
data/raw/asl_alphabet_train/C/C2526.jpg,C,train
data/raw/asl_alphabet_train/C/C2223.jpg,C,train
data/raw/asl_alphabet_train/C/C184.jpg,C,train
data/raw/asl_alphabet_train/C/C1334.jpg,C,train
data/raw/asl_alphabet_train/C/C1098.jpg,C,train
data/raw/asl_alphabet_train/C/C2264.jpg,C,train
data/raw/asl_alphabet_train/C/C2921.jpg,C,train
data/raw/asl_alphabet_train/C/C2365.jpg,C,train
data/raw/asl_alphabet_train/C/C1313.jpg,C,train
data/raw/asl_alphabet_train/C/C1669.jpg,C,train
data/raw/asl_alphabet_train/C/C2693.jpg,C,train
data/raw/asl_alphabet_train/C/C2802.jpg,C,train
data/raw/asl_alphabet_train/C/C1394.jpg,C,train
data/raw/asl_alphabet_train/C/C1180.jpg,C,train
data/raw/asl_alphabet_train/C/C1994.jpg,C,train
data/raw/asl_alphabet_train/C/C1021.jpg,C,train
data/raw/asl_alphabet_train/C/C1375.jpg,C,train
data/raw/asl_alphabet_train/C/C1628.jpg,C,train
data/raw/asl_alphabet_train/C/C380.jpg,C,train
data/raw/asl_alphabet_train/C/C1709.jpg,C,train
data/raw/asl_alphabet_train/C/C2776.jpg,C,train
data/raw/asl_alphabet_train/C/C585.jpg,C,train
data/raw/asl_alphabet_train/C/C473.jpg,C,train
data/raw/asl_alphabet_train/C/C1712.jpg,C,train
data/raw/asl_alphabet_train/C/C183.jpg,C,train
data/raw/asl_alphabet_train/C/C1654.jpg,C,train
data/raw/asl_alphabet_train/C/C1727.jpg,C,train
data/raw/asl_alphabet_train/C/C1053.jpg,C,train
data/raw/asl_alphabet_train/C/C73.jpg,C,train
data/raw/asl_alphabet_train/C/C81.jpg,C,train
data/raw/asl_alphabet_train/C/C1805.jpg,C,train
data/raw/asl_alphabet_train/C/C1265.jpg,C,train
data/raw/asl_alphabet_train/C/C2514.jpg,C,train
data/raw/asl_alphabet_train/C/C769.jpg,C,train
data/raw/asl_alphabet_train/C/C579.jpg,C,train
data/raw/asl_alphabet_train/C/C2512.jpg,C,train
data/raw/asl_alphabet_train/C/C981.jpg,C,train
data/raw/asl_alphabet_train/C/C1539.jpg,C,train
data/raw/asl_alphabet_train/C/C2274.jpg,C,train
data/raw/asl_alphabet_train/C/C1065.jpg,C,train
data/raw/asl_alphabet_train/C/C320.jpg,C,train
data/raw/asl_alphabet_train/C/C427.jpg,C,train
data/raw/asl_alphabet_train/C/C1435.jpg,C,train
data/raw/asl_alphabet_train/C/C243.jpg,C,train
data/raw/asl_alphabet_train/C/C1264.jpg,C,train
data/raw/asl_alphabet_train/C/C2668.jpg,C,train
data/raw/asl_alphabet_train/C/C1480.jpg,C,train
data/raw/asl_alphabet_train/C/C1920.jpg,C,train
data/raw/asl_alphabet_train/C/C19.jpg,C,train
data/raw/asl_alphabet_train/C/C1301.jpg,C,train
data/raw/asl_alphabet_train/C/C2005.jpg,C,train
data/raw/asl_alphabet_train/C/C1202.jpg,C,train
data/raw/asl_alphabet_train/C/C803.jpg,C,train
data/raw/asl_alphabet_train/C/C1759.jpg,C,train
data/raw/asl_alphabet_train/C/C515.jpg,C,train
data/raw/asl_alphabet_train/C/C285.jpg,C,train
data/raw/asl_alphabet_train/C/C1219.jpg,C,train
data/raw/asl_alphabet_train/C/C2658.jpg,C,train
data/raw/asl_alphabet_train/C/C1095.jpg,C,train
data/raw/asl_alphabet_train/C/C2449.jpg,C,train
data/raw/asl_alphabet_train/C/C696.jpg,C,train
data/raw/asl_alphabet_train/C/C1376.jpg,C,train
data/raw/asl_alphabet_train/C/C1188.jpg,C,train
data/raw/asl_alphabet_train/C/C2400.jpg,C,train
data/raw/asl_alphabet_train/C/C1008.jpg,C,train
data/raw/asl_alphabet_train/C/C958.jpg,C,train
data/raw/asl_alphabet_train/C/C1042.jpg,C,train
data/raw/asl_alphabet_train/C/C1639.jpg,C,train
data/raw/asl_alphabet_train/C/C680.jpg,C,train
data/raw/asl_alphabet_train/C/C2331.jpg,C,train
data/raw/asl_alphabet_train/C/C1776.jpg,C,train
data/raw/asl_alphabet_train/C/C827.jpg,C,train
data/raw/asl_alphabet_train/C/C1757.jpg,C,train
data/raw/asl_alphabet_train/C/C2085.jpg,C,train
data/raw/asl_alphabet_train/C/C1479.jpg,C,train
data/raw/asl_alphabet_train/C/C1193.jpg,C,train
data/raw/asl_alphabet_train/C/C1446.jpg,C,train
data/raw/asl_alphabet_train/C/C894.jpg,C,train
data/raw/asl_alphabet_train/C/C881.jpg,C,train
data/raw/asl_alphabet_train/C/C1536.jpg,C,train
data/raw/asl_alphabet_train/C/C2430.jpg,C,train
data/raw/asl_alphabet_train/C/C1349.jpg,C,train
data/raw/asl_alphabet_train/C/C1362.jpg,C,train
data/raw/asl_alphabet_train/C/C1957.jpg,C,train
data/raw/asl_alphabet_train/C/C2195.jpg,C,train
data/raw/asl_alphabet_train/C/C2294.jpg,C,train
data/raw/asl_alphabet_train/C/C2675.jpg,C,train
data/raw/asl_alphabet_train/C/C1100.jpg,C,train
data/raw/asl_alphabet_train/C/C2792.jpg,C,train
data/raw/asl_alphabet_train/C/C589.jpg,C,train
data/raw/asl_alphabet_train/C/C2321.jpg,C,train
data/raw/asl_alphabet_train/C/C1793.jpg,C,train
data/raw/asl_alphabet_train/C/C1519.jpg,C,train
data/raw/asl_alphabet_train/C/C1067.jpg,C,train
data/raw/asl_alphabet_train/C/C2345.jpg,C,train
data/raw/asl_alphabet_train/C/C542.jpg,C,train
data/raw/asl_alphabet_train/C/C2864.jpg,C,train
data/raw/asl_alphabet_train/C/C1685.jpg,C,train
data/raw/asl_alphabet_train/C/C409.jpg,C,train
data/raw/asl_alphabet_train/C/C2606.jpg,C,train
data/raw/asl_alphabet_train/C/C1457.jpg,C,train
data/raw/asl_alphabet_train/C/C1482.jpg,C,train
data/raw/asl_alphabet_train/C/C2744.jpg,C,train
data/raw/asl_alphabet_train/C/C1341.jpg,C,train
data/raw/asl_alphabet_train/C/C540.jpg,C,train
data/raw/asl_alphabet_train/C/C2462.jpg,C,train
data/raw/asl_alphabet_train/C/C308.jpg,C,train
data/raw/asl_alphabet_train/C/C2078.jpg,C,train
data/raw/asl_alphabet_train/C/C233.jpg,C,train
data/raw/asl_alphabet_train/C/C1456.jpg,C,train
data/raw/asl_alphabet_train/C/C1606.jpg,C,train
data/raw/asl_alphabet_train/C/C470.jpg,C,train
data/raw/asl_alphabet_train/C/C1244.jpg,C,train
data/raw/asl_alphabet_train/C/C2798.jpg,C,train
data/raw/asl_alphabet_train/C/C1734.jpg,C,train
data/raw/asl_alphabet_train/C/C2541.jpg,C,train
data/raw/asl_alphabet_train/C/C2444.jpg,C,train
data/raw/asl_alphabet_train/C/C2426.jpg,C,train
data/raw/asl_alphabet_train/C/C889.jpg,C,train
data/raw/asl_alphabet_train/C/C2700.jpg,C,train
data/raw/asl_alphabet_train/C/C495.jpg,C,train
data/raw/asl_alphabet_train/C/C362.jpg,C,train
data/raw/asl_alphabet_train/C/C1833.jpg,C,train
data/raw/asl_alphabet_train/C/C2362.jpg,C,train
data/raw/asl_alphabet_train/C/C2456.jpg,C,train
data/raw/asl_alphabet_train/C/C1125.jpg,C,train
data/raw/asl_alphabet_train/C/C155.jpg,C,train
data/raw/asl_alphabet_train/C/C2499.jpg,C,train
data/raw/asl_alphabet_train/C/C1249.jpg,C,train
data/raw/asl_alphabet_train/C/C1322.jpg,C,train
data/raw/asl_alphabet_train/C/C88.jpg,C,train
data/raw/asl_alphabet_train/C/C791.jpg,C,train
data/raw/asl_alphabet_train/C/C384.jpg,C,train
data/raw/asl_alphabet_train/C/C1384.jpg,C,train
data/raw/asl_alphabet_train/C/C309.jpg,C,train
data/raw/asl_alphabet_train/C/C616.jpg,C,train
data/raw/asl_alphabet_train/C/C2269.jpg,C,train
data/raw/asl_alphabet_train/C/C977.jpg,C,train
data/raw/asl_alphabet_train/C/C2158.jpg,C,train
data/raw/asl_alphabet_train/C/C679.jpg,C,train
data/raw/asl_alphabet_train/C/C719.jpg,C,train
data/raw/asl_alphabet_train/C/C2198.jpg,C,train
data/raw/asl_alphabet_train/C/C2616.jpg,C,train
data/raw/asl_alphabet_train/C/C1207.jpg,C,train
data/raw/asl_alphabet_train/C/C2565.jpg,C,train
data/raw/asl_alphabet_train/C/C1809.jpg,C,train
data/raw/asl_alphabet_train/C/C2982.jpg,C,train
data/raw/asl_alphabet_train/C/C1807.jpg,C,train
data/raw/asl_alphabet_train/C/C2458.jpg,C,train
data/raw/asl_alphabet_train/C/C1650.jpg,C,train
data/raw/asl_alphabet_train/C/C2137.jpg,C,train
data/raw/asl_alphabet_train/C/C1803.jpg,C,train
data/raw/asl_alphabet_train/C/C2914.jpg,C,train
data/raw/asl_alphabet_train/C/C2506.jpg,C,train
data/raw/asl_alphabet_train/C/C2874.jpg,C,train
data/raw/asl_alphabet_train/C/C1566.jpg,C,train
data/raw/asl_alphabet_train/C/C2068.jpg,C,train
data/raw/asl_alphabet_train/C/C94.jpg,C,train
data/raw/asl_alphabet_train/C/C1552.jpg,C,train
data/raw/asl_alphabet_train/C/C2674.jpg,C,train
data/raw/asl_alphabet_train/C/C1452.jpg,C,train
data/raw/asl_alphabet_train/C/C2187.jpg,C,train
data/raw/asl_alphabet_train/C/C2209.jpg,C,train
data/raw/asl_alphabet_train/C/C1190.jpg,C,train
data/raw/asl_alphabet_train/C/C1557.jpg,C,train
data/raw/asl_alphabet_train/C/C2845.jpg,C,train
data/raw/asl_alphabet_train/C/C2613.jpg,C,train
data/raw/asl_alphabet_train/C/C2714.jpg,C,train
data/raw/asl_alphabet_train/C/C885.jpg,C,train
data/raw/asl_alphabet_train/C/C973.jpg,C,train
data/raw/asl_alphabet_train/C/C1568.jpg,C,train
data/raw/asl_alphabet_train/C/C2122.jpg,C,train
data/raw/asl_alphabet_train/C/C627.jpg,C,train
data/raw/asl_alphabet_train/C/C319.jpg,C,train
data/raw/asl_alphabet_train/C/C561.jpg,C,train
data/raw/asl_alphabet_train/C/C150.jpg,C,train
data/raw/asl_alphabet_train/C/C1621.jpg,C,train
data/raw/asl_alphabet_train/C/C747.jpg,C,train
data/raw/asl_alphabet_train/C/C932.jpg,C,train
data/raw/asl_alphabet_train/C/C926.jpg,C,train
data/raw/asl_alphabet_train/C/C2267.jpg,C,train
data/raw/asl_alphabet_train/C/C658.jpg,C,train
data/raw/asl_alphabet_train/C/C1908.jpg,C,train
data/raw/asl_alphabet_train/C/C2636.jpg,C,train
data/raw/asl_alphabet_train/C/C2900.jpg,C,train
data/raw/asl_alphabet_train/C/C606.jpg,C,train
data/raw/asl_alphabet_train/C/C1099.jpg,C,train
data/raw/asl_alphabet_train/C/C572.jpg,C,train
data/raw/asl_alphabet_train/C/C952.jpg,C,train
data/raw/asl_alphabet_train/C/C755.jpg,C,train
data/raw/asl_alphabet_train/C/C2465.jpg,C,train
data/raw/asl_alphabet_train/C/C1748.jpg,C,train
data/raw/asl_alphabet_train/C/C1760.jpg,C,train
data/raw/asl_alphabet_train/C/C346.jpg,C,train
data/raw/asl_alphabet_train/C/C813.jpg,C,train
data/raw/asl_alphabet_train/C/C1952.jpg,C,train
data/raw/asl_alphabet_train/C/C1608.jpg,C,train
data/raw/asl_alphabet_train/C/C1569.jpg,C,train
data/raw/asl_alphabet_train/C/C2894.jpg,C,train
data/raw/asl_alphabet_train/C/C1852.jpg,C,train
data/raw/asl_alphabet_train/C/C2134.jpg,C,train
data/raw/asl_alphabet_train/C/C102.jpg,C,train
data/raw/asl_alphabet_train/C/C116.jpg,C,train
data/raw/asl_alphabet_train/C/C2751.jpg,C,train
data/raw/asl_alphabet_train/C/C846.jpg,C,train
data/raw/asl_alphabet_train/C/C356.jpg,C,train
data/raw/asl_alphabet_train/C/C423.jpg,C,train
data/raw/asl_alphabet_train/C/C1169.jpg,C,train
data/raw/asl_alphabet_train/C/C2826.jpg,C,train
data/raw/asl_alphabet_train/C/C2121.jpg,C,train
data/raw/asl_alphabet_train/C/C586.jpg,C,train
data/raw/asl_alphabet_train/C/C570.jpg,C,train
data/raw/asl_alphabet_train/C/C2549.jpg,C,train
data/raw/asl_alphabet_train/C/C1368.jpg,C,train
data/raw/asl_alphabet_train/C/C1454.jpg,C,train
data/raw/asl_alphabet_train/C/C1842.jpg,C,train
data/raw/asl_alphabet_train/C/C229.jpg,C,train
data/raw/asl_alphabet_train/C/C400.jpg,C,train
data/raw/asl_alphabet_train/C/C1294.jpg,C,train
data/raw/asl_alphabet_train/C/C2238.jpg,C,train
data/raw/asl_alphabet_train/C/C430.jpg,C,train
data/raw/asl_alphabet_train/C/C1726.jpg,C,train
data/raw/asl_alphabet_train/C/C2557.jpg,C,train
data/raw/asl_alphabet_train/C/C341.jpg,C,train
data/raw/asl_alphabet_train/C/C2782.jpg,C,train
data/raw/asl_alphabet_train/C/C1097.jpg,C,train
data/raw/asl_alphabet_train/C/C86.jpg,C,train
data/raw/asl_alphabet_train/C/C2417.jpg,C,train
data/raw/asl_alphabet_train/C/C2534.jpg,C,train
data/raw/asl_alphabet_train/C/C2000.jpg,C,train
data/raw/asl_alphabet_train/C/C1627.jpg,C,train
data/raw/asl_alphabet_train/C/C2191.jpg,C,train
data/raw/asl_alphabet_train/C/C1813.jpg,C,train
data/raw/asl_alphabet_train/C/C2175.jpg,C,train
data/raw/asl_alphabet_train/C/C328.jpg,C,train
data/raw/asl_alphabet_train/C/C2410.jpg,C,train
data/raw/asl_alphabet_train/C/C295.jpg,C,train
data/raw/asl_alphabet_train/C/C2629.jpg,C,train
data/raw/asl_alphabet_train/C/C1692.jpg,C,train
data/raw/asl_alphabet_train/C/C2206.jpg,C,train
data/raw/asl_alphabet_train/C/C2231.jpg,C,train
data/raw/asl_alphabet_train/C/C637.jpg,C,train
data/raw/asl_alphabet_train/C/C2575.jpg,C,train
data/raw/asl_alphabet_train/C/C2788.jpg,C,train
data/raw/asl_alphabet_train/C/C1559.jpg,C,train
data/raw/asl_alphabet_train/C/C1655.jpg,C,train
data/raw/asl_alphabet_train/C/C2493.jpg,C,train
data/raw/asl_alphabet_train/C/C1572.jpg,C,train
data/raw/asl_alphabet_train/C/C1540.jpg,C,train
data/raw/asl_alphabet_train/C/C1329.jpg,C,train
data/raw/asl_alphabet_train/C/C2770.jpg,C,train
data/raw/asl_alphabet_train/C/C1585.jpg,C,train
data/raw/asl_alphabet_train/C/C1513.jpg,C,train
data/raw/asl_alphabet_train/C/C2143.jpg,C,train
data/raw/asl_alphabet_train/C/C1140.jpg,C,train
data/raw/asl_alphabet_train/C/C1387.jpg,C,train
data/raw/asl_alphabet_train/C/C1996.jpg,C,train
data/raw/asl_alphabet_train/C/C1964.jpg,C,train
data/raw/asl_alphabet_train/C/C1015.jpg,C,train
data/raw/asl_alphabet_train/C/C2403.jpg,C,train
data/raw/asl_alphabet_train/C/C1089.jpg,C,train
data/raw/asl_alphabet_train/C/C855.jpg,C,train
data/raw/asl_alphabet_train/C/C944.jpg,C,train
data/raw/asl_alphabet_train/C/C2692.jpg,C,train
data/raw/asl_alphabet_train/C/C2588.jpg,C,train
data/raw/asl_alphabet_train/C/C1911.jpg,C,train
data/raw/asl_alphabet_train/C/C2544.jpg,C,train
data/raw/asl_alphabet_train/C/C63.jpg,C,train
data/raw/asl_alphabet_train/C/C1461.jpg,C,train
data/raw/asl_alphabet_train/C/C115.jpg,C,train
data/raw/asl_alphabet_train/C/C2441.jpg,C,train
data/raw/asl_alphabet_train/C/C963.jpg,C,train
data/raw/asl_alphabet_train/C/C2168.jpg,C,train
data/raw/asl_alphabet_train/C/C1637.jpg,C,train
data/raw/asl_alphabet_train/C/C2185.jpg,C,train
data/raw/asl_alphabet_train/C/C2902.jpg,C,train
data/raw/asl_alphabet_train/C/C2879.jpg,C,train
data/raw/asl_alphabet_train/C/C1859.jpg,C,train
data/raw/asl_alphabet_train/C/C805.jpg,C,train
data/raw/asl_alphabet_train/C/C163.jpg,C,train
data/raw/asl_alphabet_train/C/C1640.jpg,C,train
data/raw/asl_alphabet_train/C/C383.jpg,C,train
data/raw/asl_alphabet_train/C/C2330.jpg,C,train
data/raw/asl_alphabet_train/C/C2448.jpg,C,train
data/raw/asl_alphabet_train/C/C2875.jpg,C,train
data/raw/asl_alphabet_train/C/C1763.jpg,C,train
data/raw/asl_alphabet_train/C/C1900.jpg,C,train
data/raw/asl_alphabet_train/C/C631.jpg,C,train
data/raw/asl_alphabet_train/C/C651.jpg,C,train
data/raw/asl_alphabet_train/C/C338.jpg,C,train
data/raw/asl_alphabet_train/C/C530.jpg,C,train
data/raw/asl_alphabet_train/C/C2652.jpg,C,train
data/raw/asl_alphabet_train/C/C1661.jpg,C,train
data/raw/asl_alphabet_train/C/C510.jpg,C,train
data/raw/asl_alphabet_train/C/C1622.jpg,C,train
data/raw/asl_alphabet_train/C/C795.jpg,C,train
data/raw/asl_alphabet_train/C/C2232.jpg,C,train
data/raw/asl_alphabet_train/C/C2113.jpg,C,train
data/raw/asl_alphabet_train/C/C267.jpg,C,train
data/raw/asl_alphabet_train/C/C1786.jpg,C,train
data/raw/asl_alphabet_train/C/C2361.jpg,C,train
data/raw/asl_alphabet_train/C/C1751.jpg,C,train
data/raw/asl_alphabet_train/C/C2389.jpg,C,train
data/raw/asl_alphabet_train/C/C1624.jpg,C,train
data/raw/asl_alphabet_train/C/C1894.jpg,C,val
data/raw/asl_alphabet_train/C/C53.jpg,C,val
data/raw/asl_alphabet_train/C/C853.jpg,C,val
data/raw/asl_alphabet_train/C/C1047.jpg,C,val
data/raw/asl_alphabet_train/C/C820.jpg,C,val
data/raw/asl_alphabet_train/C/C203.jpg,C,val
data/raw/asl_alphabet_train/C/C1770.jpg,C,val
data/raw/asl_alphabet_train/C/C1855.jpg,C,val
data/raw/asl_alphabet_train/C/C1364.jpg,C,val
data/raw/asl_alphabet_train/C/C2334.jpg,C,val
data/raw/asl_alphabet_train/C/C2437.jpg,C,val
data/raw/asl_alphabet_train/C/C548.jpg,C,val
data/raw/asl_alphabet_train/C/C554.jpg,C,val
data/raw/asl_alphabet_train/C/C2970.jpg,C,val
data/raw/asl_alphabet_train/C/C1918.jpg,C,val
data/raw/asl_alphabet_train/C/C857.jpg,C,val
data/raw/asl_alphabet_train/C/C2842.jpg,C,val
data/raw/asl_alphabet_train/C/C1447.jpg,C,val
data/raw/asl_alphabet_train/C/C1307.jpg,C,val
data/raw/asl_alphabet_train/C/C1146.jpg,C,val
data/raw/asl_alphabet_train/C/C503.jpg,C,val
data/raw/asl_alphabet_train/C/C231.jpg,C,val
data/raw/asl_alphabet_train/C/C399.jpg,C,val
data/raw/asl_alphabet_train/C/C2296.jpg,C,val
data/raw/asl_alphabet_train/C/C2384.jpg,C,val
data/raw/asl_alphabet_train/C/C939.jpg,C,val
data/raw/asl_alphabet_train/C/C1453.jpg,C,val
data/raw/asl_alphabet_train/C/C2210.jpg,C,val
data/raw/asl_alphabet_train/C/C808.jpg,C,val
data/raw/asl_alphabet_train/C/C2999.jpg,C,val
data/raw/asl_alphabet_train/C/C1425.jpg,C,val
data/raw/asl_alphabet_train/C/C2018.jpg,C,val
data/raw/asl_alphabet_train/C/C2515.jpg,C,val
data/raw/asl_alphabet_train/C/C893.jpg,C,val
data/raw/asl_alphabet_train/C/C2268.jpg,C,val
data/raw/asl_alphabet_train/C/C928.jpg,C,val
data/raw/asl_alphabet_train/C/C2240.jpg,C,val
data/raw/asl_alphabet_train/C/C1804.jpg,C,val
data/raw/asl_alphabet_train/C/C466.jpg,C,val
data/raw/asl_alphabet_train/C/C2114.jpg,C,val
data/raw/asl_alphabet_train/C/C1806.jpg,C,val
data/raw/asl_alphabet_train/C/C664.jpg,C,val
data/raw/asl_alphabet_train/C/C2625.jpg,C,val
data/raw/asl_alphabet_train/C/C955.jpg,C,val
data/raw/asl_alphabet_train/C/C21.jpg,C,val
data/raw/asl_alphabet_train/C/C550.jpg,C,val
data/raw/asl_alphabet_train/C/C1049.jpg,C,val
data/raw/asl_alphabet_train/C/C2877.jpg,C,val
data/raw/asl_alphabet_train/C/C1515.jpg,C,val
data/raw/asl_alphabet_train/C/C2304.jpg,C,val
data/raw/asl_alphabet_train/C/C132.jpg,C,val
data/raw/asl_alphabet_train/C/C2593.jpg,C,val
data/raw/asl_alphabet_train/C/C2008.jpg,C,val
data/raw/asl_alphabet_train/C/C2771.jpg,C,val
data/raw/asl_alphabet_train/C/C2124.jpg,C,val
data/raw/asl_alphabet_train/C/C1674.jpg,C,val
data/raw/asl_alphabet_train/C/C1350.jpg,C,val
data/raw/asl_alphabet_train/C/C1262.jpg,C,val
data/raw/asl_alphabet_train/C/C837.jpg,C,val
data/raw/asl_alphabet_train/C/C2291.jpg,C,val
data/raw/asl_alphabet_train/C/C1217.jpg,C,val
data/raw/asl_alphabet_train/C/C1381.jpg,C,val
data/raw/asl_alphabet_train/C/C90.jpg,C,val
data/raw/asl_alphabet_train/C/C2474.jpg,C,val
data/raw/asl_alphabet_train/C/C117.jpg,C,val
data/raw/asl_alphabet_train/C/C1739.jpg,C,val
data/raw/asl_alphabet_train/C/C1363.jpg,C,val
data/raw/asl_alphabet_train/C/C2975.jpg,C,val
data/raw/asl_alphabet_train/C/C2111.jpg,C,val
data/raw/asl_alphabet_train/C/C2193.jpg,C,val
data/raw/asl_alphabet_train/C/C1091.jpg,C,val
data/raw/asl_alphabet_train/C/C967.jpg,C,val
data/raw/asl_alphabet_train/C/C2532.jpg,C,val
data/raw/asl_alphabet_train/C/C1257.jpg,C,val
data/raw/asl_alphabet_train/C/C1906.jpg,C,val
data/raw/asl_alphabet_train/C/C1036.jpg,C,val
data/raw/asl_alphabet_train/C/C1571.jpg,C,val
data/raw/asl_alphabet_train/C/C2671.jpg,C,val
data/raw/asl_alphabet_train/C/C2689.jpg,C,val
data/raw/asl_alphabet_train/C/C961.jpg,C,val
data/raw/asl_alphabet_train/C/C187.jpg,C,val
data/raw/asl_alphabet_train/C/C990.jpg,C,val
data/raw/asl_alphabet_train/C/C2315.jpg,C,val
data/raw/asl_alphabet_train/C/C477.jpg,C,val
data/raw/asl_alphabet_train/C/C1867.jpg,C,val
data/raw/asl_alphabet_train/C/C2218.jpg,C,val
data/raw/asl_alphabet_train/C/C1164.jpg,C,val
data/raw/asl_alphabet_train/C/C1201.jpg,C,val
data/raw/asl_alphabet_train/C/C2585.jpg,C,val
data/raw/asl_alphabet_train/C/C2317.jpg,C,val
data/raw/asl_alphabet_train/C/C189.jpg,C,test
data/raw/asl_alphabet_train/C/C2180.jpg,C,test
data/raw/asl_alphabet_train/C/C332.jpg,C,test
data/raw/asl_alphabet_train/C/C1101.jpg,C,test
data/raw/asl_alphabet_train/C/C1814.jpg,C,test
data/raw/asl_alphabet_train/C/C1127.jpg,C,test
data/raw/asl_alphabet_train/C/C401.jpg,C,test
data/raw/asl_alphabet_train/C/C1288.jpg,C,test
data/raw/asl_alphabet_train/C/C1318.jpg,C,test
data/raw/asl_alphabet_train/C/C2678.jpg,C,test
data/raw/asl_alphabet_train/C/C1749.jpg,C,test
data/raw/asl_alphabet_train/C/C417.jpg,C,test
data/raw/asl_alphabet_train/C/C1320.jpg,C,test
data/raw/asl_alphabet_train/C/C851.jpg,C,test
data/raw/asl_alphabet_train/C/C1061.jpg,C,test
data/raw/asl_alphabet_train/C/C1835.jpg,C,test
data/raw/asl_alphabet_train/C/C2823.jpg,C,test
data/raw/asl_alphabet_train/C/C1747.jpg,C,test
data/raw/asl_alphabet_train/C/C653.jpg,C,test
data/raw/asl_alphabet_train/C/C2023.jpg,C,test
data/raw/asl_alphabet_train/C/C1132.jpg,C,test
data/raw/asl_alphabet_train/C/C269.jpg,C,test
data/raw/asl_alphabet_train/C/C2383.jpg,C,test
data/raw/asl_alphabet_train/C/C2413.jpg,C,test
data/raw/asl_alphabet_train/C/C2778.jpg,C,test
data/raw/asl_alphabet_train/C/C2117.jpg,C,test
data/raw/asl_alphabet_train/C/C2087.jpg,C,test
data/raw/asl_alphabet_train/C/C1304.jpg,C,test
data/raw/asl_alphabet_train/C/C24.jpg,C,test
data/raw/asl_alphabet_train/C/C2036.jpg,C,test
data/raw/asl_alphabet_train/C/C914.jpg,C,test
data/raw/asl_alphabet_train/C/C1720.jpg,C,test
data/raw/asl_alphabet_train/C/C110.jpg,C,test
data/raw/asl_alphabet_train/C/C765.jpg,C,test
data/raw/asl_alphabet_train/C/C237.jpg,C,test
data/raw/asl_alphabet_train/C/C221.jpg,C,test
data/raw/asl_alphabet_train/C/C2615.jpg,C,test
data/raw/asl_alphabet_train/C/C1296.jpg,C,test
data/raw/asl_alphabet_train/C/C1276.jpg,C,test
data/raw/asl_alphabet_train/C/C737.jpg,C,test
data/raw/asl_alphabet_train/C/C907.jpg,C,test
data/raw/asl_alphabet_train/C/C1977.jpg,C,test
data/raw/asl_alphabet_train/C/C29.jpg,C,test
data/raw/asl_alphabet_train/C/C2153.jpg,C,test
data/raw/asl_alphabet_train/C/C2618.jpg,C,test
data/raw/asl_alphabet_train/C/C1550.jpg,C,test
data/raw/asl_alphabet_train/C/C1466.jpg,C,test
data/raw/asl_alphabet_train/C/C694.jpg,C,test
data/raw/asl_alphabet_train/C/C2501.jpg,C,test
data/raw/asl_alphabet_train/C/C499.jpg,C,test
data/raw/asl_alphabet_train/C/C1112.jpg,C,test
data/raw/asl_alphabet_train/C/C2996.jpg,C,test
data/raw/asl_alphabet_train/C/C2421.jpg,C,test
data/raw/asl_alphabet_train/C/C1862.jpg,C,test
data/raw/asl_alphabet_train/C/C2318.jpg,C,test
data/raw/asl_alphabet_train/C/C2431.jpg,C,test
data/raw/asl_alphabet_train/C/C2327.jpg,C,test
data/raw/asl_alphabet_train/C/C156.jpg,C,test
data/raw/asl_alphabet_train/C/C1189.jpg,C,test
data/raw/asl_alphabet_train/C/C1644.jpg,C,test
data/raw/asl_alphabet_train/C/C1682.jpg,C,test
data/raw/asl_alphabet_train/C/C1493.jpg,C,test
data/raw/asl_alphabet_train/C/C2745.jpg,C,test
data/raw/asl_alphabet_train/C/C1324.jpg,C,test
data/raw/asl_alphabet_train/C/C1373.jpg,C,test
data/raw/asl_alphabet_train/C/C784.jpg,C,test
data/raw/asl_alphabet_train/C/C2275.jpg,C,test
data/raw/asl_alphabet_train/C/C511.jpg,C,test
data/raw/asl_alphabet_train/C/C2285.jpg,C,test
data/raw/asl_alphabet_train/C/C563.jpg,C,test
data/raw/asl_alphabet_train/C/C915.jpg,C,test
data/raw/asl_alphabet_train/C/C2276.jpg,C,test
data/raw/asl_alphabet_train/C/C2614.jpg,C,test
data/raw/asl_alphabet_train/C/C2487.jpg,C,test
data/raw/asl_alphabet_train/C/C36.jpg,C,test
data/raw/asl_alphabet_train/C/C38.jpg,C,test
data/raw/asl_alphabet_train/C/C1602.jpg,C,test
data/raw/asl_alphabet_train/C/C2212.jpg,C,test
data/raw/asl_alphabet_train/C/C1782.jpg,C,test
data/raw/asl_alphabet_train/C/C2630.jpg,C,test
data/raw/asl_alphabet_train/C/C123.jpg,C,test
data/raw/asl_alphabet_train/C/C2795.jpg,C,test
data/raw/asl_alphabet_train/C/C464.jpg,C,test
data/raw/asl_alphabet_train/C/C1668.jpg,C,test
data/raw/asl_alphabet_train/C/C2712.jpg,C,test
data/raw/asl_alphabet_train/C/C2906.jpg,C,test
data/raw/asl_alphabet_train/C/C568.jpg,C,test
data/raw/asl_alphabet_train/C/C168.jpg,C,test
data/raw/asl_alphabet_train/C/C1398.jpg,C,test
data/raw/asl_alphabet_train/C/C728.jpg,C,test
data/raw/asl_alphabet_train/D/D2129.jpg,D,train
data/raw/asl_alphabet_train/D/D1249.jpg,D,train
data/raw/asl_alphabet_train/D/D1886.jpg,D,train
data/raw/asl_alphabet_train/D/D1395.jpg,D,train
data/raw/asl_alphabet_train/D/D725.jpg,D,train
data/raw/asl_alphabet_train/D/D2441.jpg,D,train
data/raw/asl_alphabet_train/D/D402.jpg,D,train
data/raw/asl_alphabet_train/D/D1855.jpg,D,train
data/raw/asl_alphabet_train/D/D1734.jpg,D,train
data/raw/asl_alphabet_train/D/D238.jpg,D,train
data/raw/asl_alphabet_train/D/D2274.jpg,D,train
data/raw/asl_alphabet_train/D/D455.jpg,D,train
data/raw/asl_alphabet_train/D/D2546.jpg,D,train
data/raw/asl_alphabet_train/D/D1619.jpg,D,train
data/raw/asl_alphabet_train/D/D1934.jpg,D,train
data/raw/asl_alphabet_train/D/D753.jpg,D,train
data/raw/asl_alphabet_train/D/D2958.jpg,D,train
data/raw/asl_alphabet_train/D/D2095.jpg,D,train
data/raw/asl_alphabet_train/D/D1820.jpg,D,train
data/raw/asl_alphabet_train/D/D1248.jpg,D,train
data/raw/asl_alphabet_train/D/D2606.jpg,D,train
data/raw/asl_alphabet_train/D/D2773.jpg,D,train
data/raw/asl_alphabet_train/D/D2817.jpg,D,train
data/raw/asl_alphabet_train/D/D1396.jpg,D,train
data/raw/asl_alphabet_train/D/D2741.jpg,D,train
data/raw/asl_alphabet_train/D/D1174.jpg,D,train
data/raw/asl_alphabet_train/D/D363.jpg,D,train
data/raw/asl_alphabet_train/D/D1788.jpg,D,train
data/raw/asl_alphabet_train/D/D797.jpg,D,train
data/raw/asl_alphabet_train/D/D1221.jpg,D,train
data/raw/asl_alphabet_train/D/D1961.jpg,D,train
data/raw/asl_alphabet_train/D/D2643.jpg,D,train
data/raw/asl_alphabet_train/D/D227.jpg,D,train
data/raw/asl_alphabet_train/D/D566.jpg,D,train
data/raw/asl_alphabet_train/D/D917.jpg,D,train
data/raw/asl_alphabet_train/D/D42.jpg,D,train
data/raw/asl_alphabet_train/D/D721.jpg,D,train
data/raw/asl_alphabet_train/D/D801.jpg,D,train
data/raw/asl_alphabet_train/D/D1674.jpg,D,train
data/raw/asl_alphabet_train/D/D2814.jpg,D,train
data/raw/asl_alphabet_train/D/D2794.jpg,D,train
data/raw/asl_alphabet_train/D/D1622.jpg,D,train
data/raw/asl_alphabet_train/D/D465.jpg,D,train
data/raw/asl_alphabet_train/D/D2076.jpg,D,train
data/raw/asl_alphabet_train/D/D585.jpg,D,train
data/raw/asl_alphabet_train/D/D2994.jpg,D,train
data/raw/asl_alphabet_train/D/D1415.jpg,D,train
data/raw/asl_alphabet_train/D/D638.jpg,D,train
data/raw/asl_alphabet_train/D/D1858.jpg,D,train
data/raw/asl_alphabet_train/D/D2221.jpg,D,train
data/raw/asl_alphabet_train/D/D996.jpg,D,train
data/raw/asl_alphabet_train/D/D191.jpg,D,train
data/raw/asl_alphabet_train/D/D2726.jpg,D,train
data/raw/asl_alphabet_train/D/D1959.jpg,D,train
data/raw/asl_alphabet_train/D/D2223.jpg,D,train
data/raw/asl_alphabet_train/D/D1184.jpg,D,train
data/raw/asl_alphabet_train/D/D2631.jpg,D,train
data/raw/asl_alphabet_train/D/D1980.jpg,D,train
data/raw/asl_alphabet_train/D/D338.jpg,D,train
data/raw/asl_alphabet_train/D/D1403.jpg,D,train
data/raw/asl_alphabet_train/D/D1970.jpg,D,train
data/raw/asl_alphabet_train/D/D591.jpg,D,train
data/raw/asl_alphabet_train/D/D1258.jpg,D,train
data/raw/asl_alphabet_train/D/D171.jpg,D,train
data/raw/asl_alphabet_train/D/D1476.jpg,D,train
data/raw/asl_alphabet_train/D/D2189.jpg,D,train
data/raw/asl_alphabet_train/D/D882.jpg,D,train
data/raw/asl_alphabet_train/D/D1207.jpg,D,train
data/raw/asl_alphabet_train/D/D1762.jpg,D,train
data/raw/asl_alphabet_train/D/D2974.jpg,D,train
data/raw/asl_alphabet_train/D/D1503.jpg,D,train
data/raw/asl_alphabet_train/D/D1926.jpg,D,train
data/raw/asl_alphabet_train/D/D766.jpg,D,train
data/raw/asl_alphabet_train/D/D2886.jpg,D,train
data/raw/asl_alphabet_train/D/D2767.jpg,D,train
data/raw/asl_alphabet_train/D/D2766.jpg,D,train
data/raw/asl_alphabet_train/D/D205.jpg,D,train
data/raw/asl_alphabet_train/D/D1431.jpg,D,train
data/raw/asl_alphabet_train/D/D1200.jpg,D,train
data/raw/asl_alphabet_train/D/D836.jpg,D,train
data/raw/asl_alphabet_train/D/D899.jpg,D,train
data/raw/asl_alphabet_train/D/D138.jpg,D,train
data/raw/asl_alphabet_train/D/D2690.jpg,D,train
data/raw/asl_alphabet_train/D/D252.jpg,D,train
data/raw/asl_alphabet_train/D/D2049.jpg,D,train
data/raw/asl_alphabet_train/D/D854.jpg,D,train
data/raw/asl_alphabet_train/D/D1296.jpg,D,train
data/raw/asl_alphabet_train/D/D2250.jpg,D,train
data/raw/asl_alphabet_train/D/D1265.jpg,D,train
data/raw/asl_alphabet_train/D/D605.jpg,D,train
data/raw/asl_alphabet_train/D/D349.jpg,D,train
data/raw/asl_alphabet_train/D/D121.jpg,D,train
data/raw/asl_alphabet_train/D/D2454.jpg,D,train
data/raw/asl_alphabet_train/D/D243.jpg,D,train
data/raw/asl_alphabet_train/D/D2483.jpg,D,train
data/raw/asl_alphabet_train/D/D1355.jpg,D,train
data/raw/asl_alphabet_train/D/D11.jpg,D,train
data/raw/asl_alphabet_train/D/D2740.jpg,D,train
data/raw/asl_alphabet_train/D/D2929.jpg,D,train
data/raw/asl_alphabet_train/D/D1008.jpg,D,train
data/raw/asl_alphabet_train/D/D679.jpg,D,train
data/raw/asl_alphabet_train/D/D1733.jpg,D,train
data/raw/asl_alphabet_train/D/D73.jpg,D,train
data/raw/asl_alphabet_train/D/D80.jpg,D,train
data/raw/asl_alphabet_train/D/D1906.jpg,D,train
data/raw/asl_alphabet_train/D/D1714.jpg,D,train
data/raw/asl_alphabet_train/D/D58.jpg,D,train
data/raw/asl_alphabet_train/D/D731.jpg,D,train
data/raw/asl_alphabet_train/D/D321.jpg,D,train
data/raw/asl_alphabet_train/D/D1883.jpg,D,train
data/raw/asl_alphabet_train/D/D2395.jpg,D,train
data/raw/asl_alphabet_train/D/D2639.jpg,D,train
data/raw/asl_alphabet_train/D/D1994.jpg,D,train
data/raw/asl_alphabet_train/D/D2168.jpg,D,train
data/raw/asl_alphabet_train/D/D1050.jpg,D,train
data/raw/asl_alphabet_train/D/D515.jpg,D,train
data/raw/asl_alphabet_train/D/D2810.jpg,D,train
data/raw/asl_alphabet_train/D/D379.jpg,D,train
data/raw/asl_alphabet_train/D/D553.jpg,D,train
data/raw/asl_alphabet_train/D/D1850.jpg,D,train
data/raw/asl_alphabet_train/D/D556.jpg,D,train
data/raw/asl_alphabet_train/D/D1629.jpg,D,train
data/raw/asl_alphabet_train/D/D2103.jpg,D,train
data/raw/asl_alphabet_train/D/D1549.jpg,D,train
data/raw/asl_alphabet_train/D/D821.jpg,D,train
data/raw/asl_alphabet_train/D/D2007.jpg,D,train
data/raw/asl_alphabet_train/D/D1253.jpg,D,train
data/raw/asl_alphabet_train/D/D1810.jpg,D,train
data/raw/asl_alphabet_train/D/D1887.jpg,D,train
data/raw/asl_alphabet_train/D/D1406.jpg,D,train
data/raw/asl_alphabet_train/D/D1169.jpg,D,train
data/raw/asl_alphabet_train/D/D1539.jpg,D,train
data/raw/asl_alphabet_train/D/D1814.jpg,D,train
data/raw/asl_alphabet_train/D/D1515.jpg,D,train
data/raw/asl_alphabet_train/D/D2665.jpg,D,train
data/raw/asl_alphabet_train/D/D2507.jpg,D,train
data/raw/asl_alphabet_train/D/D773.jpg,D,train
data/raw/asl_alphabet_train/D/D2177.jpg,D,train
data/raw/asl_alphabet_train/D/D832.jpg,D,train
data/raw/asl_alphabet_train/D/D1279.jpg,D,train
data/raw/asl_alphabet_train/D/D2193.jpg,D,train
data/raw/asl_alphabet_train/D/D1137.jpg,D,train
data/raw/asl_alphabet_train/D/D2462.jpg,D,train
data/raw/asl_alphabet_train/D/D2357.jpg,D,train
data/raw/asl_alphabet_train/D/D2910.jpg,D,train
data/raw/asl_alphabet_train/D/D2126.jpg,D,train
data/raw/asl_alphabet_train/D/D1914.jpg,D,train
data/raw/asl_alphabet_train/D/D693.jpg,D,train
data/raw/asl_alphabet_train/D/D1037.jpg,D,train
data/raw/asl_alphabet_train/D/D161.jpg,D,train
data/raw/asl_alphabet_train/D/D2824.jpg,D,train
data/raw/asl_alphabet_train/D/D3000.jpg,D,train
data/raw/asl_alphabet_train/D/D2265.jpg,D,train
data/raw/asl_alphabet_train/D/D508.jpg,D,train
data/raw/asl_alphabet_train/D/D567.jpg,D,train
data/raw/asl_alphabet_train/D/D2382.jpg,D,train
data/raw/asl_alphabet_train/D/D1175.jpg,D,train
data/raw/asl_alphabet_train/D/D969.jpg,D,train
data/raw/asl_alphabet_train/D/D1690.jpg,D,train
data/raw/asl_alphabet_train/D/D1516.jpg,D,train
data/raw/asl_alphabet_train/D/D2166.jpg,D,train
data/raw/asl_alphabet_train/D/D1902.jpg,D,train
data/raw/asl_alphabet_train/D/D1124.jpg,D,train
data/raw/asl_alphabet_train/D/D1677.jpg,D,train
data/raw/asl_alphabet_train/D/D185.jpg,D,train
data/raw/asl_alphabet_train/D/D2136.jpg,D,train
data/raw/asl_alphabet_train/D/D2087.jpg,D,train
data/raw/asl_alphabet_train/D/D2124.jpg,D,train
data/raw/asl_alphabet_train/D/D569.jpg,D,train
data/raw/asl_alphabet_train/D/D1092.jpg,D,train
data/raw/asl_alphabet_train/D/D2068.jpg,D,train
data/raw/asl_alphabet_train/D/D1665.jpg,D,train
data/raw/asl_alphabet_train/D/D2259.jpg,D,train
data/raw/asl_alphabet_train/D/D1334.jpg,D,train
data/raw/asl_alphabet_train/D/D517.jpg,D,train
data/raw/asl_alphabet_train/D/D1663.jpg,D,train
data/raw/asl_alphabet_train/D/D2211.jpg,D,train
data/raw/asl_alphabet_train/D/D1081.jpg,D,train
data/raw/asl_alphabet_train/D/D589.jpg,D,train
data/raw/asl_alphabet_train/D/D1588.jpg,D,train
data/raw/asl_alphabet_train/D/D530.jpg,D,train
data/raw/asl_alphabet_train/D/D343.jpg,D,train
data/raw/asl_alphabet_train/D/D446.jpg,D,train
data/raw/asl_alphabet_train/D/D246.jpg,D,train
data/raw/asl_alphabet_train/D/D1699.jpg,D,train
data/raw/asl_alphabet_train/D/D2172.jpg,D,train
data/raw/asl_alphabet_train/D/D101.jpg,D,train
data/raw/asl_alphabet_train/D/D234.jpg,D,train
data/raw/asl_alphabet_train/D/D907.jpg,D,train
data/raw/asl_alphabet_train/D/D758.jpg,D,train
data/raw/asl_alphabet_train/D/D186.jpg,D,train
data/raw/asl_alphabet_train/D/D1438.jpg,D,train
data/raw/asl_alphabet_train/D/D531.jpg,D,train
data/raw/asl_alphabet_train/D/D2901.jpg,D,train
data/raw/asl_alphabet_train/D/D1696.jpg,D,train
data/raw/asl_alphabet_train/D/D1020.jpg,D,train
data/raw/asl_alphabet_train/D/D1834.jpg,D,train
data/raw/asl_alphabet_train/D/D2036.jpg,D,train
data/raw/asl_alphabet_train/D/D2096.jpg,D,train
data/raw/asl_alphabet_train/D/D2575.jpg,D,train
data/raw/asl_alphabet_train/D/D116.jpg,D,train
data/raw/asl_alphabet_train/D/D668.jpg,D,train
data/raw/asl_alphabet_train/D/D2533.jpg,D,train
data/raw/asl_alphabet_train/D/D536.jpg,D,train
data/raw/asl_alphabet_train/D/D1967.jpg,D,train
data/raw/asl_alphabet_train/D/D20.jpg,D,train
data/raw/asl_alphabet_train/D/D1710.jpg,D,train
data/raw/asl_alphabet_train/D/D397.jpg,D,train
data/raw/asl_alphabet_train/D/D1857.jpg,D,train
data/raw/asl_alphabet_train/D/D132.jpg,D,train
data/raw/asl_alphabet_train/D/D568.jpg,D,train
data/raw/asl_alphabet_train/D/D365.jpg,D,train
data/raw/asl_alphabet_train/D/D2179.jpg,D,train
data/raw/asl_alphabet_train/D/D2119.jpg,D,train
data/raw/asl_alphabet_train/D/D954.jpg,D,train
data/raw/asl_alphabet_train/D/D12.jpg,D,train
data/raw/asl_alphabet_train/D/D1407.jpg,D,train
data/raw/asl_alphabet_train/D/D1944.jpg,D,train
data/raw/asl_alphabet_train/D/D1449.jpg,D,train
data/raw/asl_alphabet_train/D/D1780.jpg,D,train
data/raw/asl_alphabet_train/D/D1439.jpg,D,train
data/raw/asl_alphabet_train/D/D2390.jpg,D,train
data/raw/asl_alphabet_train/D/D399.jpg,D,train
data/raw/asl_alphabet_train/D/D2915.jpg,D,train
data/raw/asl_alphabet_train/D/D100.jpg,D,train
data/raw/asl_alphabet_train/D/D2589.jpg,D,train
data/raw/asl_alphabet_train/D/D1375.jpg,D,train
data/raw/asl_alphabet_train/D/D714.jpg,D,train
data/raw/asl_alphabet_train/D/D891.jpg,D,train
data/raw/asl_alphabet_train/D/D2603.jpg,D,train
data/raw/asl_alphabet_train/D/D2285.jpg,D,train
data/raw/asl_alphabet_train/D/D1997.jpg,D,train
data/raw/asl_alphabet_train/D/D1427.jpg,D,train
data/raw/asl_alphabet_train/D/D2800.jpg,D,train
data/raw/asl_alphabet_train/D/D2689.jpg,D,train
data/raw/asl_alphabet_train/D/D803.jpg,D,train
data/raw/asl_alphabet_train/D/D2924.jpg,D,train
data/raw/asl_alphabet_train/D/D834.jpg,D,train
data/raw/asl_alphabet_train/D/D193.jpg,D,train
data/raw/asl_alphabet_train/D/D2856.jpg,D,train
data/raw/asl_alphabet_train/D/D2499.jpg,D,train
data/raw/asl_alphabet_train/D/D1996.jpg,D,train
data/raw/asl_alphabet_train/D/D1852.jpg,D,train
data/raw/asl_alphabet_train/D/D2400.jpg,D,train
data/raw/asl_alphabet_train/D/D154.jpg,D,train
data/raw/asl_alphabet_train/D/D1110.jpg,D,train
data/raw/asl_alphabet_train/D/D1777.jpg,D,train
data/raw/asl_alphabet_train/D/D2337.jpg,D,train
data/raw/asl_alphabet_train/D/D1139.jpg,D,train
data/raw/asl_alphabet_train/D/D796.jpg,D,train
data/raw/asl_alphabet_train/D/D2641.jpg,D,train
data/raw/asl_alphabet_train/D/D1686.jpg,D,train
data/raw/asl_alphabet_train/D/D1802.jpg,D,train
data/raw/asl_alphabet_train/D/D2736.jpg,D,train
data/raw/asl_alphabet_train/D/D700.jpg,D,train
data/raw/asl_alphabet_train/D/D946.jpg,D,train
data/raw/asl_alphabet_train/D/D1975.jpg,D,train
data/raw/asl_alphabet_train/D/D2936.jpg,D,train
data/raw/asl_alphabet_train/D/D1346.jpg,D,train
data/raw/asl_alphabet_train/D/D1960.jpg,D,train
data/raw/asl_alphabet_train/D/D1538.jpg,D,train
data/raw/asl_alphabet_train/D/D2745.jpg,D,train
data/raw/asl_alphabet_train/D/D196.jpg,D,train
data/raw/asl_alphabet_train/D/D1579.jpg,D,train
data/raw/asl_alphabet_train/D/D586.jpg,D,train
data/raw/asl_alphabet_train/D/D328.jpg,D,train
data/raw/asl_alphabet_train/D/D2231.jpg,D,train
data/raw/asl_alphabet_train/D/D1771.jpg,D,train
data/raw/asl_alphabet_train/D/D2196.jpg,D,train
data/raw/asl_alphabet_train/D/D233.jpg,D,train
data/raw/asl_alphabet_train/D/D599.jpg,D,train
data/raw/asl_alphabet_train/D/D2419.jpg,D,train
data/raw/asl_alphabet_train/D/D641.jpg,D,train
data/raw/asl_alphabet_train/D/D1432.jpg,D,train
data/raw/asl_alphabet_train/D/D1473.jpg,D,train
data/raw/asl_alphabet_train/D/D1912.jpg,D,train
data/raw/asl_alphabet_train/D/D2785.jpg,D,train
data/raw/asl_alphabet_train/D/D1411.jpg,D,train
data/raw/asl_alphabet_train/D/D1011.jpg,D,train
data/raw/asl_alphabet_train/D/D382.jpg,D,train
data/raw/asl_alphabet_train/D/D658.jpg,D,train
data/raw/asl_alphabet_train/D/D1112.jpg,D,train
data/raw/asl_alphabet_train/D/D1725.jpg,D,train
data/raw/asl_alphabet_train/D/D364.jpg,D,train
data/raw/asl_alphabet_train/D/D2793.jpg,D,train
data/raw/asl_alphabet_train/D/D2171.jpg,D,train
data/raw/asl_alphabet_train/D/D2786.jpg,D,train
data/raw/asl_alphabet_train/D/D2105.jpg,D,train
data/raw/asl_alphabet_train/D/D229.jpg,D,train
data/raw/asl_alphabet_train/D/D1738.jpg,D,train
data/raw/asl_alphabet_train/D/D115.jpg,D,train
data/raw/asl_alphabet_train/D/D2116.jpg,D,train
data/raw/asl_alphabet_train/D/D1202.jpg,D,train
data/raw/asl_alphabet_train/D/D1572.jpg,D,train
data/raw/asl_alphabet_train/D/D2044.jpg,D,train
data/raw/asl_alphabet_train/D/D327.jpg,D,train
data/raw/asl_alphabet_train/D/D2207.jpg,D,train
data/raw/asl_alphabet_train/D/D424.jpg,D,train
data/raw/asl_alphabet_train/D/D1781.jpg,D,train
data/raw/asl_alphabet_train/D/D2650.jpg,D,train
data/raw/asl_alphabet_train/D/D2430.jpg,D,train
data/raw/asl_alphabet_train/D/D663.jpg,D,train
data/raw/asl_alphabet_train/D/D806.jpg,D,train
data/raw/asl_alphabet_train/D/D441.jpg,D,train
data/raw/asl_alphabet_train/D/D877.jpg,D,train
data/raw/asl_alphabet_train/D/D2355.jpg,D,train
data/raw/asl_alphabet_train/D/D1853.jpg,D,train
data/raw/asl_alphabet_train/D/D2289.jpg,D,train
data/raw/asl_alphabet_train/D/D140.jpg,D,train
data/raw/asl_alphabet_train/D/D346.jpg,D,train
data/raw/asl_alphabet_train/D/D2374.jpg,D,train
data/raw/asl_alphabet_train/D/D1320.jpg,D,train
data/raw/asl_alphabet_train/D/D2721.jpg,D,train
data/raw/asl_alphabet_train/D/D37.jpg,D,train
data/raw/asl_alphabet_train/D/D888.jpg,D,train
data/raw/asl_alphabet_train/D/D2012.jpg,D,train
data/raw/asl_alphabet_train/D/D2737.jpg,D,train
data/raw/asl_alphabet_train/D/D798.jpg,D,train
data/raw/asl_alphabet_train/D/D2092.jpg,D,train
data/raw/asl_alphabet_train/D/D2819.jpg,D,train
data/raw/asl_alphabet_train/D/D2416.jpg,D,train
data/raw/asl_alphabet_train/D/D1623.jpg,D,train
data/raw/asl_alphabet_train/D/D1301.jpg,D,train
data/raw/asl_alphabet_train/D/D1790.jpg,D,train
data/raw/asl_alphabet_train/D/D2015.jpg,D,train
data/raw/asl_alphabet_train/D/D1854.jpg,D,train
data/raw/asl_alphabet_train/D/D135.jpg,D,train
data/raw/asl_alphabet_train/D/D1273.jpg,D,train
data/raw/asl_alphabet_train/D/D2542.jpg,D,train
data/raw/asl_alphabet_train/D/D956.jpg,D,train
data/raw/asl_alphabet_train/D/D1195.jpg,D,train
data/raw/asl_alphabet_train/D/D1821.jpg,D,train
data/raw/asl_alphabet_train/D/D1151.jpg,D,train
data/raw/asl_alphabet_train/D/D2061.jpg,D,train
data/raw/asl_alphabet_train/D/D724.jpg,D,train
data/raw/asl_alphabet_train/D/D1766.jpg,D,train
data/raw/asl_alphabet_train/D/D1009.jpg,D,train
data/raw/asl_alphabet_train/D/D415.jpg,D,train
data/raw/asl_alphabet_train/D/D2628.jpg,D,train
data/raw/asl_alphabet_train/D/D492.jpg,D,train
data/raw/asl_alphabet_train/D/D1085.jpg,D,train
data/raw/asl_alphabet_train/D/D1419.jpg,D,train
data/raw/asl_alphabet_train/D/D2523.jpg,D,train
data/raw/asl_alphabet_train/D/D683.jpg,D,train
data/raw/asl_alphabet_train/D/D2543.jpg,D,train
data/raw/asl_alphabet_train/D/D315.jpg,D,train
data/raw/asl_alphabet_train/D/D1358.jpg,D,train
data/raw/asl_alphabet_train/D/D1117.jpg,D,train
data/raw/asl_alphabet_train/D/D56.jpg,D,train
data/raw/asl_alphabet_train/D/D2101.jpg,D,train
data/raw/asl_alphabet_train/D/D1390.jpg,D,train
data/raw/asl_alphabet_train/D/D1038.jpg,D,train
data/raw/asl_alphabet_train/D/D653.jpg,D,train
data/raw/asl_alphabet_train/D/D44.jpg,D,train
data/raw/asl_alphabet_train/D/D2194.jpg,D,train
data/raw/asl_alphabet_train/D/D1353.jpg,D,train
data/raw/asl_alphabet_train/D/D2526.jpg,D,train
data/raw/asl_alphabet_train/D/D782.jpg,D,train
data/raw/asl_alphabet_train/D/D691.jpg,D,train
data/raw/asl_alphabet_train/D/D1021.jpg,D,train
data/raw/asl_alphabet_train/D/D53.jpg,D,train
data/raw/asl_alphabet_train/D/D1547.jpg,D,train
data/raw/asl_alphabet_train/D/D1402.jpg,D,train
data/raw/asl_alphabet_train/D/D1988.jpg,D,train
data/raw/asl_alphabet_train/D/D607.jpg,D,train
data/raw/asl_alphabet_train/D/D2831.jpg,D,train
data/raw/asl_alphabet_train/D/D1640.jpg,D,train
data/raw/asl_alphabet_train/D/D2256.jpg,D,train
data/raw/asl_alphabet_train/D/D2532.jpg,D,train
data/raw/asl_alphabet_train/D/D1189.jpg,D,train
data/raw/asl_alphabet_train/D/D2475.jpg,D,train
data/raw/asl_alphabet_train/D/D1689.jpg,D,train
data/raw/asl_alphabet_train/D/D741.jpg,D,train
data/raw/asl_alphabet_train/D/D2735.jpg,D,train
data/raw/asl_alphabet_train/D/D2836.jpg,D,train
data/raw/asl_alphabet_train/D/D2125.jpg,D,train
data/raw/asl_alphabet_train/D/D2461.jpg,D,train
data/raw/asl_alphabet_train/D/D466.jpg,D,train
data/raw/asl_alphabet_train/D/D805.jpg,D,train
data/raw/asl_alphabet_train/D/D2102.jpg,D,train
data/raw/asl_alphabet_train/D/D968.jpg,D,train
data/raw/asl_alphabet_train/D/D368.jpg,D,train
data/raw/asl_alphabet_train/D/D1233.jpg,D,train
data/raw/asl_alphabet_train/D/D984.jpg,D,train
data/raw/asl_alphabet_train/D/D1932.jpg,D,train
data/raw/asl_alphabet_train/D/D2944.jpg,D,train
data/raw/asl_alphabet_train/D/D2088.jpg,D,train
data/raw/asl_alphabet_train/D/D214.jpg,D,train
data/raw/asl_alphabet_train/D/D1976.jpg,D,train
data/raw/asl_alphabet_train/D/D389.jpg,D,train
data/raw/asl_alphabet_train/D/D1879.jpg,D,train
data/raw/asl_alphabet_train/D/D401.jpg,D,train
data/raw/asl_alphabet_train/D/D1359.jpg,D,train
data/raw/asl_alphabet_train/D/D1098.jpg,D,train
data/raw/asl_alphabet_train/D/D1511.jpg,D,train
data/raw/asl_alphabet_train/D/D2147.jpg,D,train
data/raw/asl_alphabet_train/D/D1121.jpg,D,train
data/raw/asl_alphabet_train/D/D2009.jpg,D,train
data/raw/asl_alphabet_train/D/D1819.jpg,D,train
data/raw/asl_alphabet_train/D/D371.jpg,D,train
data/raw/asl_alphabet_train/D/D1596.jpg,D,train
data/raw/asl_alphabet_train/D/D1753.jpg,D,train
data/raw/asl_alphabet_train/D/D458.jpg,D,train
data/raw/asl_alphabet_train/D/D1378.jpg,D,train
data/raw/asl_alphabet_train/D/D491.jpg,D,train
data/raw/asl_alphabet_train/D/D298.jpg,D,train
data/raw/asl_alphabet_train/D/D1079.jpg,D,train
data/raw/asl_alphabet_train/D/D1789.jpg,D,train
data/raw/asl_alphabet_train/D/D2169.jpg,D,train
data/raw/asl_alphabet_train/D/D2640.jpg,D,train
data/raw/asl_alphabet_train/D/D2225.jpg,D,train
data/raw/asl_alphabet_train/D/D2377.jpg,D,train
data/raw/asl_alphabet_train/D/D1715.jpg,D,train
data/raw/asl_alphabet_train/D/D1356.jpg,D,train
data/raw/asl_alphabet_train/D/D2573.jpg,D,train
data/raw/asl_alphabet_train/D/D544.jpg,D,train
data/raw/asl_alphabet_train/D/D1614.jpg,D,train
data/raw/asl_alphabet_train/D/D480.jpg,D,train
data/raw/asl_alphabet_train/D/D2322.jpg,D,train
data/raw/asl_alphabet_train/D/D933.jpg,D,train
data/raw/asl_alphabet_train/D/D2128.jpg,D,val
data/raw/asl_alphabet_train/D/D123.jpg,D,val
data/raw/asl_alphabet_train/D/D2229.jpg,D,val
data/raw/asl_alphabet_train/D/D1148.jpg,D,val
data/raw/asl_alphabet_train/D/D1143.jpg,D,val
data/raw/asl_alphabet_train/D/D201.jpg,D,val
data/raw/asl_alphabet_train/D/D1210.jpg,D,val
data/raw/asl_alphabet_train/D/D1717.jpg,D,val
data/raw/asl_alphabet_train/D/D889.jpg,D,val
data/raw/asl_alphabet_train/D/D1007.jpg,D,val
data/raw/asl_alphabet_train/D/D2747.jpg,D,val
data/raw/asl_alphabet_train/D/D1867.jpg,D,val
data/raw/asl_alphabet_train/D/D763.jpg,D,val
data/raw/asl_alphabet_train/D/D1177.jpg,D,val
data/raw/asl_alphabet_train/D/D2170.jpg,D,val
data/raw/asl_alphabet_train/D/D2976.jpg,D,val
data/raw/asl_alphabet_train/D/D1537.jpg,D,val
data/raw/asl_alphabet_train/D/D1921.jpg,D,val
data/raw/asl_alphabet_train/D/D91.jpg,D,val
data/raw/asl_alphabet_train/D/D518.jpg,D,val
data/raw/asl_alphabet_train/D/D50.jpg,D,val
data/raw/asl_alphabet_train/D/D1078.jpg,D,val
data/raw/asl_alphabet_train/D/D1578.jpg,D,val
data/raw/asl_alphabet_train/D/D775.jpg,D,val
data/raw/asl_alphabet_train/D/D2842.jpg,D,val
data/raw/asl_alphabet_train/D/D1846.jpg,D,val
data/raw/asl_alphabet_train/D/D2402.jpg,D,val
data/raw/asl_alphabet_train/D/D1246.jpg,D,val
data/raw/asl_alphabet_train/D/D1985.jpg,D,val
data/raw/asl_alphabet_train/D/D2539.jpg,D,val
data/raw/asl_alphabet_train/D/D1897.jpg,D,val
data/raw/asl_alphabet_train/D/D2500.jpg,D,val
data/raw/asl_alphabet_train/D/D845.jpg,D,val
data/raw/asl_alphabet_train/D/D437.jpg,D,val
data/raw/asl_alphabet_train/D/D1818.jpg,D,val
data/raw/asl_alphabet_train/D/D685.jpg,D,val
data/raw/asl_alphabet_train/D/D662.jpg,D,val
data/raw/asl_alphabet_train/D/D2717.jpg,D,val
data/raw/asl_alphabet_train/D/D2224.jpg,D,val
data/raw/asl_alphabet_train/D/D742.jpg,D,val
data/raw/asl_alphabet_train/D/D309.jpg,D,val
data/raw/asl_alphabet_train/D/D1266.jpg,D,val
data/raw/asl_alphabet_train/D/D754.jpg,D,val
data/raw/asl_alphabet_train/D/D1504.jpg,D,val
data/raw/asl_alphabet_train/D/D2074.jpg,D,val
data/raw/asl_alphabet_train/D/D1231.jpg,D,val
data/raw/asl_alphabet_train/D/D675.jpg,D,val
data/raw/asl_alphabet_train/D/D351.jpg,D,val
data/raw/asl_alphabet_train/D/D2553.jpg,D,val
data/raw/asl_alphabet_train/D/D62.jpg,D,val
data/raw/asl_alphabet_train/D/D1499.jpg,D,val
data/raw/asl_alphabet_train/D/D2403.jpg,D,val
data/raw/asl_alphabet_train/D/D2908.jpg,D,val
data/raw/asl_alphabet_train/D/D2048.jpg,D,val
data/raw/asl_alphabet_train/D/D2306.jpg,D,val
data/raw/asl_alphabet_train/D/D2682.jpg,D,val
data/raw/asl_alphabet_train/D/D736.jpg,D,val
data/raw/asl_alphabet_train/D/D1219.jpg,D,val
data/raw/asl_alphabet_train/D/D711.jpg,D,val
data/raw/asl_alphabet_train/D/D612.jpg,D,val
data/raw/asl_alphabet_train/D/D707.jpg,D,val
data/raw/asl_alphabet_train/D/D1433.jpg,D,val
data/raw/asl_alphabet_train/D/D769.jpg,D,val
data/raw/asl_alphabet_train/D/D2209.jpg,D,val
data/raw/asl_alphabet_train/D/D47.jpg,D,val
data/raw/asl_alphabet_train/D/D2865.jpg,D,val
data/raw/asl_alphabet_train/D/D880.jpg,D,val
data/raw/asl_alphabet_train/D/D320.jpg,D,val
data/raw/asl_alphabet_train/D/D2397.jpg,D,val
data/raw/asl_alphabet_train/D/D787.jpg,D,val
data/raw/asl_alphabet_train/D/D815.jpg,D,val
data/raw/asl_alphabet_train/D/D2711.jpg,D,val
data/raw/asl_alphabet_train/D/D2487.jpg,D,val
data/raw/asl_alphabet_train/D/D1434.jpg,D,val
data/raw/asl_alphabet_train/D/D1794.jpg,D,val
data/raw/asl_alphabet_train/D/D1682.jpg,D,val
data/raw/asl_alphabet_train/D/D390.jpg,D,val
data/raw/asl_alphabet_train/D/D1342.jpg,D,val
data/raw/asl_alphabet_train/D/D2610.jpg,D,val
data/raw/asl_alphabet_train/D/D2734.jpg,D,val
data/raw/asl_alphabet_train/D/D906.jpg,D,val
data/raw/asl_alphabet_train/D/D2460.jpg,D,val
data/raw/asl_alphabet_train/D/D506.jpg,D,val
data/raw/asl_alphabet_train/D/D1999.jpg,D,val
data/raw/asl_alphabet_train/D/D2006.jpg,D,val
data/raw/asl_alphabet_train/D/D2848.jpg,D,val
data/raw/asl_alphabet_train/D/D1453.jpg,D,val
data/raw/asl_alphabet_train/D/D778.jpg,D,val
data/raw/asl_alphabet_train/D/D1424.jpg,D,val
data/raw/asl_alphabet_train/D/D1583.jpg,D,val
data/raw/asl_alphabet_train/D/D1022.jpg,D,test
data/raw/asl_alphabet_train/D/D890.jpg,D,test
data/raw/asl_alphabet_train/D/D2296.jpg,D,test
data/raw/asl_alphabet_train/D/D23.jpg,D,test
data/raw/asl_alphabet_train/D/D1900.jpg,D,test
data/raw/asl_alphabet_train/D/D632.jpg,D,test
data/raw/asl_alphabet_train/D/D2833.jpg,D,test
data/raw/asl_alphabet_train/D/D330.jpg,D,test
data/raw/asl_alphabet_train/D/D341.jpg,D,test
data/raw/asl_alphabet_train/D/D485.jpg,D,test
data/raw/asl_alphabet_train/D/D463.jpg,D,test
data/raw/asl_alphabet_train/D/D2333.jpg,D,test
data/raw/asl_alphabet_train/D/D1567.jpg,D,test
data/raw/asl_alphabet_train/D/D1005.jpg,D,test
data/raw/asl_alphabet_train/D/D1006.jpg,D,test
data/raw/asl_alphabet_train/D/D1575.jpg,D,test
data/raw/asl_alphabet_train/D/D784.jpg,D,test
data/raw/asl_alphabet_train/D/D2003.jpg,D,test
data/raw/asl_alphabet_train/D/D743.jpg,D,test
data/raw/asl_alphabet_train/D/D2853.jpg,D,test
data/raw/asl_alphabet_train/D/D1096.jpg,D,test
data/raw/asl_alphabet_train/D/D2340.jpg,D,test
data/raw/asl_alphabet_train/D/D2751.jpg,D,test
data/raw/asl_alphabet_train/D/D2047.jpg,D,test
data/raw/asl_alphabet_train/D/D2775.jpg,D,test
data/raw/asl_alphabet_train/D/D574.jpg,D,test
data/raw/asl_alphabet_train/D/D396.jpg,D,test
data/raw/asl_alphabet_train/D/D2686.jpg,D,test
data/raw/asl_alphabet_train/D/D2586.jpg,D,test
data/raw/asl_alphabet_train/D/D1655.jpg,D,test
data/raw/asl_alphabet_train/D/D97.jpg,D,test
data/raw/asl_alphabet_train/D/D1931.jpg,D,test
data/raw/asl_alphabet_train/D/D1196.jpg,D,test
data/raw/asl_alphabet_train/D/D1691.jpg,D,test
data/raw/asl_alphabet_train/D/D1059.jpg,D,test
data/raw/asl_alphabet_train/D/D2788.jpg,D,test
data/raw/asl_alphabet_train/D/D2566.jpg,D,test
data/raw/asl_alphabet_train/D/D528.jpg,D,test
data/raw/asl_alphabet_train/D/D857.jpg,D,test
data/raw/asl_alphabet_train/D/D1213.jpg,D,test
data/raw/asl_alphabet_train/D/D369.jpg,D,test
data/raw/asl_alphabet_train/D/D923.jpg,D,test
data/raw/asl_alphabet_train/D/D1694.jpg,D,test
data/raw/asl_alphabet_train/D/D2365.jpg,D,test
data/raw/asl_alphabet_train/D/D2730.jpg,D,test
data/raw/asl_alphabet_train/D/D431.jpg,D,test
data/raw/asl_alphabet_train/D/D1126.jpg,D,test
data/raw/asl_alphabet_train/D/D257.jpg,D,test
data/raw/asl_alphabet_train/D/D1741.jpg,D,test
data/raw/asl_alphabet_train/D/D565.jpg,D,test
data/raw/asl_alphabet_train/D/D2362.jpg,D,test
data/raw/asl_alphabet_train/D/D120.jpg,D,test
data/raw/asl_alphabet_train/D/D1973.jpg,D,test
data/raw/asl_alphabet_train/D/D1903.jpg,D,test
data/raw/asl_alphabet_train/D/D654.jpg,D,test
data/raw/asl_alphabet_train/D/D2.jpg,D,test
data/raw/asl_alphabet_train/D/D1066.jpg,D,test
data/raw/asl_alphabet_train/D/D1236.jpg,D,test
data/raw/asl_alphabet_train/D/D994.jpg,D,test
data/raw/asl_alphabet_train/D/D2501.jpg,D,test
data/raw/asl_alphabet_train/D/D2883.jpg,D,test
data/raw/asl_alphabet_train/D/D442.jpg,D,test
data/raw/asl_alphabet_train/D/D1783.jpg,D,test
data/raw/asl_alphabet_train/D/D582.jpg,D,test
data/raw/asl_alphabet_train/D/D2352.jpg,D,test
data/raw/asl_alphabet_train/D/D681.jpg,D,test
data/raw/asl_alphabet_train/D/D1034.jpg,D,test
data/raw/asl_alphabet_train/D/D874.jpg,D,test
data/raw/asl_alphabet_train/D/D2531.jpg,D,test
data/raw/asl_alphabet_train/D/D1774.jpg,D,test
data/raw/asl_alphabet_train/D/D1651.jpg,D,test
data/raw/asl_alphabet_train/D/D587.jpg,D,test
data/raw/asl_alphabet_train/D/D1460.jpg,D,test
data/raw/asl_alphabet_train/D/D982.jpg,D,test
data/raw/asl_alphabet_train/D/D764.jpg,D,test
data/raw/asl_alphabet_train/D/D1084.jpg,D,test
data/raw/asl_alphabet_train/D/D2954.jpg,D,test
data/raw/asl_alphabet_train/D/D143.jpg,D,test
data/raw/asl_alphabet_train/D/D1065.jpg,D,test
data/raw/asl_alphabet_train/D/D2247.jpg,D,test
data/raw/asl_alphabet_train/D/D206.jpg,D,test
data/raw/asl_alphabet_train/D/D1179.jpg,D,test
data/raw/asl_alphabet_train/D/D879.jpg,D,test
data/raw/asl_alphabet_train/D/D2434.jpg,D,test
data/raw/asl_alphabet_train/D/D2227.jpg,D,test
data/raw/asl_alphabet_train/D/D812.jpg,D,test
data/raw/asl_alphabet_train/D/D1729.jpg,D,test
data/raw/asl_alphabet_train/D/D2392.jpg,D,test
data/raw/asl_alphabet_train/D/D1681.jpg,D,test
data/raw/asl_alphabet_train/D/D344.jpg,D,test
data/raw/asl_alphabet_train/E/E1858.jpg,E,train
data/raw/asl_alphabet_train/E/E1360.jpg,E,train
data/raw/asl_alphabet_train/E/E341.jpg,E,train
data/raw/asl_alphabet_train/E/E1407.jpg,E,train
data/raw/asl_alphabet_train/E/E885.jpg,E,train
data/raw/asl_alphabet_train/E/E1484.jpg,E,train
data/raw/asl_alphabet_train/E/E1067.jpg,E,train
data/raw/asl_alphabet_train/E/E888.jpg,E,train
data/raw/asl_alphabet_train/E/E2192.jpg,E,train
data/raw/asl_alphabet_train/E/E497.jpg,E,train
data/raw/asl_alphabet_train/E/E663.jpg,E,train
data/raw/asl_alphabet_train/E/E114.jpg,E,train
data/raw/asl_alphabet_train/E/E2609.jpg,E,train
data/raw/asl_alphabet_train/E/E2264.jpg,E,train
data/raw/asl_alphabet_train/E/E435.jpg,E,train
data/raw/asl_alphabet_train/E/E931.jpg,E,train
data/raw/asl_alphabet_train/E/E2196.jpg,E,train
data/raw/asl_alphabet_train/E/E2463.jpg,E,train
data/raw/asl_alphabet_train/E/E935.jpg,E,train
data/raw/asl_alphabet_train/E/E2961.jpg,E,train
data/raw/asl_alphabet_train/E/E41.jpg,E,train
data/raw/asl_alphabet_train/E/E686.jpg,E,train
data/raw/asl_alphabet_train/E/E1012.jpg,E,train
data/raw/asl_alphabet_train/E/E1791.jpg,E,train
data/raw/asl_alphabet_train/E/E2958.jpg,E,train
data/raw/asl_alphabet_train/E/E216.jpg,E,train
data/raw/asl_alphabet_train/E/E142.jpg,E,train
data/raw/asl_alphabet_train/E/E747.jpg,E,train
data/raw/asl_alphabet_train/E/E1757.jpg,E,train
data/raw/asl_alphabet_train/E/E1819.jpg,E,train
data/raw/asl_alphabet_train/E/E136.jpg,E,train
data/raw/asl_alphabet_train/E/E561.jpg,E,train
data/raw/asl_alphabet_train/E/E2423.jpg,E,train
data/raw/asl_alphabet_train/E/E2037.jpg,E,train
data/raw/asl_alphabet_train/E/E153.jpg,E,train
data/raw/asl_alphabet_train/E/E325.jpg,E,train
data/raw/asl_alphabet_train/E/E2740.jpg,E,train
data/raw/asl_alphabet_train/E/E2635.jpg,E,train
data/raw/asl_alphabet_train/E/E2550.jpg,E,train
data/raw/asl_alphabet_train/E/E2931.jpg,E,train
data/raw/asl_alphabet_train/E/E181.jpg,E,train
data/raw/asl_alphabet_train/E/E2544.jpg,E,train
data/raw/asl_alphabet_train/E/E1833.jpg,E,train
data/raw/asl_alphabet_train/E/E2959.jpg,E,train
data/raw/asl_alphabet_train/E/E2233.jpg,E,train
data/raw/asl_alphabet_train/E/E380.jpg,E,train
data/raw/asl_alphabet_train/E/E2420.jpg,E,train
data/raw/asl_alphabet_train/E/E666.jpg,E,train
data/raw/asl_alphabet_train/E/E1746.jpg,E,train
data/raw/asl_alphabet_train/E/E2676.jpg,E,train
data/raw/asl_alphabet_train/E/E892.jpg,E,train
data/raw/asl_alphabet_train/E/E2743.jpg,E,train
data/raw/asl_alphabet_train/E/E860.jpg,E,train
data/raw/asl_alphabet_train/E/E2844.jpg,E,train
data/raw/asl_alphabet_train/E/E2215.jpg,E,train
data/raw/asl_alphabet_train/E/E644.jpg,E,train
data/raw/asl_alphabet_train/E/E1787.jpg,E,train
data/raw/asl_alphabet_train/E/E1650.jpg,E,train
data/raw/asl_alphabet_train/E/E2897.jpg,E,train
data/raw/asl_alphabet_train/E/E633.jpg,E,train
data/raw/asl_alphabet_train/E/E2972.jpg,E,train
data/raw/asl_alphabet_train/E/E2096.jpg,E,train
data/raw/asl_alphabet_train/E/E489.jpg,E,train
data/raw/asl_alphabet_train/E/E1500.jpg,E,train
data/raw/asl_alphabet_train/E/E1062.jpg,E,train
data/raw/asl_alphabet_train/E/E507.jpg,E,train
data/raw/asl_alphabet_train/E/E2901.jpg,E,train
data/raw/asl_alphabet_train/E/E709.jpg,E,train
data/raw/asl_alphabet_train/E/E721.jpg,E,train
data/raw/asl_alphabet_train/E/E2430.jpg,E,train
data/raw/asl_alphabet_train/E/E2724.jpg,E,train
data/raw/asl_alphabet_train/E/E1245.jpg,E,train
data/raw/asl_alphabet_train/E/E426.jpg,E,train
data/raw/asl_alphabet_train/E/E2342.jpg,E,train
data/raw/asl_alphabet_train/E/E1540.jpg,E,train
data/raw/asl_alphabet_train/E/E2269.jpg,E,train
data/raw/asl_alphabet_train/E/E713.jpg,E,train
data/raw/asl_alphabet_train/E/E2826.jpg,E,train
data/raw/asl_alphabet_train/E/E165.jpg,E,train
data/raw/asl_alphabet_train/E/E1679.jpg,E,train
data/raw/asl_alphabet_train/E/E1090.jpg,E,train
data/raw/asl_alphabet_train/E/E357.jpg,E,train
data/raw/asl_alphabet_train/E/E1416.jpg,E,train
data/raw/asl_alphabet_train/E/E248.jpg,E,train
data/raw/asl_alphabet_train/E/E2160.jpg,E,train
data/raw/asl_alphabet_train/E/E915.jpg,E,train
data/raw/asl_alphabet_train/E/E1743.jpg,E,train
data/raw/asl_alphabet_train/E/E690.jpg,E,train
data/raw/asl_alphabet_train/E/E990.jpg,E,train
data/raw/asl_alphabet_train/E/E2762.jpg,E,train
data/raw/asl_alphabet_train/E/E820.jpg,E,train
data/raw/asl_alphabet_train/E/E684.jpg,E,train
data/raw/asl_alphabet_train/E/E2388.jpg,E,train
data/raw/asl_alphabet_train/E/E2518.jpg,E,train
data/raw/asl_alphabet_train/E/E417.jpg,E,train
data/raw/asl_alphabet_train/E/E111.jpg,E,train
data/raw/asl_alphabet_train/E/E2538.jpg,E,train
data/raw/asl_alphabet_train/E/E1974.jpg,E,train
data/raw/asl_alphabet_train/E/E199.jpg,E,train
data/raw/asl_alphabet_train/E/E1670.jpg,E,train
data/raw/asl_alphabet_train/E/E1762.jpg,E,train
data/raw/asl_alphabet_train/E/E1781.jpg,E,train
data/raw/asl_alphabet_train/E/E2751.jpg,E,train
data/raw/asl_alphabet_train/E/E1019.jpg,E,train
data/raw/asl_alphabet_train/E/E1989.jpg,E,train
data/raw/asl_alphabet_train/E/E1634.jpg,E,train
data/raw/asl_alphabet_train/E/E1584.jpg,E,train
data/raw/asl_alphabet_train/E/E1000.jpg,E,train
data/raw/asl_alphabet_train/E/E2696.jpg,E,train
data/raw/asl_alphabet_train/E/E2013.jpg,E,train
data/raw/asl_alphabet_train/E/E1576.jpg,E,train
data/raw/asl_alphabet_train/E/E433.jpg,E,train
data/raw/asl_alphabet_train/E/E1418.jpg,E,train
data/raw/asl_alphabet_train/E/E1287.jpg,E,train
data/raw/asl_alphabet_train/E/E1855.jpg,E,train
data/raw/asl_alphabet_train/E/E2231.jpg,E,train
data/raw/asl_alphabet_train/E/E914.jpg,E,train
data/raw/asl_alphabet_train/E/E1329.jpg,E,train
data/raw/asl_alphabet_train/E/E2546.jpg,E,train
data/raw/asl_alphabet_train/E/E2630.jpg,E,train
data/raw/asl_alphabet_train/E/E2143.jpg,E,train
data/raw/asl_alphabet_train/E/E1510.jpg,E,train
data/raw/asl_alphabet_train/E/E505.jpg,E,train
data/raw/asl_alphabet_train/E/E2840.jpg,E,train
data/raw/asl_alphabet_train/E/E758.jpg,E,train
data/raw/asl_alphabet_train/E/E2554.jpg,E,train
data/raw/asl_alphabet_train/E/E1925.jpg,E,train
data/raw/asl_alphabet_train/E/E1052.jpg,E,train
data/raw/asl_alphabet_train/E/E1294.jpg,E,train
data/raw/asl_alphabet_train/E/E691.jpg,E,train
data/raw/asl_alphabet_train/E/E967.jpg,E,train
data/raw/asl_alphabet_train/E/E2397.jpg,E,train
data/raw/asl_alphabet_train/E/E394.jpg,E,train
data/raw/asl_alphabet_train/E/E2433.jpg,E,train
data/raw/asl_alphabet_train/E/E513.jpg,E,train
data/raw/asl_alphabet_train/E/E1209.jpg,E,train
data/raw/asl_alphabet_train/E/E2791.jpg,E,train
data/raw/asl_alphabet_train/E/E1608.jpg,E,train
data/raw/asl_alphabet_train/E/E1667.jpg,E,train
data/raw/asl_alphabet_train/E/E2631.jpg,E,train
data/raw/asl_alphabet_train/E/E1315.jpg,E,train
data/raw/asl_alphabet_train/E/E2038.jpg,E,train
data/raw/asl_alphabet_train/E/E1148.jpg,E,train
data/raw/asl_alphabet_train/E/E2436.jpg,E,train
data/raw/asl_alphabet_train/E/E2809.jpg,E,train
data/raw/asl_alphabet_train/E/E1733.jpg,E,train
data/raw/asl_alphabet_train/E/E2353.jpg,E,train
data/raw/asl_alphabet_train/E/E1317.jpg,E,train
data/raw/asl_alphabet_train/E/E1050.jpg,E,train
data/raw/asl_alphabet_train/E/E1704.jpg,E,train
data/raw/asl_alphabet_train/E/E538.jpg,E,train
data/raw/asl_alphabet_train/E/E2772.jpg,E,train
data/raw/asl_alphabet_train/E/E1295.jpg,E,train
data/raw/asl_alphabet_train/E/E781.jpg,E,train
data/raw/asl_alphabet_train/E/E2798.jpg,E,train
data/raw/asl_alphabet_train/E/E330.jpg,E,train
data/raw/asl_alphabet_train/E/E2066.jpg,E,train
data/raw/asl_alphabet_train/E/E436.jpg,E,train
data/raw/asl_alphabet_train/E/E478.jpg,E,train
data/raw/asl_alphabet_train/E/E1641.jpg,E,train
data/raw/asl_alphabet_train/E/E1905.jpg,E,train
data/raw/asl_alphabet_train/E/E2465.jpg,E,train
data/raw/asl_alphabet_train/E/E2602.jpg,E,train
data/raw/asl_alphabet_train/E/E2483.jpg,E,train
data/raw/asl_alphabet_train/E/E2079.jpg,E,train
data/raw/asl_alphabet_train/E/E708.jpg,E,train
data/raw/asl_alphabet_train/E/E682.jpg,E,train
data/raw/asl_alphabet_train/E/E1944.jpg,E,train
data/raw/asl_alphabet_train/E/E1095.jpg,E,train
data/raw/asl_alphabet_train/E/E382.jpg,E,train
data/raw/asl_alphabet_train/E/E911.jpg,E,train
data/raw/asl_alphabet_train/E/E2872.jpg,E,train
data/raw/asl_alphabet_train/E/E2684.jpg,E,train
data/raw/asl_alphabet_train/E/E1135.jpg,E,train
data/raw/asl_alphabet_train/E/E2404.jpg,E,train
data/raw/asl_alphabet_train/E/E1243.jpg,E,train
data/raw/asl_alphabet_train/E/E673.jpg,E,train
data/raw/asl_alphabet_train/E/E2532.jpg,E,train
data/raw/asl_alphabet_train/E/E2061.jpg,E,train
data/raw/asl_alphabet_train/E/E912.jpg,E,train
data/raw/asl_alphabet_train/E/E792.jpg,E,train
data/raw/asl_alphabet_train/E/E1109.jpg,E,train
data/raw/asl_alphabet_train/E/E198.jpg,E,train
data/raw/asl_alphabet_train/E/E159.jpg,E,train
data/raw/asl_alphabet_train/E/E1252.jpg,E,train
data/raw/asl_alphabet_train/E/E2127.jpg,E,train
data/raw/asl_alphabet_train/E/E1763.jpg,E,train
data/raw/asl_alphabet_train/E/E2669.jpg,E,train
data/raw/asl_alphabet_train/E/E1995.jpg,E,train
data/raw/asl_alphabet_train/E/E163.jpg,E,train
data/raw/asl_alphabet_train/E/E1271.jpg,E,train
data/raw/asl_alphabet_train/E/E1341.jpg,E,train
data/raw/asl_alphabet_train/E/E2836.jpg,E,train
data/raw/asl_alphabet_train/E/E238.jpg,E,train
data/raw/asl_alphabet_train/E/E1783.jpg,E,train
data/raw/asl_alphabet_train/E/E1914.jpg,E,train
data/raw/asl_alphabet_train/E/E1774.jpg,E,train
data/raw/asl_alphabet_train/E/E224.jpg,E,train
data/raw/asl_alphabet_train/E/E1826.jpg,E,train
data/raw/asl_alphabet_train/E/E1372.jpg,E,train
data/raw/asl_alphabet_train/E/E2150.jpg,E,train
data/raw/asl_alphabet_train/E/E443.jpg,E,train
data/raw/asl_alphabet_train/E/E1025.jpg,E,train
data/raw/asl_alphabet_train/E/E1963.jpg,E,train
data/raw/asl_alphabet_train/E/E1713.jpg,E,train
data/raw/asl_alphabet_train/E/E2010.jpg,E,train
data/raw/asl_alphabet_train/E/E464.jpg,E,train
data/raw/asl_alphabet_train/E/E1415.jpg,E,train
data/raw/asl_alphabet_train/E/E1636.jpg,E,train
data/raw/asl_alphabet_train/E/E2410.jpg,E,train
data/raw/asl_alphabet_train/E/E1984.jpg,E,train
data/raw/asl_alphabet_train/E/E403.jpg,E,train
data/raw/asl_alphabet_train/E/E564.jpg,E,train
data/raw/asl_alphabet_train/E/E2624.jpg,E,train
data/raw/asl_alphabet_train/E/E2232.jpg,E,train
data/raw/asl_alphabet_train/E/E671.jpg,E,train
data/raw/asl_alphabet_train/E/E2067.jpg,E,train
data/raw/asl_alphabet_train/E/E937.jpg,E,train
data/raw/asl_alphabet_train/E/E2980.jpg,E,train
data/raw/asl_alphabet_train/E/E46.jpg,E,train
data/raw/asl_alphabet_train/E/E641.jpg,E,train
data/raw/asl_alphabet_train/E/E2207.jpg,E,train
data/raw/asl_alphabet_train/E/E2122.jpg,E,train
data/raw/asl_alphabet_train/E/E1378.jpg,E,train
data/raw/asl_alphabet_train/E/E2660.jpg,E,train
data/raw/asl_alphabet_train/E/E2738.jpg,E,train
data/raw/asl_alphabet_train/E/E959.jpg,E,train
data/raw/asl_alphabet_train/E/E1199.jpg,E,train
data/raw/asl_alphabet_train/E/E516.jpg,E,train
data/raw/asl_alphabet_train/E/E2432.jpg,E,train
data/raw/asl_alphabet_train/E/E1656.jpg,E,train
data/raw/asl_alphabet_train/E/E419.jpg,E,train
data/raw/asl_alphabet_train/E/E2860.jpg,E,train
data/raw/asl_alphabet_train/E/E190.jpg,E,train
data/raw/asl_alphabet_train/E/E2116.jpg,E,train
data/raw/asl_alphabet_train/E/E2482.jpg,E,train
data/raw/asl_alphabet_train/E/E1749.jpg,E,train
data/raw/asl_alphabet_train/E/E1222.jpg,E,train
data/raw/asl_alphabet_train/E/E35.jpg,E,train
data/raw/asl_alphabet_train/E/E1618.jpg,E,train
data/raw/asl_alphabet_train/E/E947.jpg,E,train
data/raw/asl_alphabet_train/E/E552.jpg,E,train
data/raw/asl_alphabet_train/E/E2019.jpg,E,train
data/raw/asl_alphabet_train/E/E1603.jpg,E,train
data/raw/asl_alphabet_train/E/E27.jpg,E,train
data/raw/asl_alphabet_train/E/E355.jpg,E,train
data/raw/asl_alphabet_train/E/E1328.jpg,E,train
data/raw/asl_alphabet_train/E/E1140.jpg,E,train
data/raw/asl_alphabet_train/E/E1471.jpg,E,train
data/raw/asl_alphabet_train/E/E2629.jpg,E,train
data/raw/asl_alphabet_train/E/E1434.jpg,E,train
data/raw/asl_alphabet_train/E/E1575.jpg,E,train
data/raw/asl_alphabet_train/E/E279.jpg,E,train
data/raw/asl_alphabet_train/E/E2599.jpg,E,train
data/raw/asl_alphabet_train/E/E2708.jpg,E,train
data/raw/asl_alphabet_train/E/E954.jpg,E,train
data/raw/asl_alphabet_train/E/E1628.jpg,E,train
data/raw/asl_alphabet_train/E/E670.jpg,E,train
data/raw/asl_alphabet_train/E/E2879.jpg,E,train
data/raw/asl_alphabet_train/E/E2803.jpg,E,train
data/raw/asl_alphabet_train/E/E1959.jpg,E,train
data/raw/asl_alphabet_train/E/E810.jpg,E,train
data/raw/asl_alphabet_train/E/E1845.jpg,E,train
data/raw/asl_alphabet_train/E/E983.jpg,E,train
data/raw/asl_alphabet_train/E/E2613.jpg,E,train
data/raw/asl_alphabet_train/E/E2821.jpg,E,train
data/raw/asl_alphabet_train/E/E2789.jpg,E,train
data/raw/asl_alphabet_train/E/E1619.jpg,E,train
data/raw/asl_alphabet_train/E/E576.jpg,E,train
data/raw/asl_alphabet_train/E/E1212.jpg,E,train
data/raw/asl_alphabet_train/E/E397.jpg,E,train
data/raw/asl_alphabet_train/E/E1099.jpg,E,train
data/raw/asl_alphabet_train/E/E2418.jpg,E,train
data/raw/asl_alphabet_train/E/E1027.jpg,E,train
data/raw/asl_alphabet_train/E/E470.jpg,E,train
data/raw/asl_alphabet_train/E/E32.jpg,E,train
data/raw/asl_alphabet_train/E/E1054.jpg,E,train
data/raw/asl_alphabet_train/E/E2412.jpg,E,train
data/raw/asl_alphabet_train/E/E2252.jpg,E,train
data/raw/asl_alphabet_train/E/E250.jpg,E,train
data/raw/asl_alphabet_train/E/E455.jpg,E,train
data/raw/asl_alphabet_train/E/E2351.jpg,E,train
data/raw/asl_alphabet_train/E/E2970.jpg,E,train
data/raw/asl_alphabet_train/E/E1186.jpg,E,train
data/raw/asl_alphabet_train/E/E195.jpg,E,train
data/raw/asl_alphabet_train/E/E2255.jpg,E,train
data/raw/asl_alphabet_train/E/E2453.jpg,E,train
data/raw/asl_alphabet_train/E/E1873.jpg,E,train
data/raw/asl_alphabet_train/E/E2135.jpg,E,train
data/raw/asl_alphabet_train/E/E645.jpg,E,train
data/raw/asl_alphabet_train/E/E2999.jpg,E,train
data/raw/asl_alphabet_train/E/E2997.jpg,E,train
data/raw/asl_alphabet_train/E/E2064.jpg,E,train
data/raw/asl_alphabet_train/E/E2858.jpg,E,train
data/raw/asl_alphabet_train/E/E834.jpg,E,train
data/raw/asl_alphabet_train/E/E726.jpg,E,train
data/raw/asl_alphabet_train/E/E2967.jpg,E,train
data/raw/asl_alphabet_train/E/E2646.jpg,E,train
data/raw/asl_alphabet_train/E/E440.jpg,E,train
data/raw/asl_alphabet_train/E/E2527.jpg,E,train
data/raw/asl_alphabet_train/E/E285.jpg,E,train
data/raw/asl_alphabet_train/E/E2969.jpg,E,train
data/raw/asl_alphabet_train/E/E1965.jpg,E,train
data/raw/asl_alphabet_train/E/E897.jpg,E,train
data/raw/asl_alphabet_train/E/E2540.jpg,E,train
data/raw/asl_alphabet_train/E/E996.jpg,E,train
data/raw/asl_alphabet_train/E/E1807.jpg,E,train
data/raw/asl_alphabet_train/E/E1275.jpg,E,train
data/raw/asl_alphabet_train/E/E82.jpg,E,train
data/raw/asl_alphabet_train/E/E173.jpg,E,train
data/raw/asl_alphabet_train/E/E1820.jpg,E,train
data/raw/asl_alphabet_train/E/E1074.jpg,E,train
data/raw/asl_alphabet_train/E/E2834.jpg,E,train
data/raw/asl_alphabet_train/E/E1993.jpg,E,train
data/raw/asl_alphabet_train/E/E2952.jpg,E,train
data/raw/asl_alphabet_train/E/E2584.jpg,E,train
data/raw/asl_alphabet_train/E/E946.jpg,E,train
data/raw/asl_alphabet_train/E/E980.jpg,E,train
data/raw/asl_alphabet_train/E/E574.jpg,E,train
data/raw/asl_alphabet_train/E/E60.jpg,E,train
data/raw/asl_alphabet_train/E/E1443.jpg,E,train
data/raw/asl_alphabet_train/E/E1436.jpg,E,train
data/raw/asl_alphabet_train/E/E2918.jpg,E,train
data/raw/asl_alphabet_train/E/E2360.jpg,E,train
data/raw/asl_alphabet_train/E/E1768.jpg,E,train
data/raw/asl_alphabet_train/E/E1755.jpg,E,train
data/raw/asl_alphabet_train/E/E2621.jpg,E,train
data/raw/asl_alphabet_train/E/E2659.jpg,E,train
data/raw/asl_alphabet_train/E/E31.jpg,E,train
data/raw/asl_alphabet_train/E/E1191.jpg,E,train
data/raw/asl_alphabet_train/E/E962.jpg,E,train
data/raw/asl_alphabet_train/E/E511.jpg,E,train
data/raw/asl_alphabet_train/E/E2727.jpg,E,train
data/raw/asl_alphabet_train/E/E2513.jpg,E,train
data/raw/asl_alphabet_train/E/E1003.jpg,E,train
data/raw/asl_alphabet_train/E/E18.jpg,E,train
data/raw/asl_alphabet_train/E/E2244.jpg,E,train
data/raw/asl_alphabet_train/E/E653.jpg,E,train
data/raw/asl_alphabet_train/E/E298.jpg,E,train
data/raw/asl_alphabet_train/E/E720.jpg,E,train
data/raw/asl_alphabet_train/E/E2378.jpg,E,train
data/raw/asl_alphabet_train/E/E1239.jpg,E,train
data/raw/asl_alphabet_train/E/E738.jpg,E,train
data/raw/asl_alphabet_train/E/E2175.jpg,E,train
data/raw/asl_alphabet_train/E/E2206.jpg,E,train
data/raw/asl_alphabet_train/E/E123.jpg,E,train
data/raw/asl_alphabet_train/E/E1598.jpg,E,train
data/raw/asl_alphabet_train/E/E1229.jpg,E,train
data/raw/asl_alphabet_train/E/E356.jpg,E,train
data/raw/asl_alphabet_train/E/E1081.jpg,E,train
data/raw/asl_alphabet_train/E/E384.jpg,E,train
data/raw/asl_alphabet_train/E/E320.jpg,E,train
data/raw/asl_alphabet_train/E/E2256.jpg,E,train
data/raw/asl_alphabet_train/E/E6.jpg,E,train
data/raw/asl_alphabet_train/E/E1086.jpg,E,train
data/raw/asl_alphabet_train/E/E2572.jpg,E,train
data/raw/asl_alphabet_train/E/E866.jpg,E,train
data/raw/asl_alphabet_train/E/E521.jpg,E,train
data/raw/asl_alphabet_train/E/E2663.jpg,E,train
data/raw/asl_alphabet_train/E/E2695.jpg,E,train
data/raw/asl_alphabet_train/E/E2391.jpg,E,train
data/raw/asl_alphabet_train/E/E2408.jpg,E,train
data/raw/asl_alphabet_train/E/E1718.jpg,E,train
data/raw/asl_alphabet_train/E/E1248.jpg,E,train
data/raw/asl_alphabet_train/E/E344.jpg,E,train
data/raw/asl_alphabet_train/E/E840.jpg,E,train
data/raw/asl_alphabet_train/E/E1225.jpg,E,train
data/raw/asl_alphabet_train/E/E315.jpg,E,train
data/raw/asl_alphabet_train/E/E1652.jpg,E,train
data/raw/asl_alphabet_train/E/E1161.jpg,E,train
data/raw/asl_alphabet_train/E/E328.jpg,E,train
data/raw/asl_alphabet_train/E/E2612.jpg,E,train
data/raw/asl_alphabet_train/E/E1802.jpg,E,train
data/raw/asl_alphabet_train/E/E2051.jpg,E,train
data/raw/asl_alphabet_train/E/E227.jpg,E,train
data/raw/asl_alphabet_train/E/E765.jpg,E,train
data/raw/asl_alphabet_train/E/E1406.jpg,E,train
data/raw/asl_alphabet_train/E/E87.jpg,E,train
data/raw/asl_alphabet_train/E/E1070.jpg,E,train
data/raw/asl_alphabet_train/E/E2291.jpg,E,train
data/raw/asl_alphabet_train/E/E2017.jpg,E,train
data/raw/asl_alphabet_train/E/E2393.jpg,E,train
data/raw/asl_alphabet_train/E/E1039.jpg,E,train
data/raw/asl_alphabet_train/E/E821.jpg,E,train
data/raw/asl_alphabet_train/E/E2216.jpg,E,train
data/raw/asl_alphabet_train/E/E2151.jpg,E,train
data/raw/asl_alphabet_train/E/E2321.jpg,E,train
data/raw/asl_alphabet_train/E/E540.jpg,E,train
data/raw/asl_alphabet_train/E/E1454.jpg,E,train
data/raw/asl_alphabet_train/E/E1780.jpg,E,train
data/raw/asl_alphabet_train/E/E2227.jpg,E,train
data/raw/asl_alphabet_train/E/E1658.jpg,E,train
data/raw/asl_alphabet_train/E/E1087.jpg,E,train
data/raw/asl_alphabet_train/E/E1213.jpg,E,train
data/raw/asl_alphabet_train/E/E1036.jpg,E,train
data/raw/asl_alphabet_train/E/E1007.jpg,E,train
data/raw/asl_alphabet_train/E/E44.jpg,E,train
data/raw/asl_alphabet_train/E/E2504.jpg,E,train
data/raw/asl_alphabet_train/E/E1177.jpg,E,train
data/raw/asl_alphabet_train/E/E2178.jpg,E,train
data/raw/asl_alphabet_train/E/E1702.jpg,E,train
data/raw/asl_alphabet_train/E/E2431.jpg,E,train
data/raw/asl_alphabet_train/E/E652.jpg,E,train
data/raw/asl_alphabet_train/E/E1637.jpg,E,train
data/raw/asl_alphabet_train/E/E972.jpg,E,train
data/raw/asl_alphabet_train/E/E862.jpg,E,train
data/raw/asl_alphabet_train/E/E2529.jpg,E,train
data/raw/asl_alphabet_train/E/E2258.jpg,E,train
data/raw/asl_alphabet_train/E/E1265.jpg,E,train
data/raw/asl_alphabet_train/E/E2649.jpg,E,train
data/raw/asl_alphabet_train/E/E2479.jpg,E,train
data/raw/asl_alphabet_train/E/E179.jpg,E,train
data/raw/asl_alphabet_train/E/E2254.jpg,E,train
data/raw/asl_alphabet_train/E/E1907.jpg,E,train
data/raw/asl_alphabet_train/E/E1059.jpg,E,train
data/raw/asl_alphabet_train/E/E229.jpg,E,train
data/raw/asl_alphabet_train/E/E1472.jpg,E,train
data/raw/asl_alphabet_train/E/E2031.jpg,E,train
data/raw/asl_alphabet_train/E/E1194.jpg,E,train
data/raw/asl_alphabet_train/E/E512.jpg,E,train
data/raw/asl_alphabet_train/E/E1481.jpg,E,val
data/raw/asl_alphabet_train/E/E1134.jpg,E,val
data/raw/asl_alphabet_train/E/E1004.jpg,E,val
data/raw/asl_alphabet_train/E/E2581.jpg,E,val
data/raw/asl_alphabet_train/E/E514.jpg,E,val
data/raw/asl_alphabet_train/E/E290.jpg,E,val
data/raw/asl_alphabet_train/E/E1476.jpg,E,val
data/raw/asl_alphabet_train/E/E2566.jpg,E,val
data/raw/asl_alphabet_train/E/E2352.jpg,E,val
data/raw/asl_alphabet_train/E/E2673.jpg,E,val
data/raw/asl_alphabet_train/E/E2209.jpg,E,val
data/raw/asl_alphabet_train/E/E621.jpg,E,val
data/raw/asl_alphabet_train/E/E1720.jpg,E,val
data/raw/asl_alphabet_train/E/E970.jpg,E,val
data/raw/asl_alphabet_train/E/E2347.jpg,E,val
data/raw/asl_alphabet_train/E/E2869.jpg,E,val
data/raw/asl_alphabet_train/E/E949.jpg,E,val
data/raw/asl_alphabet_train/E/E1798.jpg,E,val
data/raw/asl_alphabet_train/E/E757.jpg,E,val
data/raw/asl_alphabet_train/E/E596.jpg,E,val
data/raw/asl_alphabet_train/E/E2982.jpg,E,val
data/raw/asl_alphabet_train/E/E2407.jpg,E,val
data/raw/asl_alphabet_train/E/E2042.jpg,E,val
data/raw/asl_alphabet_train/E/E2614.jpg,E,val
data/raw/asl_alphabet_train/E/E1170.jpg,E,val
data/raw/asl_alphabet_train/E/E2384.jpg,E,val
data/raw/asl_alphabet_train/E/E2211.jpg,E,val
data/raw/asl_alphabet_train/E/E629.jpg,E,val
data/raw/asl_alphabet_train/E/E882.jpg,E,val
data/raw/asl_alphabet_train/E/E1555.jpg,E,val
data/raw/asl_alphabet_train/E/E480.jpg,E,val
data/raw/asl_alphabet_train/E/E2770.jpg,E,val
data/raw/asl_alphabet_train/E/E965.jpg,E,val
data/raw/asl_alphabet_train/E/E1311.jpg,E,val
data/raw/asl_alphabet_train/E/E2158.jpg,E,val
data/raw/asl_alphabet_train/E/E413.jpg,E,val
data/raw/asl_alphabet_train/E/E1512.jpg,E,val
data/raw/asl_alphabet_train/E/E1433.jpg,E,val
data/raw/asl_alphabet_train/E/E2917.jpg,E,val
data/raw/asl_alphabet_train/E/E2519.jpg,E,val
data/raw/asl_alphabet_train/E/E1233.jpg,E,val
data/raw/asl_alphabet_train/E/E2437.jpg,E,val
data/raw/asl_alphabet_train/E/E2039.jpg,E,val
data/raw/asl_alphabet_train/E/E627.jpg,E,val
data/raw/asl_alphabet_train/E/E2008.jpg,E,val
data/raw/asl_alphabet_train/E/E377.jpg,E,val
data/raw/asl_alphabet_train/E/E1580.jpg,E,val
data/raw/asl_alphabet_train/E/E2816.jpg,E,val
data/raw/asl_alphabet_train/E/E53.jpg,E,val
data/raw/asl_alphabet_train/E/E2787.jpg,E,val
data/raw/asl_alphabet_train/E/E1851.jpg,E,val
data/raw/asl_alphabet_train/E/E1822.jpg,E,val
data/raw/asl_alphabet_train/E/E2230.jpg,E,val
data/raw/asl_alphabet_train/E/E2361.jpg,E,val
data/raw/asl_alphabet_train/E/E1897.jpg,E,val
data/raw/asl_alphabet_train/E/E39.jpg,E,val
data/raw/asl_alphabet_train/E/E2068.jpg,E,val
data/raw/asl_alphabet_train/E/E2104.jpg,E,val
data/raw/asl_alphabet_train/E/E1173.jpg,E,val
data/raw/asl_alphabet_train/E/E1151.jpg,E,val
data/raw/asl_alphabet_train/E/E2400.jpg,E,val
data/raw/asl_alphabet_train/E/E2975.jpg,E,val
data/raw/asl_alphabet_train/E/E2549.jpg,E,val
data/raw/asl_alphabet_train/E/E1235.jpg,E,val
data/raw/asl_alphabet_train/E/E276.jpg,E,val
data/raw/asl_alphabet_train/E/E267.jpg,E,val
data/raw/asl_alphabet_train/E/E881.jpg,E,val
data/raw/asl_alphabet_train/E/E2274.jpg,E,val
data/raw/asl_alphabet_train/E/E685.jpg,E,val
data/raw/asl_alphabet_train/E/E1283.jpg,E,val
data/raw/asl_alphabet_train/E/E848.jpg,E,val
data/raw/asl_alphabet_train/E/E1524.jpg,E,val
data/raw/asl_alphabet_train/E/E809.jpg,E,val
data/raw/asl_alphabet_train/E/E1502.jpg,E,val
data/raw/asl_alphabet_train/E/E1996.jpg,E,val
data/raw/asl_alphabet_train/E/E2884.jpg,E,val
data/raw/asl_alphabet_train/E/E2883.jpg,E,val
data/raw/asl_alphabet_train/E/E1558.jpg,E,val
data/raw/asl_alphabet_train/E/E2484.jpg,E,val
data/raw/asl_alphabet_train/E/E2729.jpg,E,val
data/raw/asl_alphabet_train/E/E1356.jpg,E,val
data/raw/asl_alphabet_train/E/E117.jpg,E,val
data/raw/asl_alphabet_train/E/E2638.jpg,E,val
data/raw/asl_alphabet_train/E/E769.jpg,E,val
data/raw/asl_alphabet_train/E/E1108.jpg,E,val
data/raw/asl_alphabet_train/E/E731.jpg,E,val
data/raw/asl_alphabet_train/E/E234.jpg,E,val
data/raw/asl_alphabet_train/E/E1918.jpg,E,val
data/raw/asl_alphabet_train/E/E927.jpg,E,val
data/raw/asl_alphabet_train/E/E2618.jpg,E,val
data/raw/asl_alphabet_train/E/E186.jpg,E,test
data/raw/asl_alphabet_train/E/E1869.jpg,E,test
data/raw/asl_alphabet_train/E/E1931.jpg,E,test
data/raw/asl_alphabet_train/E/E1386.jpg,E,test
data/raw/asl_alphabet_train/E/E754.jpg,E,test
data/raw/asl_alphabet_train/E/E334.jpg,E,test
data/raw/asl_alphabet_train/E/E178.jpg,E,test
data/raw/asl_alphabet_train/E/E1189.jpg,E,test
data/raw/asl_alphabet_train/E/E542.jpg,E,test
data/raw/asl_alphabet_train/E/E1184.jpg,E,test
data/raw/asl_alphabet_train/E/E1497.jpg,E,test
data/raw/asl_alphabet_train/E/E1697.jpg,E,test
data/raw/asl_alphabet_train/E/E619.jpg,E,test
data/raw/asl_alphabet_train/E/E1190.jpg,E,test
data/raw/asl_alphabet_train/E/E1088.jpg,E,test
data/raw/asl_alphabet_train/E/E2689.jpg,E,test
data/raw/asl_alphabet_train/E/E131.jpg,E,test
data/raw/asl_alphabet_train/E/E966.jpg,E,test
data/raw/asl_alphabet_train/E/E2146.jpg,E,test
data/raw/asl_alphabet_train/E/E1439.jpg,E,test
data/raw/asl_alphabet_train/E/E337.jpg,E,test
data/raw/asl_alphabet_train/E/E1314.jpg,E,test
data/raw/asl_alphabet_train/E/E2667.jpg,E,test
data/raw/asl_alphabet_train/E/E515.jpg,E,test
data/raw/asl_alphabet_train/E/E612.jpg,E,test
data/raw/asl_alphabet_train/E/E324.jpg,E,test
data/raw/asl_alphabet_train/E/E2910.jpg,E,test
data/raw/asl_alphabet_train/E/E266.jpg,E,test
data/raw/asl_alphabet_train/E/E475.jpg,E,test
data/raw/asl_alphabet_train/E/E3.jpg,E,test
data/raw/asl_alphabet_train/E/E637.jpg,E,test
data/raw/asl_alphabet_train/E/E352.jpg,E,test
data/raw/asl_alphabet_train/E/E2317.jpg,E,test
data/raw/asl_alphabet_train/E/E1508.jpg,E,test
data/raw/asl_alphabet_train/E/E2657.jpg,E,test
data/raw/asl_alphabet_train/E/E2864.jpg,E,test
data/raw/asl_alphabet_train/E/E1983.jpg,E,test
data/raw/asl_alphabet_train/E/E1549.jpg,E,test
data/raw/asl_alphabet_train/E/E80.jpg,E,test
data/raw/asl_alphabet_train/E/E1204.jpg,E,test
data/raw/asl_alphabet_train/E/E2120.jpg,E,test
data/raw/asl_alphabet_train/E/E1421.jpg,E,test
data/raw/asl_alphabet_train/E/E1748.jpg,E,test
data/raw/asl_alphabet_train/E/E642.jpg,E,test
data/raw/asl_alphabet_train/E/E93.jpg,E,test
data/raw/asl_alphabet_train/E/E1632.jpg,E,test
data/raw/asl_alphabet_train/E/E1269.jpg,E,test
data/raw/asl_alphabet_train/E/E788.jpg,E,test
data/raw/asl_alphabet_train/E/E1681.jpg,E,test
data/raw/asl_alphabet_train/E/E1967.jpg,E,test
data/raw/asl_alphabet_train/E/E137.jpg,E,test
data/raw/asl_alphabet_train/E/E1513.jpg,E,test
data/raw/asl_alphabet_train/E/E1172.jpg,E,test
data/raw/asl_alphabet_train/E/E1557.jpg,E,test
data/raw/asl_alphabet_train/E/E2525.jpg,E,test
data/raw/asl_alphabet_train/E/E2854.jpg,E,test
data/raw/asl_alphabet_train/E/E1155.jpg,E,test
data/raw/asl_alphabet_train/E/E1747.jpg,E,test
data/raw/asl_alphabet_train/E/E1832.jpg,E,test
data/raw/asl_alphabet_train/E/E150.jpg,E,test
data/raw/asl_alphabet_train/E/E1426.jpg,E,test
data/raw/asl_alphabet_train/E/E1884.jpg,E,test
data/raw/asl_alphabet_train/E/E304.jpg,E,test
data/raw/asl_alphabet_train/E/E2205.jpg,E,test
data/raw/asl_alphabet_train/E/E1336.jpg,E,test
data/raw/asl_alphabet_train/E/E679.jpg,E,test
data/raw/asl_alphabet_train/E/E887.jpg,E,test
data/raw/asl_alphabet_train/E/E438.jpg,E,test
data/raw/asl_alphabet_train/E/E2140.jpg,E,test
data/raw/asl_alphabet_train/E/E2394.jpg,E,test
data/raw/asl_alphabet_train/E/E1765.jpg,E,test
data/raw/asl_alphabet_train/E/E170.jpg,E,test
data/raw/asl_alphabet_train/E/E1503.jpg,E,test
data/raw/asl_alphabet_train/E/E2348.jpg,E,test
data/raw/asl_alphabet_train/E/E1485.jpg,E,test
data/raw/asl_alphabet_train/E/E1778.jpg,E,test
data/raw/asl_alphabet_train/E/E1971.jpg,E,test
data/raw/asl_alphabet_train/E/E2295.jpg,E,test
data/raw/asl_alphabet_train/E/E482.jpg,E,test
data/raw/asl_alphabet_train/E/E1413.jpg,E,test
data/raw/asl_alphabet_train/E/E2114.jpg,E,test
data/raw/asl_alphabet_train/E/E2152.jpg,E,test
data/raw/asl_alphabet_train/E/E2201.jpg,E,test
data/raw/asl_alphabet_train/E/E1625.jpg,E,test
data/raw/asl_alphabet_train/E/E1281.jpg,E,test
data/raw/asl_alphabet_train/E/E1111.jpg,E,test
data/raw/asl_alphabet_train/E/E1640.jpg,E,test
data/raw/asl_alphabet_train/E/E2260.jpg,E,test
data/raw/asl_alphabet_train/E/E1465.jpg,E,test
data/raw/asl_alphabet_train/E/E2444.jpg,E,test
data/raw/asl_alphabet_train/F/F1327.jpg,F,train
data/raw/asl_alphabet_train/F/F2496.jpg,F,train
data/raw/asl_alphabet_train/F/F1319.jpg,F,train
data/raw/asl_alphabet_train/F/F946.jpg,F,train
data/raw/asl_alphabet_train/F/F216.jpg,F,train
data/raw/asl_alphabet_train/F/F726.jpg,F,train
data/raw/asl_alphabet_train/F/F1902.jpg,F,train
data/raw/asl_alphabet_train/F/F2195.jpg,F,train
data/raw/asl_alphabet_train/F/F1082.jpg,F,train
data/raw/asl_alphabet_train/F/F802.jpg,F,train
data/raw/asl_alphabet_train/F/F2312.jpg,F,train
data/raw/asl_alphabet_train/F/F1699.jpg,F,train
data/raw/asl_alphabet_train/F/F2036.jpg,F,train
data/raw/asl_alphabet_train/F/F2753.jpg,F,train
data/raw/asl_alphabet_train/F/F724.jpg,F,train
data/raw/asl_alphabet_train/F/F2352.jpg,F,train
data/raw/asl_alphabet_train/F/F1717.jpg,F,train
data/raw/asl_alphabet_train/F/F684.jpg,F,train
data/raw/asl_alphabet_train/F/F2359.jpg,F,train
data/raw/asl_alphabet_train/F/F2956.jpg,F,train
data/raw/asl_alphabet_train/F/F2554.jpg,F,train
data/raw/asl_alphabet_train/F/F1711.jpg,F,train
data/raw/asl_alphabet_train/F/F235.jpg,F,train
data/raw/asl_alphabet_train/F/F1037.jpg,F,train
data/raw/asl_alphabet_train/F/F2886.jpg,F,train
data/raw/asl_alphabet_train/F/F713.jpg,F,train
data/raw/asl_alphabet_train/F/F1315.jpg,F,train
data/raw/asl_alphabet_train/F/F1987.jpg,F,train
data/raw/asl_alphabet_train/F/F2514.jpg,F,train
data/raw/asl_alphabet_train/F/F252.jpg,F,train
data/raw/asl_alphabet_train/F/F884.jpg,F,train
data/raw/asl_alphabet_train/F/F2929.jpg,F,train
data/raw/asl_alphabet_train/F/F2963.jpg,F,train
data/raw/asl_alphabet_train/F/F344.jpg,F,train
data/raw/asl_alphabet_train/F/F205.jpg,F,train
data/raw/asl_alphabet_train/F/F2612.jpg,F,train
data/raw/asl_alphabet_train/F/F2661.jpg,F,train
data/raw/asl_alphabet_train/F/F1438.jpg,F,train
data/raw/asl_alphabet_train/F/F702.jpg,F,train
data/raw/asl_alphabet_train/F/F1775.jpg,F,train
data/raw/asl_alphabet_train/F/F1701.jpg,F,train
data/raw/asl_alphabet_train/F/F809.jpg,F,train
data/raw/asl_alphabet_train/F/F2863.jpg,F,train
data/raw/asl_alphabet_train/F/F1152.jpg,F,train
data/raw/asl_alphabet_train/F/F1907.jpg,F,train
data/raw/asl_alphabet_train/F/F1005.jpg,F,train
data/raw/asl_alphabet_train/F/F4.jpg,F,train
data/raw/asl_alphabet_train/F/F1999.jpg,F,train
data/raw/asl_alphabet_train/F/F577.jpg,F,train
data/raw/asl_alphabet_train/F/F380.jpg,F,train
data/raw/asl_alphabet_train/F/F614.jpg,F,train
data/raw/asl_alphabet_train/F/F1498.jpg,F,train
data/raw/asl_alphabet_train/F/F1184.jpg,F,train
data/raw/asl_alphabet_train/F/F2648.jpg,F,train
data/raw/asl_alphabet_train/F/F1183.jpg,F,train
data/raw/asl_alphabet_train/F/F1809.jpg,F,train
data/raw/asl_alphabet_train/F/F608.jpg,F,train
data/raw/asl_alphabet_train/F/F1628.jpg,F,train
data/raw/asl_alphabet_train/F/F975.jpg,F,train
data/raw/asl_alphabet_train/F/F1451.jpg,F,train
data/raw/asl_alphabet_train/F/F2593.jpg,F,train
data/raw/asl_alphabet_train/F/F2380.jpg,F,train
data/raw/asl_alphabet_train/F/F2607.jpg,F,train
data/raw/asl_alphabet_train/F/F417.jpg,F,train
data/raw/asl_alphabet_train/F/F2845.jpg,F,train
data/raw/asl_alphabet_train/F/F1147.jpg,F,train
data/raw/asl_alphabet_train/F/F591.jpg,F,train
data/raw/asl_alphabet_train/F/F1059.jpg,F,train
data/raw/asl_alphabet_train/F/F1238.jpg,F,train
data/raw/asl_alphabet_train/F/F301.jpg,F,train
data/raw/asl_alphabet_train/F/F2647.jpg,F,train
data/raw/asl_alphabet_train/F/F2925.jpg,F,train
data/raw/asl_alphabet_train/F/F1371.jpg,F,train
data/raw/asl_alphabet_train/F/F1669.jpg,F,train
data/raw/asl_alphabet_train/F/F95.jpg,F,train
data/raw/asl_alphabet_train/F/F650.jpg,F,train
data/raw/asl_alphabet_train/F/F754.jpg,F,train
data/raw/asl_alphabet_train/F/F2089.jpg,F,train
data/raw/asl_alphabet_train/F/F1007.jpg,F,train
data/raw/asl_alphabet_train/F/F1154.jpg,F,train
data/raw/asl_alphabet_train/F/F2248.jpg,F,train
data/raw/asl_alphabet_train/F/F2355.jpg,F,train
data/raw/asl_alphabet_train/F/F452.jpg,F,train
data/raw/asl_alphabet_train/F/F1662.jpg,F,train
data/raw/asl_alphabet_train/F/F1836.jpg,F,train
data/raw/asl_alphabet_train/F/F919.jpg,F,train
data/raw/asl_alphabet_train/F/F983.jpg,F,train
data/raw/asl_alphabet_train/F/F1982.jpg,F,train
data/raw/asl_alphabet_train/F/F819.jpg,F,train
data/raw/asl_alphabet_train/F/F211.jpg,F,train
data/raw/asl_alphabet_train/F/F2475.jpg,F,train
data/raw/asl_alphabet_train/F/F1501.jpg,F,train
data/raw/asl_alphabet_train/F/F69.jpg,F,train
data/raw/asl_alphabet_train/F/F1287.jpg,F,train
data/raw/asl_alphabet_train/F/F1199.jpg,F,train
data/raw/asl_alphabet_train/F/F57.jpg,F,train
data/raw/asl_alphabet_train/F/F2198.jpg,F,train
data/raw/asl_alphabet_train/F/F2546.jpg,F,train
data/raw/asl_alphabet_train/F/F200.jpg,F,train
data/raw/asl_alphabet_train/F/F20.jpg,F,train
data/raw/asl_alphabet_train/F/F1757.jpg,F,train
data/raw/asl_alphabet_train/F/F2569.jpg,F,train
data/raw/asl_alphabet_train/F/F1417.jpg,F,train
data/raw/asl_alphabet_train/F/F780.jpg,F,train
data/raw/asl_alphabet_train/F/F652.jpg,F,train
data/raw/asl_alphabet_train/F/F2456.jpg,F,train
data/raw/asl_alphabet_train/F/F373.jpg,F,train
data/raw/asl_alphabet_train/F/F98.jpg,F,train
data/raw/asl_alphabet_train/F/F419.jpg,F,train
data/raw/asl_alphabet_train/F/F2162.jpg,F,train
data/raw/asl_alphabet_train/F/F2482.jpg,F,train
data/raw/asl_alphabet_train/F/F1511.jpg,F,train
data/raw/asl_alphabet_train/F/F2674.jpg,F,train
data/raw/asl_alphabet_train/F/F1647.jpg,F,train
data/raw/asl_alphabet_train/F/F968.jpg,F,train
data/raw/asl_alphabet_train/F/F1328.jpg,F,train
data/raw/asl_alphabet_train/F/F1051.jpg,F,train
data/raw/asl_alphabet_train/F/F293.jpg,F,train
data/raw/asl_alphabet_train/F/F2395.jpg,F,train
data/raw/asl_alphabet_train/F/F2590.jpg,F,train
data/raw/asl_alphabet_train/F/F638.jpg,F,train
data/raw/asl_alphabet_train/F/F2156.jpg,F,train
data/raw/asl_alphabet_train/F/F2885.jpg,F,train
data/raw/asl_alphabet_train/F/F1650.jpg,F,train
data/raw/asl_alphabet_train/F/F2822.jpg,F,train
data/raw/asl_alphabet_train/F/F1410.jpg,F,train
data/raw/asl_alphabet_train/F/F1992.jpg,F,train
data/raw/asl_alphabet_train/F/F74.jpg,F,train
data/raw/asl_alphabet_train/F/F2284.jpg,F,train
data/raw/asl_alphabet_train/F/F894.jpg,F,train
data/raw/asl_alphabet_train/F/F1630.jpg,F,train
data/raw/asl_alphabet_train/F/F918.jpg,F,train
data/raw/asl_alphabet_train/F/F612.jpg,F,train
data/raw/asl_alphabet_train/F/F1506.jpg,F,train
data/raw/asl_alphabet_train/F/F366.jpg,F,train
data/raw/asl_alphabet_train/F/F2139.jpg,F,train
data/raw/asl_alphabet_train/F/F1824.jpg,F,train
data/raw/asl_alphabet_train/F/F2534.jpg,F,train
data/raw/asl_alphabet_train/F/F1342.jpg,F,train
data/raw/asl_alphabet_train/F/F1885.jpg,F,train
data/raw/asl_alphabet_train/F/F1334.jpg,F,train
data/raw/asl_alphabet_train/F/F161.jpg,F,train
data/raw/asl_alphabet_train/F/F1593.jpg,F,train
data/raw/asl_alphabet_train/F/F201.jpg,F,train
data/raw/asl_alphabet_train/F/F1729.jpg,F,train
data/raw/asl_alphabet_train/F/F1471.jpg,F,train
data/raw/asl_alphabet_train/F/F1567.jpg,F,train
data/raw/asl_alphabet_train/F/F985.jpg,F,train
data/raw/asl_alphabet_train/F/F1267.jpg,F,train
data/raw/asl_alphabet_train/F/F976.jpg,F,train
data/raw/asl_alphabet_train/F/F2478.jpg,F,train
data/raw/asl_alphabet_train/F/F492.jpg,F,train
data/raw/asl_alphabet_train/F/F1983.jpg,F,train
data/raw/asl_alphabet_train/F/F2285.jpg,F,train
data/raw/asl_alphabet_train/F/F2665.jpg,F,train
data/raw/asl_alphabet_train/F/F2109.jpg,F,train
data/raw/asl_alphabet_train/F/F1653.jpg,F,train
data/raw/asl_alphabet_train/F/F364.jpg,F,train
data/raw/asl_alphabet_train/F/F328.jpg,F,train
data/raw/asl_alphabet_train/F/F958.jpg,F,train
data/raw/asl_alphabet_train/F/F2333.jpg,F,train
data/raw/asl_alphabet_train/F/F96.jpg,F,train
data/raw/asl_alphabet_train/F/F2976.jpg,F,train
data/raw/asl_alphabet_train/F/F2440.jpg,F,train
data/raw/asl_alphabet_train/F/F1894.jpg,F,train
data/raw/asl_alphabet_train/F/F2698.jpg,F,train
data/raw/asl_alphabet_train/F/F1782.jpg,F,train
data/raw/asl_alphabet_train/F/F1623.jpg,F,train
data/raw/asl_alphabet_train/F/F1873.jpg,F,train
data/raw/asl_alphabet_train/F/F1746.jpg,F,train
data/raw/asl_alphabet_train/F/F1555.jpg,F,train
data/raw/asl_alphabet_train/F/F736.jpg,F,train
data/raw/asl_alphabet_train/F/F801.jpg,F,train
data/raw/asl_alphabet_train/F/F2928.jpg,F,train
data/raw/asl_alphabet_train/F/F518.jpg,F,train
data/raw/asl_alphabet_train/F/F1074.jpg,F,train
data/raw/asl_alphabet_train/F/F2805.jpg,F,train
data/raw/asl_alphabet_train/F/F500.jpg,F,train
data/raw/asl_alphabet_train/F/F49.jpg,F,train
data/raw/asl_alphabet_train/F/F1465.jpg,F,train
data/raw/asl_alphabet_train/F/F2772.jpg,F,train
data/raw/asl_alphabet_train/F/F1264.jpg,F,train
data/raw/asl_alphabet_train/F/F661.jpg,F,train
data/raw/asl_alphabet_train/F/F1273.jpg,F,train
data/raw/asl_alphabet_train/F/F345.jpg,F,train
data/raw/asl_alphabet_train/F/F3.jpg,F,train
data/raw/asl_alphabet_train/F/F1908.jpg,F,train
data/raw/asl_alphabet_train/F/F2777.jpg,F,train
data/raw/asl_alphabet_train/F/F639.jpg,F,train
data/raw/asl_alphabet_train/F/F2613.jpg,F,train
data/raw/asl_alphabet_train/F/F749.jpg,F,train
data/raw/asl_alphabet_train/F/F839.jpg,F,train
data/raw/asl_alphabet_train/F/F2841.jpg,F,train
data/raw/asl_alphabet_train/F/F2597.jpg,F,train
data/raw/asl_alphabet_train/F/F667.jpg,F,train
data/raw/asl_alphabet_train/F/F197.jpg,F,train
data/raw/asl_alphabet_train/F/F730.jpg,F,train
data/raw/asl_alphabet_train/F/F355.jpg,F,train
data/raw/asl_alphabet_train/F/F936.jpg,F,train
data/raw/asl_alphabet_train/F/F899.jpg,F,train
data/raw/asl_alphabet_train/F/F481.jpg,F,train
data/raw/asl_alphabet_train/F/F404.jpg,F,train
data/raw/asl_alphabet_train/F/F2009.jpg,F,train
data/raw/asl_alphabet_train/F/F2447.jpg,F,train
data/raw/asl_alphabet_train/F/F2422.jpg,F,train
data/raw/asl_alphabet_train/F/F2540.jpg,F,train
data/raw/asl_alphabet_train/F/F2460.jpg,F,train
data/raw/asl_alphabet_train/F/F891.jpg,F,train
data/raw/asl_alphabet_train/F/F2213.jpg,F,train
data/raw/asl_alphabet_train/F/F1303.jpg,F,train
data/raw/asl_alphabet_train/F/F320.jpg,F,train
data/raw/asl_alphabet_train/F/F2510.jpg,F,train
data/raw/asl_alphabet_train/F/F1560.jpg,F,train
data/raw/asl_alphabet_train/F/F219.jpg,F,train
data/raw/asl_alphabet_train/F/F953.jpg,F,train
data/raw/asl_alphabet_train/F/F2111.jpg,F,train
data/raw/asl_alphabet_train/F/F525.jpg,F,train
data/raw/asl_alphabet_train/F/F1346.jpg,F,train
data/raw/asl_alphabet_train/F/F1157.jpg,F,train
data/raw/asl_alphabet_train/F/F1226.jpg,F,train
data/raw/asl_alphabet_train/F/F1275.jpg,F,train
data/raw/asl_alphabet_train/F/F1221.jpg,F,train
data/raw/asl_alphabet_train/F/F2021.jpg,F,train
data/raw/asl_alphabet_train/F/F897.jpg,F,train
data/raw/asl_alphabet_train/F/F995.jpg,F,train
data/raw/asl_alphabet_train/F/F613.jpg,F,train
data/raw/asl_alphabet_train/F/F2212.jpg,F,train
data/raw/asl_alphabet_train/F/F2217.jpg,F,train
data/raw/asl_alphabet_train/F/F1703.jpg,F,train
data/raw/asl_alphabet_train/F/F1445.jpg,F,train
data/raw/asl_alphabet_train/F/F1086.jpg,F,train
data/raw/asl_alphabet_train/F/F512.jpg,F,train
data/raw/asl_alphabet_train/F/F54.jpg,F,train
data/raw/asl_alphabet_train/F/F281.jpg,F,train
data/raw/asl_alphabet_train/F/F676.jpg,F,train
data/raw/asl_alphabet_train/F/F527.jpg,F,train
data/raw/asl_alphabet_train/F/F1856.jpg,F,train
data/raw/asl_alphabet_train/F/F1108.jpg,F,train
data/raw/asl_alphabet_train/F/F625.jpg,F,train
data/raw/asl_alphabet_train/F/F322.jpg,F,train
data/raw/asl_alphabet_train/F/F1304.jpg,F,train
data/raw/asl_alphabet_train/F/F782.jpg,F,train
data/raw/asl_alphabet_train/F/F2303.jpg,F,train
data/raw/asl_alphabet_train/F/F2210.jpg,F,train
data/raw/asl_alphabet_train/F/F2617.jpg,F,train
data/raw/asl_alphabet_train/F/F874.jpg,F,train
data/raw/asl_alphabet_train/F/F2678.jpg,F,train
data/raw/asl_alphabet_train/F/F2936.jpg,F,train
data/raw/asl_alphabet_train/F/F2896.jpg,F,train
data/raw/asl_alphabet_train/F/F2147.jpg,F,train
data/raw/asl_alphabet_train/F/F2626.jpg,F,train
data/raw/asl_alphabet_train/F/F528.jpg,F,train
data/raw/asl_alphabet_train/F/F844.jpg,F,train
data/raw/asl_alphabet_train/F/F1557.jpg,F,train
data/raw/asl_alphabet_train/F/F1602.jpg,F,train
data/raw/asl_alphabet_train/F/F2915.jpg,F,train
data/raw/asl_alphabet_train/F/F1006.jpg,F,train
data/raw/asl_alphabet_train/F/F2268.jpg,F,train
data/raw/asl_alphabet_train/F/F1730.jpg,F,train
data/raw/asl_alphabet_train/F/F1166.jpg,F,train
data/raw/asl_alphabet_train/F/F2328.jpg,F,train
data/raw/asl_alphabet_train/F/F2263.jpg,F,train
data/raw/asl_alphabet_train/F/F1372.jpg,F,train
data/raw/asl_alphabet_train/F/F640.jpg,F,train
data/raw/asl_alphabet_train/F/F309.jpg,F,train
data/raw/asl_alphabet_train/F/F2954.jpg,F,train
data/raw/asl_alphabet_train/F/F1307.jpg,F,train
data/raw/asl_alphabet_train/F/F2167.jpg,F,train
data/raw/asl_alphabet_train/F/F988.jpg,F,train
data/raw/asl_alphabet_train/F/F1049.jpg,F,train
data/raw/asl_alphabet_train/F/F557.jpg,F,train
data/raw/asl_alphabet_train/F/F2115.jpg,F,train
data/raw/asl_alphabet_train/F/F1507.jpg,F,train
data/raw/asl_alphabet_train/F/F1050.jpg,F,train
data/raw/asl_alphabet_train/F/F1355.jpg,F,train
data/raw/asl_alphabet_train/F/F2765.jpg,F,train
data/raw/asl_alphabet_train/F/F2455.jpg,F,train
data/raw/asl_alphabet_train/F/F1128.jpg,F,train
data/raw/asl_alphabet_train/F/F2564.jpg,F,train
data/raw/asl_alphabet_train/F/F296.jpg,F,train
data/raw/asl_alphabet_train/F/F1880.jpg,F,train
data/raw/asl_alphabet_train/F/F1472.jpg,F,train
data/raw/asl_alphabet_train/F/F145.jpg,F,train
data/raw/asl_alphabet_train/F/F2866.jpg,F,train
data/raw/asl_alphabet_train/F/F1140.jpg,F,train
data/raw/asl_alphabet_train/F/F2239.jpg,F,train
data/raw/asl_alphabet_train/F/F2536.jpg,F,train
data/raw/asl_alphabet_train/F/F1393.jpg,F,train
data/raw/asl_alphabet_train/F/F1070.jpg,F,train
data/raw/asl_alphabet_train/F/F279.jpg,F,train
data/raw/asl_alphabet_train/F/F2993.jpg,F,train
data/raw/asl_alphabet_train/F/F2399.jpg,F,train
data/raw/asl_alphabet_train/F/F2922.jpg,F,train
data/raw/asl_alphabet_train/F/F2595.jpg,F,train
data/raw/asl_alphabet_train/F/F1350.jpg,F,train
data/raw/asl_alphabet_train/F/F1807.jpg,F,train
data/raw/asl_alphabet_train/F/F2615.jpg,F,train
data/raw/asl_alphabet_train/F/F270.jpg,F,train
data/raw/asl_alphabet_train/F/F547.jpg,F,train
data/raw/asl_alphabet_train/F/F1274.jpg,F,train
data/raw/asl_alphabet_train/F/F1069.jpg,F,train
data/raw/asl_alphabet_train/F/F1161.jpg,F,train
data/raw/asl_alphabet_train/F/F1141.jpg,F,train
data/raw/asl_alphabet_train/F/F657.jpg,F,train
data/raw/asl_alphabet_train/F/F2388.jpg,F,train
data/raw/asl_alphabet_train/F/F382.jpg,F,train
data/raw/asl_alphabet_train/F/F2304.jpg,F,train
data/raw/asl_alphabet_train/F/F117.jpg,F,train
data/raw/asl_alphabet_train/F/F337.jpg,F,train
data/raw/asl_alphabet_train/F/F2279.jpg,F,train
data/raw/asl_alphabet_train/F/F1927.jpg,F,train
data/raw/asl_alphabet_train/F/F397.jpg,F,train
data/raw/asl_alphabet_train/F/F202.jpg,F,train
data/raw/asl_alphabet_train/F/F1937.jpg,F,train
data/raw/asl_alphabet_train/F/F1160.jpg,F,train
data/raw/asl_alphabet_train/F/F1143.jpg,F,train
data/raw/asl_alphabet_train/F/F1263.jpg,F,train
data/raw/asl_alphabet_train/F/F406.jpg,F,train
data/raw/asl_alphabet_train/F/F1080.jpg,F,train
data/raw/asl_alphabet_train/F/F1508.jpg,F,train
data/raw/asl_alphabet_train/F/F2990.jpg,F,train
data/raw/asl_alphabet_train/F/F929.jpg,F,train
data/raw/asl_alphabet_train/F/F1510.jpg,F,train
data/raw/asl_alphabet_train/F/F2335.jpg,F,train
data/raw/asl_alphabet_train/F/F583.jpg,F,train
data/raw/asl_alphabet_train/F/F1057.jpg,F,train
data/raw/asl_alphabet_train/F/F1476.jpg,F,train
data/raw/asl_alphabet_train/F/F110.jpg,F,train
data/raw/asl_alphabet_train/F/F2259.jpg,F,train
data/raw/asl_alphabet_train/F/F1991.jpg,F,train
data/raw/asl_alphabet_train/F/F1145.jpg,F,train
data/raw/asl_alphabet_train/F/F2429.jpg,F,train
data/raw/asl_alphabet_train/F/F97.jpg,F,train
data/raw/asl_alphabet_train/F/F1781.jpg,F,train
data/raw/asl_alphabet_train/F/F1877.jpg,F,train
data/raw/asl_alphabet_train/F/F37.jpg,F,train
data/raw/asl_alphabet_train/F/F1566.jpg,F,train
data/raw/asl_alphabet_train/F/F1213.jpg,F,train
data/raw/asl_alphabet_train/F/F1989.jpg,F,train
data/raw/asl_alphabet_train/F/F1024.jpg,F,train
data/raw/asl_alphabet_train/F/F418.jpg,F,train
data/raw/asl_alphabet_train/F/F504.jpg,F,train
data/raw/asl_alphabet_train/F/F324.jpg,F,train
data/raw/asl_alphabet_train/F/F1864.jpg,F,train
data/raw/asl_alphabet_train/F/F31.jpg,F,train
data/raw/asl_alphabet_train/F/F1468.jpg,F,train
data/raw/asl_alphabet_train/F/F1535.jpg,F,train
data/raw/asl_alphabet_train/F/F2498.jpg,F,train
data/raw/asl_alphabet_train/F/F2969.jpg,F,train
data/raw/asl_alphabet_train/F/F1211.jpg,F,train
data/raw/asl_alphabet_train/F/F2506.jpg,F,train
data/raw/asl_alphabet_train/F/F1135.jpg,F,train
data/raw/asl_alphabet_train/F/F1229.jpg,F,train
data/raw/asl_alphabet_train/F/F1604.jpg,F,train
data/raw/asl_alphabet_train/F/F1396.jpg,F,train
data/raw/asl_alphabet_train/F/F1121.jpg,F,train
data/raw/asl_alphabet_train/F/F377.jpg,F,train
data/raw/asl_alphabet_train/F/F1572.jpg,F,train
data/raw/asl_alphabet_train/F/F44.jpg,F,train
data/raw/asl_alphabet_train/F/F714.jpg,F,train
data/raw/asl_alphabet_train/F/F2876.jpg,F,train
data/raw/asl_alphabet_train/F/F1921.jpg,F,train
data/raw/asl_alphabet_train/F/F2490.jpg,F,train
data/raw/asl_alphabet_train/F/F218.jpg,F,train
data/raw/asl_alphabet_train/F/F681.jpg,F,train
data/raw/asl_alphabet_train/F/F1740.jpg,F,train
data/raw/asl_alphabet_train/F/F2461.jpg,F,train
data/raw/asl_alphabet_train/F/F827.jpg,F,train
data/raw/asl_alphabet_train/F/F2495.jpg,F,train
data/raw/asl_alphabet_train/F/F2798.jpg,F,train
data/raw/asl_alphabet_train/F/F458.jpg,F,train
data/raw/asl_alphabet_train/F/F2364.jpg,F,train
data/raw/asl_alphabet_train/F/F2129.jpg,F,train
data/raw/asl_alphabet_train/F/F225.jpg,F,train
data/raw/asl_alphabet_train/F/F1461.jpg,F,train
data/raw/asl_alphabet_train/F/F101.jpg,F,train
data/raw/asl_alphabet_train/F/F550.jpg,F,train
data/raw/asl_alphabet_train/F/F2014.jpg,F,train
data/raw/asl_alphabet_train/F/F1919.jpg,F,train
data/raw/asl_alphabet_train/F/F2902.jpg,F,train
data/raw/asl_alphabet_train/F/F847.jpg,F,train
data/raw/asl_alphabet_train/F/F1527.jpg,F,train
data/raw/asl_alphabet_train/F/F1706.jpg,F,train
data/raw/asl_alphabet_train/F/F2342.jpg,F,train
data/raw/asl_alphabet_train/F/F2117.jpg,F,train
data/raw/asl_alphabet_train/F/F514.jpg,F,train
data/raw/asl_alphabet_train/F/F1176.jpg,F,train
data/raw/asl_alphabet_train/F/F2197.jpg,F,train
data/raw/asl_alphabet_train/F/F2377.jpg,F,train
data/raw/asl_alphabet_train/F/F2893.jpg,F,train
data/raw/asl_alphabet_train/F/F1067.jpg,F,train
data/raw/asl_alphabet_train/F/F1391.jpg,F,train
data/raw/asl_alphabet_train/F/F230.jpg,F,train
data/raw/asl_alphabet_train/F/F1696.jpg,F,train
data/raw/asl_alphabet_train/F/F289.jpg,F,train
data/raw/asl_alphabet_train/F/F2602.jpg,F,train
data/raw/asl_alphabet_train/F/F2384.jpg,F,train
data/raw/asl_alphabet_train/F/F88.jpg,F,train
data/raw/asl_alphabet_train/F/F1901.jpg,F,train
data/raw/asl_alphabet_train/F/F2917.jpg,F,train
data/raw/asl_alphabet_train/F/F990.jpg,F,train
data/raw/asl_alphabet_train/F/F450.jpg,F,train
data/raw/asl_alphabet_train/F/F513.jpg,F,train
data/raw/asl_alphabet_train/F/F2070.jpg,F,train
data/raw/asl_alphabet_train/F/F2508.jpg,F,train
data/raw/asl_alphabet_train/F/F316.jpg,F,train
data/raw/asl_alphabet_train/F/F2962.jpg,F,train
data/raw/asl_alphabet_train/F/F905.jpg,F,train
data/raw/asl_alphabet_train/F/F2659.jpg,F,train
data/raw/asl_alphabet_train/F/F374.jpg,F,train
data/raw/asl_alphabet_train/F/F942.jpg,F,train
data/raw/asl_alphabet_train/F/F2921.jpg,F,train
data/raw/asl_alphabet_train/F/F41.jpg,F,train
data/raw/asl_alphabet_train/F/F2273.jpg,F,train
data/raw/asl_alphabet_train/F/F268.jpg,F,train
data/raw/asl_alphabet_train/F/F2503.jpg,F,train
data/raw/asl_alphabet_train/F/F2988.jpg,F,train
data/raw/asl_alphabet_train/F/F1831.jpg,F,train
data/raw/asl_alphabet_train/F/F127.jpg,F,train
data/raw/asl_alphabet_train/F/F482.jpg,F,train
data/raw/asl_alphabet_train/F/F1289.jpg,F,val
data/raw/asl_alphabet_train/F/F2090.jpg,F,val
data/raw/asl_alphabet_train/F/F566.jpg,F,val
data/raw/asl_alphabet_train/F/F384.jpg,F,val
data/raw/asl_alphabet_train/F/F2525.jpg,F,val
data/raw/asl_alphabet_train/F/F2770.jpg,F,val
data/raw/asl_alphabet_train/F/F2910.jpg,F,val
data/raw/asl_alphabet_train/F/F741.jpg,F,val
data/raw/asl_alphabet_train/F/F642.jpg,F,val
data/raw/asl_alphabet_train/F/F318.jpg,F,val
data/raw/asl_alphabet_train/F/F2101.jpg,F,val
data/raw/asl_alphabet_train/F/F725.jpg,F,val
data/raw/asl_alphabet_train/F/F1638.jpg,F,val
data/raw/asl_alphabet_train/F/F2356.jpg,F,val
data/raw/asl_alphabet_train/F/F1565.jpg,F,val
data/raw/asl_alphabet_train/F/F139.jpg,F,val
data/raw/asl_alphabet_train/F/F1843.jpg,F,val
data/raw/asl_alphabet_train/F/F2058.jpg,F,val
data/raw/asl_alphabet_train/F/F2630.jpg,F,val
data/raw/asl_alphabet_train/F/F1087.jpg,F,val
data/raw/asl_alphabet_train/F/F1065.jpg,F,val
data/raw/asl_alphabet_train/F/F2120.jpg,F,val
data/raw/asl_alphabet_train/F/F2398.jpg,F,val
data/raw/asl_alphabet_train/F/F2095.jpg,F,val
data/raw/asl_alphabet_train/F/F1552.jpg,F,val
data/raw/asl_alphabet_train/F/F803.jpg,F,val
data/raw/asl_alphabet_train/F/F2186.jpg,F,val
data/raw/asl_alphabet_train/F/F589.jpg,F,val
data/raw/asl_alphabet_train/F/F1635.jpg,F,val
data/raw/asl_alphabet_train/F/F555.jpg,F,val
data/raw/asl_alphabet_train/F/F2520.jpg,F,val
data/raw/asl_alphabet_train/F/F2293.jpg,F,val
data/raw/asl_alphabet_train/F/F2322.jpg,F,val
data/raw/asl_alphabet_train/F/F965.jpg,F,val
data/raw/asl_alphabet_train/F/F596.jpg,F,val
data/raw/asl_alphabet_train/F/F2828.jpg,F,val
data/raw/asl_alphabet_train/F/F1676.jpg,F,val
data/raw/asl_alphabet_train/F/F2570.jpg,F,val
data/raw/asl_alphabet_train/F/F541.jpg,F,val
data/raw/asl_alphabet_train/F/F1525.jpg,F,val
data/raw/asl_alphabet_train/F/F789.jpg,F,val
data/raw/asl_alphabet_train/F/F411.jpg,F,val
data/raw/asl_alphabet_train/F/F2347.jpg,F,val
data/raw/asl_alphabet_train/F/F2618.jpg,F,val
data/raw/asl_alphabet_train/F/F1450.jpg,F,val
data/raw/asl_alphabet_train/F/F2166.jpg,F,val
data/raw/asl_alphabet_train/F/F2548.jpg,F,val
data/raw/asl_alphabet_train/F/F865.jpg,F,val
data/raw/asl_alphabet_train/F/F1785.jpg,F,val
data/raw/asl_alphabet_train/F/F146.jpg,F,val
data/raw/asl_alphabet_train/F/F263.jpg,F,val
data/raw/asl_alphabet_train/F/F1513.jpg,F,val
data/raw/asl_alphabet_train/F/F2500.jpg,F,val
data/raw/asl_alphabet_train/F/F265.jpg,F,val
data/raw/asl_alphabet_train/F/F696.jpg,F,val
data/raw/asl_alphabet_train/F/F379.jpg,F,val
data/raw/asl_alphabet_train/F/F2833.jpg,F,val
data/raw/asl_alphabet_train/F/F996.jpg,F,val
data/raw/asl_alphabet_train/F/F2316.jpg,F,val
data/raw/asl_alphabet_train/F/F34.jpg,F,val
data/raw/asl_alphabet_train/F/F1081.jpg,F,val
data/raw/asl_alphabet_train/F/F1356.jpg,F,val
data/raw/asl_alphabet_train/F/F2443.jpg,F,val
data/raw/asl_alphabet_train/F/F2747.jpg,F,val
data/raw/asl_alphabet_train/F/F1129.jpg,F,val
data/raw/asl_alphabet_train/F/F2073.jpg,F,val
data/raw/asl_alphabet_train/F/F703.jpg,F,val
data/raw/asl_alphabet_train/F/F2201.jpg,F,val
data/raw/asl_alphabet_train/F/F2930.jpg,F,val
data/raw/asl_alphabet_train/F/F2627.jpg,F,val
data/raw/asl_alphabet_train/F/F1063.jpg,F,val
data/raw/asl_alphabet_train/F/F1013.jpg,F,val
data/raw/asl_alphabet_train/F/F494.jpg,F,val
data/raw/asl_alphabet_train/F/F888.jpg,F,val
data/raw/asl_alphabet_train/F/F2810.jpg,F,val
data/raw/asl_alphabet_train/F/F1966.jpg,F,val
data/raw/asl_alphabet_train/F/F1290.jpg,F,val
data/raw/asl_alphabet_train/F/F2401.jpg,F,val
data/raw/asl_alphabet_train/F/F877.jpg,F,val
data/raw/asl_alphabet_train/F/F630.jpg,F,val
data/raw/asl_alphabet_train/F/F61.jpg,F,val
data/raw/asl_alphabet_train/F/F677.jpg,F,val
data/raw/asl_alphabet_train/F/F2433.jpg,F,val
data/raw/asl_alphabet_train/F/F1633.jpg,F,val
data/raw/asl_alphabet_train/F/F2601.jpg,F,val
data/raw/asl_alphabet_train/F/F1664.jpg,F,val
data/raw/asl_alphabet_train/F/F2944.jpg,F,val
data/raw/asl_alphabet_train/F/F2881.jpg,F,val
data/raw/asl_alphabet_train/F/F1710.jpg,F,val
data/raw/asl_alphabet_train/F/F2477.jpg,F,val
data/raw/asl_alphabet_train/F/F711.jpg,F,test
data/raw/asl_alphabet_train/F/F2362.jpg,F,test
data/raw/asl_alphabet_train/F/F16.jpg,F,test
data/raw/asl_alphabet_train/F/F2670.jpg,F,test
data/raw/asl_alphabet_train/F/F507.jpg,F,test
data/raw/asl_alphabet_train/F/F369.jpg,F,test
data/raw/asl_alphabet_train/F/F1884.jpg,F,test
data/raw/asl_alphabet_train/F/F2980.jpg,F,test
data/raw/asl_alphabet_train/F/F774.jpg,F,test
data/raw/asl_alphabet_train/F/F2343.jpg,F,test
data/raw/asl_alphabet_train/F/F85.jpg,F,test
data/raw/asl_alphabet_train/F/F821.jpg,F,test
data/raw/asl_alphabet_train/F/F804.jpg,F,test
data/raw/asl_alphabet_train/F/F457.jpg,F,test
data/raw/asl_alphabet_train/F/F1322.jpg,F,test
data/raw/asl_alphabet_train/F/F2329.jpg,F,test
data/raw/asl_alphabet_train/F/F1784.jpg,F,test
data/raw/asl_alphabet_train/F/F735.jpg,F,test
data/raw/asl_alphabet_train/F/F921.jpg,F,test
data/raw/asl_alphabet_train/F/F2580.jpg,F,test
data/raw/asl_alphabet_train/F/F2425.jpg,F,test
data/raw/asl_alphabet_train/F/F2673.jpg,F,test
data/raw/asl_alphabet_train/F/F2092.jpg,F,test
data/raw/asl_alphabet_train/F/F2941.jpg,F,test
data/raw/asl_alphabet_train/F/F2002.jpg,F,test
data/raw/asl_alphabet_train/F/F2502.jpg,F,test
data/raw/asl_alphabet_train/F/F1554.jpg,F,test
data/raw/asl_alphabet_train/F/F50.jpg,F,test
data/raw/asl_alphabet_train/F/F806.jpg,F,test
data/raw/asl_alphabet_train/F/F271.jpg,F,test
data/raw/asl_alphabet_train/F/F2118.jpg,F,test
data/raw/asl_alphabet_train/F/F580.jpg,F,test
data/raw/asl_alphabet_train/F/F2537.jpg,F,test
data/raw/asl_alphabet_train/F/F1622.jpg,F,test
data/raw/asl_alphabet_train/F/F1224.jpg,F,test
data/raw/asl_alphabet_train/F/F2472.jpg,F,test
data/raw/asl_alphabet_train/F/F1099.jpg,F,test
data/raw/asl_alphabet_train/F/F2862.jpg,F,test
data/raw/asl_alphabet_train/F/F791.jpg,F,test
data/raw/asl_alphabet_train/F/F429.jpg,F,test
data/raw/asl_alphabet_train/F/F1408.jpg,F,test
data/raw/asl_alphabet_train/F/F2664.jpg,F,test
data/raw/asl_alphabet_train/F/F445.jpg,F,test
data/raw/asl_alphabet_train/F/F1379.jpg,F,test
data/raw/asl_alphabet_train/F/F2835.jpg,F,test
data/raw/asl_alphabet_train/F/F2581.jpg,F,test
data/raw/asl_alphabet_train/F/F2800.jpg,F,test
data/raw/asl_alphabet_train/F/F1439.jpg,F,test
data/raw/asl_alphabet_train/F/F2278.jpg,F,test
data/raw/asl_alphabet_train/F/F851.jpg,F,test
data/raw/asl_alphabet_train/F/F1600.jpg,F,test
data/raw/asl_alphabet_train/F/F2267.jpg,F,test
data/raw/asl_alphabet_train/F/F2610.jpg,F,test
data/raw/asl_alphabet_train/F/F1035.jpg,F,test
data/raw/asl_alphabet_train/F/F2035.jpg,F,test
data/raw/asl_alphabet_train/F/F1012.jpg,F,test
data/raw/asl_alphabet_train/F/F2754.jpg,F,test
data/raw/asl_alphabet_train/F/F491.jpg,F,test
data/raw/asl_alphabet_train/F/F1931.jpg,F,test
data/raw/asl_alphabet_train/F/F2802.jpg,F,test
data/raw/asl_alphabet_train/F/F1042.jpg,F,test
data/raw/asl_alphabet_train/F/F842.jpg,F,test
data/raw/asl_alphabet_train/F/F1922.jpg,F,test
data/raw/asl_alphabet_train/F/F1260.jpg,F,test
data/raw/asl_alphabet_train/F/F461.jpg,F,test
data/raw/asl_alphabet_train/F/F872.jpg,F,test
data/raw/asl_alphabet_train/F/F1209.jpg,F,test
data/raw/asl_alphabet_train/F/F1788.jpg,F,test
data/raw/asl_alphabet_train/F/F2204.jpg,F,test
data/raw/asl_alphabet_train/F/F471.jpg,F,test
data/raw/asl_alphabet_train/F/F449.jpg,F,test
data/raw/asl_alphabet_train/F/F365.jpg,F,test
data/raw/asl_alphabet_train/F/F2185.jpg,F,test
data/raw/asl_alphabet_train/F/F1329.jpg,F,test
data/raw/asl_alphabet_train/F/F2654.jpg,F,test
data/raw/asl_alphabet_train/F/F2222.jpg,F,test
data/raw/asl_alphabet_train/F/F1941.jpg,F,test
data/raw/asl_alphabet_train/F/F443.jpg,F,test
data/raw/asl_alphabet_train/F/F2112.jpg,F,test
data/raw/asl_alphabet_train/F/F705.jpg,F,test
data/raw/asl_alphabet_train/F/F1317.jpg,F,test
data/raw/asl_alphabet_train/F/F912.jpg,F,test
data/raw/asl_alphabet_train/F/F1955.jpg,F,test
data/raw/asl_alphabet_train/F/F2957.jpg,F,test
data/raw/asl_alphabet_train/F/F2887.jpg,F,test
data/raw/asl_alphabet_train/F/F1936.jpg,F,test
data/raw/asl_alphabet_train/F/F1786.jpg,F,test
data/raw/asl_alphabet_train/F/F2077.jpg,F,test
data/raw/asl_alphabet_train/F/F299.jpg,F,test
data/raw/asl_alphabet_train/F/F515.jpg,F,test
data/raw/asl_alphabet_train/G/G247.jpg,G,train
data/raw/asl_alphabet_train/G/G1435.jpg,G,train
data/raw/asl_alphabet_train/G/G2160.jpg,G,train
data/raw/asl_alphabet_train/G/G1652.jpg,G,train
data/raw/asl_alphabet_train/G/G2920.jpg,G,train
data/raw/asl_alphabet_train/G/G2937.jpg,G,train
data/raw/asl_alphabet_train/G/G1526.jpg,G,train
data/raw/asl_alphabet_train/G/G1015.jpg,G,train
data/raw/asl_alphabet_train/G/G2712.jpg,G,train
data/raw/asl_alphabet_train/G/G2007.jpg,G,train
data/raw/asl_alphabet_train/G/G143.jpg,G,train
data/raw/asl_alphabet_train/G/G299.jpg,G,train
data/raw/asl_alphabet_train/G/G2016.jpg,G,train
data/raw/asl_alphabet_train/G/G2432.jpg,G,train
data/raw/asl_alphabet_train/G/G74.jpg,G,train
data/raw/asl_alphabet_train/G/G762.jpg,G,train
data/raw/asl_alphabet_train/G/G720.jpg,G,train
data/raw/asl_alphabet_train/G/G1692.jpg,G,train
data/raw/asl_alphabet_train/G/G1805.jpg,G,train
data/raw/asl_alphabet_train/G/G274.jpg,G,train
data/raw/asl_alphabet_train/G/G1558.jpg,G,train
data/raw/asl_alphabet_train/G/G1200.jpg,G,train
data/raw/asl_alphabet_train/G/G2689.jpg,G,train
data/raw/asl_alphabet_train/G/G2854.jpg,G,train
data/raw/asl_alphabet_train/G/G1173.jpg,G,train
data/raw/asl_alphabet_train/G/G145.jpg,G,train
data/raw/asl_alphabet_train/G/G2505.jpg,G,train
data/raw/asl_alphabet_train/G/G556.jpg,G,train
data/raw/asl_alphabet_train/G/G2883.jpg,G,train
data/raw/asl_alphabet_train/G/G2287.jpg,G,train
data/raw/asl_alphabet_train/G/G656.jpg,G,train
data/raw/asl_alphabet_train/G/G1580.jpg,G,train
data/raw/asl_alphabet_train/G/G706.jpg,G,train
data/raw/asl_alphabet_train/G/G883.jpg,G,train
data/raw/asl_alphabet_train/G/G1184.jpg,G,train
data/raw/asl_alphabet_train/G/G2358.jpg,G,train
data/raw/asl_alphabet_train/G/G1251.jpg,G,train
data/raw/asl_alphabet_train/G/G1547.jpg,G,train
data/raw/asl_alphabet_train/G/G2870.jpg,G,train
data/raw/asl_alphabet_train/G/G2555.jpg,G,train
data/raw/asl_alphabet_train/G/G2898.jpg,G,train
data/raw/asl_alphabet_train/G/G2877.jpg,G,train
data/raw/asl_alphabet_train/G/G934.jpg,G,train
data/raw/asl_alphabet_train/G/G1259.jpg,G,train
data/raw/asl_alphabet_train/G/G2661.jpg,G,train
data/raw/asl_alphabet_train/G/G2718.jpg,G,train
data/raw/asl_alphabet_train/G/G1532.jpg,G,train
data/raw/asl_alphabet_train/G/G1484.jpg,G,train
data/raw/asl_alphabet_train/G/G1194.jpg,G,train
data/raw/asl_alphabet_train/G/G851.jpg,G,train
data/raw/asl_alphabet_train/G/G2665.jpg,G,train
data/raw/asl_alphabet_train/G/G598.jpg,G,train
data/raw/asl_alphabet_train/G/G287.jpg,G,train
data/raw/asl_alphabet_train/G/G746.jpg,G,train
data/raw/asl_alphabet_train/G/G1358.jpg,G,train
data/raw/asl_alphabet_train/G/G18.jpg,G,train
data/raw/asl_alphabet_train/G/G1218.jpg,G,train
data/raw/asl_alphabet_train/G/G2106.jpg,G,train
data/raw/asl_alphabet_train/G/G2379.jpg,G,train
data/raw/asl_alphabet_train/G/G2828.jpg,G,train
data/raw/asl_alphabet_train/G/G275.jpg,G,train
data/raw/asl_alphabet_train/G/G2707.jpg,G,train
data/raw/asl_alphabet_train/G/G1980.jpg,G,train
data/raw/asl_alphabet_train/G/G2600.jpg,G,train
data/raw/asl_alphabet_train/G/G1672.jpg,G,train
data/raw/asl_alphabet_train/G/G206.jpg,G,train
data/raw/asl_alphabet_train/G/G687.jpg,G,train
data/raw/asl_alphabet_train/G/G1459.jpg,G,train
data/raw/asl_alphabet_train/G/G1963.jpg,G,train
data/raw/asl_alphabet_train/G/G1684.jpg,G,train
data/raw/asl_alphabet_train/G/G2119.jpg,G,train
data/raw/asl_alphabet_train/G/G1582.jpg,G,train
data/raw/asl_alphabet_train/G/G2341.jpg,G,train
data/raw/asl_alphabet_train/G/G1098.jpg,G,train
data/raw/asl_alphabet_train/G/G2651.jpg,G,train
data/raw/asl_alphabet_train/G/G1449.jpg,G,train
data/raw/asl_alphabet_train/G/G2887.jpg,G,train
data/raw/asl_alphabet_train/G/G1269.jpg,G,train
data/raw/asl_alphabet_train/G/G1261.jpg,G,train
data/raw/asl_alphabet_train/G/G1605.jpg,G,train
data/raw/asl_alphabet_train/G/G269.jpg,G,train
data/raw/asl_alphabet_train/G/G1143.jpg,G,train
data/raw/asl_alphabet_train/G/G2363.jpg,G,train
data/raw/asl_alphabet_train/G/G124.jpg,G,train
data/raw/asl_alphabet_train/G/G1756.jpg,G,train
data/raw/asl_alphabet_train/G/G1780.jpg,G,train
data/raw/asl_alphabet_train/G/G2365.jpg,G,train
data/raw/asl_alphabet_train/G/G2591.jpg,G,train
data/raw/asl_alphabet_train/G/G1926.jpg,G,train
data/raw/asl_alphabet_train/G/G2806.jpg,G,train
data/raw/asl_alphabet_train/G/G2193.jpg,G,train
data/raw/asl_alphabet_train/G/G1901.jpg,G,train
data/raw/asl_alphabet_train/G/G1839.jpg,G,train
data/raw/asl_alphabet_train/G/G2502.jpg,G,train
data/raw/asl_alphabet_train/G/G426.jpg,G,train
data/raw/asl_alphabet_train/G/G298.jpg,G,train
data/raw/asl_alphabet_train/G/G1724.jpg,G,train
data/raw/asl_alphabet_train/G/G2374.jpg,G,train
data/raw/asl_alphabet_train/G/G954.jpg,G,train
data/raw/asl_alphabet_train/G/G163.jpg,G,train
data/raw/asl_alphabet_train/G/G1779.jpg,G,train
data/raw/asl_alphabet_train/G/G1252.jpg,G,train
data/raw/asl_alphabet_train/G/G2005.jpg,G,train
data/raw/asl_alphabet_train/G/G455.jpg,G,train
data/raw/asl_alphabet_train/G/G2457.jpg,G,train
data/raw/asl_alphabet_train/G/G678.jpg,G,train
data/raw/asl_alphabet_train/G/G1559.jpg,G,train
data/raw/asl_alphabet_train/G/G319.jpg,G,train
data/raw/asl_alphabet_train/G/G1470.jpg,G,train
data/raw/asl_alphabet_train/G/G1127.jpg,G,train
data/raw/asl_alphabet_train/G/G1158.jpg,G,train
data/raw/asl_alphabet_train/G/G541.jpg,G,train
data/raw/asl_alphabet_train/G/G1819.jpg,G,train
data/raw/asl_alphabet_train/G/G1340.jpg,G,train
data/raw/asl_alphabet_train/G/G1770.jpg,G,train
data/raw/asl_alphabet_train/G/G2081.jpg,G,train
data/raw/asl_alphabet_train/G/G361.jpg,G,train
data/raw/asl_alphabet_train/G/G1909.jpg,G,train
data/raw/asl_alphabet_train/G/G2964.jpg,G,train
data/raw/asl_alphabet_train/G/G2247.jpg,G,train
data/raw/asl_alphabet_train/G/G2629.jpg,G,train
data/raw/asl_alphabet_train/G/G620.jpg,G,train
data/raw/asl_alphabet_train/G/G1657.jpg,G,train
data/raw/asl_alphabet_train/G/G2687.jpg,G,train
data/raw/asl_alphabet_train/G/G245.jpg,G,train
data/raw/asl_alphabet_train/G/G1897.jpg,G,train
data/raw/asl_alphabet_train/G/G1915.jpg,G,train
data/raw/asl_alphabet_train/G/G1738.jpg,G,train
data/raw/asl_alphabet_train/G/G340.jpg,G,train
data/raw/asl_alphabet_train/G/G2118.jpg,G,train
data/raw/asl_alphabet_train/G/G2834.jpg,G,train
data/raw/asl_alphabet_train/G/G2868.jpg,G,train
data/raw/asl_alphabet_train/G/G1632.jpg,G,train
data/raw/asl_alphabet_train/G/G2268.jpg,G,train
data/raw/asl_alphabet_train/G/G2052.jpg,G,train
data/raw/asl_alphabet_train/G/G514.jpg,G,train
data/raw/asl_alphabet_train/G/G791.jpg,G,train
data/raw/asl_alphabet_train/G/G1664.jpg,G,train
data/raw/asl_alphabet_train/G/G2549.jpg,G,train
data/raw/asl_alphabet_train/G/G1492.jpg,G,train
data/raw/asl_alphabet_train/G/G1183.jpg,G,train
data/raw/asl_alphabet_train/G/G2601.jpg,G,train
data/raw/asl_alphabet_train/G/G2726.jpg,G,train
data/raw/asl_alphabet_train/G/G1542.jpg,G,train
data/raw/asl_alphabet_train/G/G800.jpg,G,train
data/raw/asl_alphabet_train/G/G2680.jpg,G,train
data/raw/asl_alphabet_train/G/G2064.jpg,G,train
data/raw/asl_alphabet_train/G/G724.jpg,G,train
data/raw/asl_alphabet_train/G/G798.jpg,G,train
data/raw/asl_alphabet_train/G/G1191.jpg,G,train
data/raw/asl_alphabet_train/G/G730.jpg,G,train
data/raw/asl_alphabet_train/G/G358.jpg,G,train
data/raw/asl_alphabet_train/G/G2907.jpg,G,train
data/raw/asl_alphabet_train/G/G882.jpg,G,train
data/raw/asl_alphabet_train/G/G1167.jpg,G,train
data/raw/asl_alphabet_train/G/G2060.jpg,G,train
data/raw/asl_alphabet_train/G/G1273.jpg,G,train
data/raw/asl_alphabet_train/G/G1182.jpg,G,train
data/raw/asl_alphabet_train/G/G1427.jpg,G,train
data/raw/asl_alphabet_train/G/G1550.jpg,G,train
data/raw/asl_alphabet_train/G/G313.jpg,G,train
data/raw/asl_alphabet_train/G/G1219.jpg,G,train
data/raw/asl_alphabet_train/G/G1220.jpg,G,train
data/raw/asl_alphabet_train/G/G828.jpg,G,train
data/raw/asl_alphabet_train/G/G549.jpg,G,train
data/raw/asl_alphabet_train/G/G1810.jpg,G,train
data/raw/asl_alphabet_train/G/G41.jpg,G,train
data/raw/asl_alphabet_train/G/G2204.jpg,G,train
data/raw/asl_alphabet_train/G/G667.jpg,G,train
data/raw/asl_alphabet_train/G/G1871.jpg,G,train
data/raw/asl_alphabet_train/G/G680.jpg,G,train
data/raw/asl_alphabet_train/G/G1291.jpg,G,train
data/raw/asl_alphabet_train/G/G56.jpg,G,train
data/raw/asl_alphabet_train/G/G278.jpg,G,train
data/raw/asl_alphabet_train/G/G903.jpg,G,train
data/raw/asl_alphabet_train/G/G1074.jpg,G,train
data/raw/asl_alphabet_train/G/G1334.jpg,G,train
data/raw/asl_alphabet_train/G/G1930.jpg,G,train
data/raw/asl_alphabet_train/G/G902.jpg,G,train
data/raw/asl_alphabet_train/G/G1462.jpg,G,train
data/raw/asl_alphabet_train/G/G188.jpg,G,train
data/raw/asl_alphabet_train/G/G889.jpg,G,train
data/raw/asl_alphabet_train/G/G205.jpg,G,train
data/raw/asl_alphabet_train/G/G1602.jpg,G,train
data/raw/asl_alphabet_train/G/G564.jpg,G,train
data/raw/asl_alphabet_train/G/G2694.jpg,G,train
data/raw/asl_alphabet_train/G/G2631.jpg,G,train
data/raw/asl_alphabet_train/G/G2617.jpg,G,train
data/raw/asl_alphabet_train/G/G367.jpg,G,train
data/raw/asl_alphabet_train/G/G1369.jpg,G,train
data/raw/asl_alphabet_train/G/G956.jpg,G,train
data/raw/asl_alphabet_train/G/G1712.jpg,G,train
data/raw/asl_alphabet_train/G/G2471.jpg,G,train
data/raw/asl_alphabet_train/G/G1093.jpg,G,train
data/raw/asl_alphabet_train/G/G1536.jpg,G,train
data/raw/asl_alphabet_train/G/G449.jpg,G,train
data/raw/asl_alphabet_train/G/G355.jpg,G,train
data/raw/asl_alphabet_train/G/G952.jpg,G,train
data/raw/asl_alphabet_train/G/G2375.jpg,G,train
data/raw/asl_alphabet_train/G/G693.jpg,G,train
data/raw/asl_alphabet_train/G/G2570.jpg,G,train
data/raw/asl_alphabet_train/G/G2586.jpg,G,train
data/raw/asl_alphabet_train/G/G1854.jpg,G,train
data/raw/asl_alphabet_train/G/G2306.jpg,G,train
data/raw/asl_alphabet_train/G/G2116.jpg,G,train
data/raw/asl_alphabet_train/G/G1725.jpg,G,train
data/raw/asl_alphabet_train/G/G1598.jpg,G,train
data/raw/asl_alphabet_train/G/G2167.jpg,G,train
data/raw/asl_alphabet_train/G/G701.jpg,G,train
data/raw/asl_alphabet_train/G/G2085.jpg,G,train
data/raw/asl_alphabet_train/G/G1678.jpg,G,train
data/raw/asl_alphabet_train/G/G1312.jpg,G,train
data/raw/asl_alphabet_train/G/G282.jpg,G,train
data/raw/asl_alphabet_train/G/G1185.jpg,G,train
data/raw/asl_alphabet_train/G/G1058.jpg,G,train
data/raw/asl_alphabet_train/G/G2392.jpg,G,train
data/raw/asl_alphabet_train/G/G530.jpg,G,train
data/raw/asl_alphabet_train/G/G2042.jpg,G,train
data/raw/asl_alphabet_train/G/G2179.jpg,G,train
data/raw/asl_alphabet_train/G/G1426.jpg,G,train
data/raw/asl_alphabet_train/G/G804.jpg,G,train
data/raw/asl_alphabet_train/G/G439.jpg,G,train
data/raw/asl_alphabet_train/G/G2249.jpg,G,train
data/raw/asl_alphabet_train/G/G21.jpg,G,train
data/raw/asl_alphabet_train/G/G2036.jpg,G,train
data/raw/asl_alphabet_train/G/G166.jpg,G,train
data/raw/asl_alphabet_train/G/G159.jpg,G,train
data/raw/asl_alphabet_train/G/G1565.jpg,G,train
data/raw/asl_alphabet_train/G/G589.jpg,G,train
data/raw/asl_alphabet_train/G/G462.jpg,G,train
data/raw/asl_alphabet_train/G/G242.jpg,G,train
data/raw/asl_alphabet_train/G/G19.jpg,G,train
data/raw/asl_alphabet_train/G/G2963.jpg,G,train
data/raw/asl_alphabet_train/G/G1524.jpg,G,train
data/raw/asl_alphabet_train/G/G1793.jpg,G,train
data/raw/asl_alphabet_train/G/G2519.jpg,G,train
data/raw/asl_alphabet_train/G/G1299.jpg,G,train
data/raw/asl_alphabet_train/G/G187.jpg,G,train
data/raw/asl_alphabet_train/G/G264.jpg,G,train
data/raw/asl_alphabet_train/G/G123.jpg,G,train
data/raw/asl_alphabet_train/G/G2548.jpg,G,train
data/raw/asl_alphabet_train/G/G1597.jpg,G,train
data/raw/asl_alphabet_train/G/G2731.jpg,G,train
data/raw/asl_alphabet_train/G/G918.jpg,G,train
data/raw/asl_alphabet_train/G/G2100.jpg,G,train
data/raw/asl_alphabet_train/G/G406.jpg,G,train
data/raw/asl_alphabet_train/G/G2760.jpg,G,train
data/raw/asl_alphabet_train/G/G1096.jpg,G,train
data/raw/asl_alphabet_train/G/G2740.jpg,G,train
data/raw/asl_alphabet_train/G/G2911.jpg,G,train
data/raw/asl_alphabet_train/G/G1215.jpg,G,train
data/raw/asl_alphabet_train/G/G1888.jpg,G,train
data/raw/asl_alphabet_train/G/G2590.jpg,G,train
data/raw/asl_alphabet_train/G/G2486.jpg,G,train
data/raw/asl_alphabet_train/G/G403.jpg,G,train
data/raw/asl_alphabet_train/G/G1120.jpg,G,train
data/raw/asl_alphabet_train/G/G2485.jpg,G,train
data/raw/asl_alphabet_train/G/G1729.jpg,G,train
data/raw/asl_alphabet_train/G/G1199.jpg,G,train
data/raw/asl_alphabet_train/G/G1413.jpg,G,train
data/raw/asl_alphabet_train/G/G423.jpg,G,train
data/raw/asl_alphabet_train/G/G29.jpg,G,train
data/raw/asl_alphabet_train/G/G511.jpg,G,train
data/raw/asl_alphabet_train/G/G977.jpg,G,train
data/raw/asl_alphabet_train/G/G2310.jpg,G,train
data/raw/asl_alphabet_train/G/G1747.jpg,G,train
data/raw/asl_alphabet_train/G/G2952.jpg,G,train
data/raw/asl_alphabet_train/G/G267.jpg,G,train
data/raw/asl_alphabet_train/G/G1885.jpg,G,train
data/raw/asl_alphabet_train/G/G27.jpg,G,train
data/raw/asl_alphabet_train/G/G823.jpg,G,train
data/raw/asl_alphabet_train/G/G1033.jpg,G,train
data/raw/asl_alphabet_train/G/G2602.jpg,G,train
data/raw/asl_alphabet_train/G/G198.jpg,G,train
data/raw/asl_alphabet_train/G/G871.jpg,G,train
data/raw/asl_alphabet_train/G/G1114.jpg,G,train
data/raw/asl_alphabet_train/G/G2393.jpg,G,train
data/raw/asl_alphabet_train/G/G1197.jpg,G,train
data/raw/asl_alphabet_train/G/G2585.jpg,G,train
data/raw/asl_alphabet_train/G/G1735.jpg,G,train
data/raw/asl_alphabet_train/G/G445.jpg,G,train
data/raw/asl_alphabet_train/G/G2453.jpg,G,train
data/raw/asl_alphabet_train/G/G2469.jpg,G,train
data/raw/asl_alphabet_train/G/G2386.jpg,G,train
data/raw/asl_alphabet_train/G/G577.jpg,G,train
data/raw/asl_alphabet_train/G/G344.jpg,G,train
data/raw/asl_alphabet_train/G/G1642.jpg,G,train
data/raw/asl_alphabet_train/G/G1250.jpg,G,train
data/raw/asl_alphabet_train/G/G2785.jpg,G,train
data/raw/asl_alphabet_train/G/G2166.jpg,G,train
data/raw/asl_alphabet_train/G/G1024.jpg,G,train
data/raw/asl_alphabet_train/G/G2231.jpg,G,train
data/raw/asl_alphabet_train/G/G2738.jpg,G,train
data/raw/asl_alphabet_train/G/G728.jpg,G,train
data/raw/asl_alphabet_train/G/G695.jpg,G,train
data/raw/asl_alphabet_train/G/G1266.jpg,G,train
data/raw/asl_alphabet_train/G/G2151.jpg,G,train
data/raw/asl_alphabet_train/G/G470.jpg,G,train
data/raw/asl_alphabet_train/G/G698.jpg,G,train
data/raw/asl_alphabet_train/G/G1902.jpg,G,train
data/raw/asl_alphabet_train/G/G2394.jpg,G,train
data/raw/asl_alphabet_train/G/G1567.jpg,G,train
data/raw/asl_alphabet_train/G/G1267.jpg,G,train
data/raw/asl_alphabet_train/G/G1126.jpg,G,train
data/raw/asl_alphabet_train/G/G1517.jpg,G,train
data/raw/asl_alphabet_train/G/G1566.jpg,G,train
data/raw/asl_alphabet_train/G/G2790.jpg,G,train
data/raw/asl_alphabet_train/G/G1579.jpg,G,train
data/raw/asl_alphabet_train/G/G2013.jpg,G,train
data/raw/asl_alphabet_train/G/G1931.jpg,G,train
data/raw/asl_alphabet_train/G/G2904.jpg,G,train
data/raw/asl_alphabet_train/G/G1382.jpg,G,train
data/raw/asl_alphabet_train/G/G1147.jpg,G,train
data/raw/asl_alphabet_train/G/G1302.jpg,G,train
data/raw/asl_alphabet_train/G/G2567.jpg,G,train
data/raw/asl_alphabet_train/G/G2750.jpg,G,train
data/raw/asl_alphabet_train/G/G1108.jpg,G,train
data/raw/asl_alphabet_train/G/G520.jpg,G,train
data/raw/asl_alphabet_train/G/G866.jpg,G,train
data/raw/asl_alphabet_train/G/G1721.jpg,G,train
data/raw/asl_alphabet_train/G/G281.jpg,G,train
data/raw/asl_alphabet_train/G/G495.jpg,G,train
data/raw/asl_alphabet_train/G/G451.jpg,G,train
data/raw/asl_alphabet_train/G/G523.jpg,G,train
data/raw/asl_alphabet_train/G/G818.jpg,G,train
data/raw/asl_alphabet_train/G/G184.jpg,G,train
data/raw/asl_alphabet_train/G/G2362.jpg,G,train
data/raw/asl_alphabet_train/G/G2572.jpg,G,train
data/raw/asl_alphabet_train/G/G2026.jpg,G,train
data/raw/asl_alphabet_train/G/G2561.jpg,G,train
data/raw/asl_alphabet_train/G/G1916.jpg,G,train
data/raw/asl_alphabet_train/G/G2777.jpg,G,train
data/raw/asl_alphabet_train/G/G679.jpg,G,train
data/raw/asl_alphabet_train/G/G1105.jpg,G,train
data/raw/asl_alphabet_train/G/G1293.jpg,G,train
data/raw/asl_alphabet_train/G/G1161.jpg,G,train
data/raw/asl_alphabet_train/G/G1733.jpg,G,train
data/raw/asl_alphabet_train/G/G1232.jpg,G,train
data/raw/asl_alphabet_train/G/G2814.jpg,G,train
data/raw/asl_alphabet_train/G/G2784.jpg,G,train
data/raw/asl_alphabet_train/G/G1699.jpg,G,train
data/raw/asl_alphabet_train/G/G1884.jpg,G,train
data/raw/asl_alphabet_train/G/G986.jpg,G,train
data/raw/asl_alphabet_train/G/G1954.jpg,G,train
data/raw/asl_alphabet_train/G/G1111.jpg,G,train
data/raw/asl_alphabet_train/G/G1480.jpg,G,train
data/raw/asl_alphabet_train/G/G2495.jpg,G,train
data/raw/asl_alphabet_train/G/G1265.jpg,G,train
data/raw/asl_alphabet_train/G/G1439.jpg,G,train
data/raw/asl_alphabet_train/G/G2539.jpg,G,train
data/raw/asl_alphabet_train/G/G200.jpg,G,train
data/raw/asl_alphabet_train/G/G738.jpg,G,train
data/raw/asl_alphabet_train/G/G741.jpg,G,train
data/raw/asl_alphabet_train/G/G721.jpg,G,train
data/raw/asl_alphabet_train/G/G1362.jpg,G,train
data/raw/asl_alphabet_train/G/G2115.jpg,G,train
data/raw/asl_alphabet_train/G/G1669.jpg,G,train
data/raw/asl_alphabet_train/G/G2256.jpg,G,train
data/raw/asl_alphabet_train/G/G2181.jpg,G,train
data/raw/asl_alphabet_train/G/G2364.jpg,G,train
data/raw/asl_alphabet_train/G/G2411.jpg,G,train
data/raw/asl_alphabet_train/G/G2493.jpg,G,train
data/raw/asl_alphabet_train/G/G2346.jpg,G,train
data/raw/asl_alphabet_train/G/G2458.jpg,G,train
data/raw/asl_alphabet_train/G/G2468.jpg,G,train
data/raw/asl_alphabet_train/G/G850.jpg,G,train
data/raw/asl_alphabet_train/G/G1440.jpg,G,train
data/raw/asl_alphabet_train/G/G1352.jpg,G,train
data/raw/asl_alphabet_train/G/G2431.jpg,G,train
data/raw/asl_alphabet_train/G/G1961.jpg,G,train
data/raw/asl_alphabet_train/G/G2763.jpg,G,train
data/raw/asl_alphabet_train/G/G2917.jpg,G,train
data/raw/asl_alphabet_train/G/G2259.jpg,G,train
data/raw/asl_alphabet_train/G/G1934.jpg,G,train
data/raw/asl_alphabet_train/G/G2849.jpg,G,train
data/raw/asl_alphabet_train/G/G867.jpg,G,train
data/raw/asl_alphabet_train/G/G2202.jpg,G,train
data/raw/asl_alphabet_train/G/G2157.jpg,G,train
data/raw/asl_alphabet_train/G/G1907.jpg,G,train
data/raw/asl_alphabet_train/G/G998.jpg,G,train
data/raw/asl_alphabet_train/G/G729.jpg,G,train
data/raw/asl_alphabet_train/G/G685.jpg,G,train
data/raw/asl_alphabet_train/G/G1003.jpg,G,train
data/raw/asl_alphabet_train/G/G1760.jpg,G,train
data/raw/asl_alphabet_train/G/G1444.jpg,G,train
data/raw/asl_alphabet_train/G/G2208.jpg,G,train
data/raw/asl_alphabet_train/G/G2382.jpg,G,train
data/raw/asl_alphabet_train/G/G390.jpg,G,train
data/raw/asl_alphabet_train/G/G704.jpg,G,train
data/raw/asl_alphabet_train/G/G2162.jpg,G,train
data/raw/asl_alphabet_train/G/G1719.jpg,G,train
data/raw/asl_alphabet_train/G/G133.jpg,G,train
data/raw/asl_alphabet_train/G/G2328.jpg,G,train
data/raw/asl_alphabet_train/G/G23.jpg,G,train
data/raw/asl_alphabet_train/G/G1704.jpg,G,train
data/raw/asl_alphabet_train/G/G213.jpg,G,train
data/raw/asl_alphabet_train/G/G1852.jpg,G,train
data/raw/asl_alphabet_train/G/G2343.jpg,G,train
data/raw/asl_alphabet_train/G/G2395.jpg,G,train
data/raw/asl_alphabet_train/G/G2351.jpg,G,train
data/raw/asl_alphabet_train/G/G2263.jpg,G,train
data/raw/asl_alphabet_train/G/G1128.jpg,G,train
data/raw/asl_alphabet_train/G/G333.jpg,G,train
data/raw/asl_alphabet_train/G/G1769.jpg,G,train
data/raw/asl_alphabet_train/G/G1503.jpg,G,train
data/raw/asl_alphabet_train/G/G537.jpg,G,train
data/raw/asl_alphabet_train/G/G1922.jpg,G,train
data/raw/asl_alphabet_train/G/G1950.jpg,G,train
data/raw/asl_alphabet_train/G/G65.jpg,G,train
data/raw/asl_alphabet_train/G/G2464.jpg,G,train
data/raw/asl_alphabet_train/G/G2140.jpg,G,train
data/raw/asl_alphabet_train/G/G2086.jpg,G,train
data/raw/asl_alphabet_train/G/G2607.jpg,G,train
data/raw/asl_alphabet_train/G/G453.jpg,G,train
data/raw/asl_alphabet_train/G/G2579.jpg,G,train
data/raw/asl_alphabet_train/G/G2498.jpg,G,train
data/raw/asl_alphabet_train/G/G1346.jpg,G,train
data/raw/asl_alphabet_train/G/G1872.jpg,G,train
data/raw/asl_alphabet_train/G/G860.jpg,G,train
data/raw/asl_alphabet_train/G/G906.jpg,G,train
data/raw/asl_alphabet_train/G/G130.jpg,G,val
data/raw/asl_alphabet_train/G/G2255.jpg,G,val
data/raw/asl_alphabet_train/G/G248.jpg,G,val
data/raw/asl_alphabet_train/G/G2897.jpg,G,val
data/raw/asl_alphabet_train/G/G1716.jpg,G,val
data/raw/asl_alphabet_train/G/G2577.jpg,G,val
data/raw/asl_alphabet_train/G/G2099.jpg,G,val
data/raw/asl_alphabet_train/G/G1452.jpg,G,val
data/raw/asl_alphabet_train/G/G1689.jpg,G,val
data/raw/asl_alphabet_train/G/G1772.jpg,G,val
data/raw/asl_alphabet_train/G/G359.jpg,G,val
data/raw/asl_alphabet_train/G/G897.jpg,G,val
data/raw/asl_alphabet_train/G/G2682.jpg,G,val
data/raw/asl_alphabet_train/G/G1511.jpg,G,val
data/raw/asl_alphabet_train/G/G1430.jpg,G,val
data/raw/asl_alphabet_train/G/G536.jpg,G,val
data/raw/asl_alphabet_train/G/G1883.jpg,G,val
data/raw/asl_alphabet_train/G/G2762.jpg,G,val
data/raw/asl_alphabet_train/G/G1339.jpg,G,val
data/raw/asl_alphabet_train/G/G2037.jpg,G,val
data/raw/asl_alphabet_train/G/G1011.jpg,G,val
data/raw/asl_alphabet_train/G/G332.jpg,G,val
data/raw/asl_alphabet_train/G/G300.jpg,G,val
data/raw/asl_alphabet_train/G/G1859.jpg,G,val
data/raw/asl_alphabet_train/G/G1437.jpg,G,val
data/raw/asl_alphabet_train/G/G592.jpg,G,val
data/raw/asl_alphabet_train/G/G915.jpg,G,val
data/raw/asl_alphabet_train/G/G1753.jpg,G,val
data/raw/asl_alphabet_train/G/G2006.jpg,G,val
data/raw/asl_alphabet_train/G/G285.jpg,G,val
data/raw/asl_alphabet_train/G/G2220.jpg,G,val
data/raw/asl_alphabet_train/G/G688.jpg,G,val
data/raw/asl_alphabet_train/G/G602.jpg,G,val
data/raw/asl_alphabet_train/G/G1531.jpg,G,val
data/raw/asl_alphabet_train/G/G2451.jpg,G,val
data/raw/asl_alphabet_train/G/G1623.jpg,G,val
data/raw/asl_alphabet_train/G/G1530.jpg,G,val
data/raw/asl_alphabet_train/G/G431.jpg,G,val
data/raw/asl_alphabet_train/G/G1078.jpg,G,val
data/raw/asl_alphabet_train/G/G1432.jpg,G,val
data/raw/asl_alphabet_train/G/G2644.jpg,G,val
data/raw/asl_alphabet_train/G/G1171.jpg,G,val
data/raw/asl_alphabet_train/G/G49.jpg,G,val
data/raw/asl_alphabet_train/G/G2935.jpg,G,val
data/raw/asl_alphabet_train/G/G225.jpg,G,val
data/raw/asl_alphabet_train/G/G2803.jpg,G,val
data/raw/asl_alphabet_train/G/G2214.jpg,G,val
data/raw/asl_alphabet_train/G/G2560.jpg,G,val
data/raw/asl_alphabet_train/G/G2614.jpg,G,val
data/raw/asl_alphabet_train/G/G279.jpg,G,val
data/raw/asl_alphabet_train/G/G2954.jpg,G,val
data/raw/asl_alphabet_train/G/G2623.jpg,G,val
data/raw/asl_alphabet_train/G/G1857.jpg,G,val
data/raw/asl_alphabet_train/G/G2269.jpg,G,val
data/raw/asl_alphabet_train/G/G160.jpg,G,val
data/raw/asl_alphabet_train/G/G1774.jpg,G,val
data/raw/asl_alphabet_train/G/G220.jpg,G,val
data/raw/asl_alphabet_train/G/G2786.jpg,G,val
data/raw/asl_alphabet_train/G/G1478.jpg,G,val
data/raw/asl_alphabet_train/G/G1023.jpg,G,val
data/raw/asl_alphabet_train/G/G2996.jpg,G,val
data/raw/asl_alphabet_train/G/G2857.jpg,G,val
data/raw/asl_alphabet_train/G/G947.jpg,G,val
data/raw/asl_alphabet_train/G/G2520.jpg,G,val
data/raw/asl_alphabet_train/G/G1616.jpg,G,val
data/raw/asl_alphabet_train/G/G1084.jpg,G,val
data/raw/asl_alphabet_train/G/G619.jpg,G,val
data/raw/asl_alphabet_train/G/G230.jpg,G,val
data/raw/asl_alphabet_train/G/G118.jpg,G,val
data/raw/asl_alphabet_train/G/G202.jpg,G,val
data/raw/asl_alphabet_train/G/G2192.jpg,G,val
data/raw/asl_alphabet_train/G/G103.jpg,G,val
data/raw/asl_alphabet_train/G/G2639.jpg,G,val
data/raw/asl_alphabet_train/G/G2489.jpg,G,val
data/raw/asl_alphabet_train/G/G2723.jpg,G,val
data/raw/asl_alphabet_train/G/G141.jpg,G,val
data/raw/asl_alphabet_train/G/G2063.jpg,G,val
data/raw/asl_alphabet_train/G/G784.jpg,G,val
data/raw/asl_alphabet_train/G/G789.jpg,G,val
data/raw/asl_alphabet_train/G/G2360.jpg,G,val
data/raw/asl_alphabet_train/G/G2729.jpg,G,val
data/raw/asl_alphabet_train/G/G2425.jpg,G,val
data/raw/asl_alphabet_train/G/G469.jpg,G,val
data/raw/asl_alphabet_train/G/G487.jpg,G,val
data/raw/asl_alphabet_train/G/G1798.jpg,G,val
data/raw/asl_alphabet_train/G/G953.jpg,G,val
data/raw/asl_alphabet_train/G/G2847.jpg,G,val
data/raw/asl_alphabet_train/G/G2173.jpg,G,val
data/raw/asl_alphabet_train/G/G1136.jpg,G,val
data/raw/asl_alphabet_train/G/G2974.jpg,G,val
data/raw/asl_alphabet_train/G/G2524.jpg,G,test
data/raw/asl_alphabet_train/G/G234.jpg,G,test
data/raw/asl_alphabet_train/G/G1541.jpg,G,test
data/raw/asl_alphabet_train/G/G2428.jpg,G,test
data/raw/asl_alphabet_train/G/G2578.jpg,G,test
data/raw/asl_alphabet_train/G/G240.jpg,G,test
data/raw/asl_alphabet_train/G/G2243.jpg,G,test
data/raw/asl_alphabet_train/G/G1765.jpg,G,test
data/raw/asl_alphabet_train/G/G714.jpg,G,test
data/raw/asl_alphabet_train/G/G2592.jpg,G,test
data/raw/asl_alphabet_train/G/G1193.jpg,G,test
data/raw/asl_alphabet_train/G/G1460.jpg,G,test
data/raw/asl_alphabet_train/G/G419.jpg,G,test
data/raw/asl_alphabet_train/G/G2499.jpg,G,test
data/raw/asl_alphabet_train/G/G683.jpg,G,test
data/raw/asl_alphabet_train/G/G2242.jpg,G,test
data/raw/asl_alphabet_train/G/G1000.jpg,G,test
data/raw/asl_alphabet_train/G/G2258.jpg,G,test
data/raw/asl_alphabet_train/G/G347.jpg,G,test
data/raw/asl_alphabet_train/G/G122.jpg,G,test
data/raw/asl_alphabet_train/G/G1943.jpg,G,test
data/raw/asl_alphabet_train/G/G2390.jpg,G,test
data/raw/asl_alphabet_train/G/G1695.jpg,G,test
data/raw/asl_alphabet_train/G/G1826.jpg,G,test
data/raw/asl_alphabet_train/G/G254.jpg,G,test
data/raw/asl_alphabet_train/G/G2886.jpg,G,test
data/raw/asl_alphabet_train/G/G1104.jpg,G,test
data/raw/asl_alphabet_train/G/G1563.jpg,G,test
data/raw/asl_alphabet_train/G/G2139.jpg,G,test
data/raw/asl_alphabet_train/G/G1428.jpg,G,test
data/raw/asl_alphabet_train/G/G1205.jpg,G,test
data/raw/asl_alphabet_train/G/G739.jpg,G,test
data/raw/asl_alphabet_train/G/G2906.jpg,G,test
data/raw/asl_alphabet_train/G/G2226.jpg,G,test
data/raw/asl_alphabet_train/G/G547.jpg,G,test
data/raw/asl_alphabet_train/G/G1035.jpg,G,test
data/raw/asl_alphabet_train/G/G1262.jpg,G,test
data/raw/asl_alphabet_train/G/G2161.jpg,G,test
data/raw/asl_alphabet_train/G/G2354.jpg,G,test
data/raw/asl_alphabet_train/G/G624.jpg,G,test
data/raw/asl_alphabet_train/G/G1187.jpg,G,test
data/raw/asl_alphabet_train/G/G2404.jpg,G,test
data/raw/asl_alphabet_train/G/G110.jpg,G,test
data/raw/asl_alphabet_train/G/G1528.jpg,G,test
data/raw/asl_alphabet_train/G/G2704.jpg,G,test
data/raw/asl_alphabet_train/G/G1527.jpg,G,test
data/raw/asl_alphabet_train/G/G2864.jpg,G,test
data/raw/asl_alphabet_train/G/G1749.jpg,G,test
data/raw/asl_alphabet_train/G/G1654.jpg,G,test
data/raw/asl_alphabet_train/G/G2881.jpg,G,test
data/raw/asl_alphabet_train/G/G2305.jpg,G,test
data/raw/asl_alphabet_train/G/G2775.jpg,G,test
data/raw/asl_alphabet_train/G/G1464.jpg,G,test
data/raw/asl_alphabet_train/G/G2789.jpg,G,test
data/raw/asl_alphabet_train/G/G686.jpg,G,test
data/raw/asl_alphabet_train/G/G605.jpg,G,test
data/raw/asl_alphabet_train/G/G15.jpg,G,test
data/raw/asl_alphabet_train/G/G2818.jpg,G,test
data/raw/asl_alphabet_train/G/G478.jpg,G,test
data/raw/asl_alphabet_train/G/G1869.jpg,G,test
data/raw/asl_alphabet_train/G/G2277.jpg,G,test
data/raw/asl_alphabet_train/G/G2724.jpg,G,test
data/raw/asl_alphabet_train/G/G2612.jpg,G,test
data/raw/asl_alphabet_train/G/G1989.jpg,G,test
data/raw/asl_alphabet_train/G/G719.jpg,G,test
data/raw/asl_alphabet_train/G/G833.jpg,G,test
data/raw/asl_alphabet_train/G/G236.jpg,G,test
data/raw/asl_alphabet_train/G/G2452.jpg,G,test
data/raw/asl_alphabet_train/G/G1913.jpg,G,test
data/raw/asl_alphabet_train/G/G2445.jpg,G,test
data/raw/asl_alphabet_train/G/G1773.jpg,G,test
data/raw/asl_alphabet_train/G/G817.jpg,G,test
data/raw/asl_alphabet_train/G/G364.jpg,G,test
data/raw/asl_alphabet_train/G/G2537.jpg,G,test
data/raw/asl_alphabet_train/G/G2916.jpg,G,test
data/raw/asl_alphabet_train/G/G1912.jpg,G,test
data/raw/asl_alphabet_train/G/G1479.jpg,G,test
data/raw/asl_alphabet_train/G/G496.jpg,G,test
data/raw/asl_alphabet_train/G/G2896.jpg,G,test
data/raw/asl_alphabet_train/G/G2666.jpg,G,test
data/raw/asl_alphabet_train/G/G1865.jpg,G,test
data/raw/asl_alphabet_train/G/G2860.jpg,G,test
data/raw/asl_alphabet_train/G/G1046.jpg,G,test
data/raw/asl_alphabet_train/G/G289.jpg,G,test
data/raw/asl_alphabet_train/G/G974.jpg,G,test
data/raw/asl_alphabet_train/G/G1696.jpg,G,test
data/raw/asl_alphabet_train/G/G684.jpg,G,test
data/raw/asl_alphabet_train/G/G2014.jpg,G,test
data/raw/asl_alphabet_train/G/G543.jpg,G,test
data/raw/asl_alphabet_train/G/G1953.jpg,G,test
data/raw/asl_alphabet_train/H/H1712.jpg,H,train
data/raw/asl_alphabet_train/H/H2261.jpg,H,train
data/raw/asl_alphabet_train/H/H460.jpg,H,train
data/raw/asl_alphabet_train/H/H1250.jpg,H,train
data/raw/asl_alphabet_train/H/H367.jpg,H,train
data/raw/asl_alphabet_train/H/H2090.jpg,H,train
data/raw/asl_alphabet_train/H/H889.jpg,H,train
data/raw/asl_alphabet_train/H/H1730.jpg,H,train
data/raw/asl_alphabet_train/H/H2339.jpg,H,train
data/raw/asl_alphabet_train/H/H1323.jpg,H,train
data/raw/asl_alphabet_train/H/H1928.jpg,H,train
data/raw/asl_alphabet_train/H/H485.jpg,H,train
data/raw/asl_alphabet_train/H/H2421.jpg,H,train
data/raw/asl_alphabet_train/H/H2226.jpg,H,train
data/raw/asl_alphabet_train/H/H2276.jpg,H,train
data/raw/asl_alphabet_train/H/H1261.jpg,H,train
data/raw/asl_alphabet_train/H/H99.jpg,H,train
data/raw/asl_alphabet_train/H/H1760.jpg,H,train
data/raw/asl_alphabet_train/H/H350.jpg,H,train
data/raw/asl_alphabet_train/H/H261.jpg,H,train
data/raw/asl_alphabet_train/H/H2214.jpg,H,train
data/raw/asl_alphabet_train/H/H2603.jpg,H,train
data/raw/asl_alphabet_train/H/H2491.jpg,H,train
data/raw/asl_alphabet_train/H/H2109.jpg,H,train
data/raw/asl_alphabet_train/H/H584.jpg,H,train
data/raw/asl_alphabet_train/H/H750.jpg,H,train
data/raw/asl_alphabet_train/H/H2410.jpg,H,train
data/raw/asl_alphabet_train/H/H1326.jpg,H,train
data/raw/asl_alphabet_train/H/H826.jpg,H,train
data/raw/asl_alphabet_train/H/H1292.jpg,H,train
data/raw/asl_alphabet_train/H/H1334.jpg,H,train
data/raw/asl_alphabet_train/H/H1218.jpg,H,train
data/raw/asl_alphabet_train/H/H18.jpg,H,train
data/raw/asl_alphabet_train/H/H12.jpg,H,train
data/raw/asl_alphabet_train/H/H1074.jpg,H,train
data/raw/asl_alphabet_train/H/H971.jpg,H,train
data/raw/asl_alphabet_train/H/H829.jpg,H,train
data/raw/asl_alphabet_train/H/H2275.jpg,H,train
data/raw/asl_alphabet_train/H/H3.jpg,H,train
data/raw/asl_alphabet_train/H/H1036.jpg,H,train
data/raw/asl_alphabet_train/H/H2021.jpg,H,train
data/raw/asl_alphabet_train/H/H1637.jpg,H,train
data/raw/asl_alphabet_train/H/H633.jpg,H,train
data/raw/asl_alphabet_train/H/H282.jpg,H,train
data/raw/asl_alphabet_train/H/H2929.jpg,H,train
data/raw/asl_alphabet_train/H/H1818.jpg,H,train
data/raw/asl_alphabet_train/H/H2458.jpg,H,train
data/raw/asl_alphabet_train/H/H2904.jpg,H,train
data/raw/asl_alphabet_train/H/H2749.jpg,H,train
data/raw/asl_alphabet_train/H/H1565.jpg,H,train
data/raw/asl_alphabet_train/H/H516.jpg,H,train
data/raw/asl_alphabet_train/H/H800.jpg,H,train
data/raw/asl_alphabet_train/H/H2328.jpg,H,train
data/raw/asl_alphabet_train/H/H2374.jpg,H,train
data/raw/asl_alphabet_train/H/H13.jpg,H,train
data/raw/asl_alphabet_train/H/H1085.jpg,H,train
data/raw/asl_alphabet_train/H/H376.jpg,H,train
data/raw/asl_alphabet_train/H/H2347.jpg,H,train
data/raw/asl_alphabet_train/H/H2593.jpg,H,train
data/raw/asl_alphabet_train/H/H1765.jpg,H,train
data/raw/asl_alphabet_train/H/H2872.jpg,H,train
data/raw/asl_alphabet_train/H/H1293.jpg,H,train
data/raw/asl_alphabet_train/H/H1317.jpg,H,train
data/raw/asl_alphabet_train/H/H2657.jpg,H,train
data/raw/asl_alphabet_train/H/H2836.jpg,H,train
data/raw/asl_alphabet_train/H/H2692.jpg,H,train
data/raw/asl_alphabet_train/H/H2926.jpg,H,train
data/raw/asl_alphabet_train/H/H1737.jpg,H,train
data/raw/asl_alphabet_train/H/H1628.jpg,H,train
data/raw/asl_alphabet_train/H/H2539.jpg,H,train
data/raw/asl_alphabet_train/H/H2581.jpg,H,train
data/raw/asl_alphabet_train/H/H2999.jpg,H,train
data/raw/asl_alphabet_train/H/H2201.jpg,H,train
data/raw/asl_alphabet_train/H/H810.jpg,H,train
data/raw/asl_alphabet_train/H/H1446.jpg,H,train
data/raw/asl_alphabet_train/H/H1788.jpg,H,train
data/raw/asl_alphabet_train/H/H1217.jpg,H,train
data/raw/asl_alphabet_train/H/H1727.jpg,H,train
data/raw/asl_alphabet_train/H/H85.jpg,H,train
data/raw/asl_alphabet_train/H/H1782.jpg,H,train
data/raw/asl_alphabet_train/H/H2125.jpg,H,train
data/raw/asl_alphabet_train/H/H2429.jpg,H,train
data/raw/asl_alphabet_train/H/H2350.jpg,H,train
data/raw/asl_alphabet_train/H/H2401.jpg,H,train
data/raw/asl_alphabet_train/H/H2922.jpg,H,train
data/raw/asl_alphabet_train/H/H1689.jpg,H,train
data/raw/asl_alphabet_train/H/H2307.jpg,H,train
data/raw/asl_alphabet_train/H/H1263.jpg,H,train
data/raw/asl_alphabet_train/H/H2761.jpg,H,train
data/raw/asl_alphabet_train/H/H1846.jpg,H,train
data/raw/asl_alphabet_train/H/H386.jpg,H,train
data/raw/asl_alphabet_train/H/H821.jpg,H,train
data/raw/asl_alphabet_train/H/H167.jpg,H,train
data/raw/asl_alphabet_train/H/H2487.jpg,H,train
data/raw/asl_alphabet_train/H/H2665.jpg,H,train
data/raw/asl_alphabet_train/H/H1690.jpg,H,train
data/raw/asl_alphabet_train/H/H1699.jpg,H,train
data/raw/asl_alphabet_train/H/H1507.jpg,H,train
data/raw/asl_alphabet_train/H/H2566.jpg,H,train
data/raw/asl_alphabet_train/H/H30.jpg,H,train
data/raw/asl_alphabet_train/H/H804.jpg,H,train
data/raw/asl_alphabet_train/H/H2775.jpg,H,train
data/raw/asl_alphabet_train/H/H2471.jpg,H,train
data/raw/asl_alphabet_train/H/H39.jpg,H,train
data/raw/asl_alphabet_train/H/H2065.jpg,H,train
data/raw/asl_alphabet_train/H/H1746.jpg,H,train
data/raw/asl_alphabet_train/H/H1350.jpg,H,train
data/raw/asl_alphabet_train/H/H1156.jpg,H,train
data/raw/asl_alphabet_train/H/H258.jpg,H,train
data/raw/asl_alphabet_train/H/H2615.jpg,H,train
data/raw/asl_alphabet_train/H/H1948.jpg,H,train
data/raw/asl_alphabet_train/H/H870.jpg,H,train
data/raw/asl_alphabet_train/H/H2300.jpg,H,train
data/raw/asl_alphabet_train/H/H1333.jpg,H,train
data/raw/asl_alphabet_train/H/H2528.jpg,H,train
data/raw/asl_alphabet_train/H/H200.jpg,H,train
data/raw/asl_alphabet_train/H/H2869.jpg,H,train
data/raw/asl_alphabet_train/H/H2133.jpg,H,train
data/raw/asl_alphabet_train/H/H404.jpg,H,train
data/raw/asl_alphabet_train/H/H660.jpg,H,train
data/raw/asl_alphabet_train/H/H942.jpg,H,train
data/raw/asl_alphabet_train/H/H1095.jpg,H,train
data/raw/asl_alphabet_train/H/H858.jpg,H,train
data/raw/asl_alphabet_train/H/H919.jpg,H,train
data/raw/asl_alphabet_train/H/H1245.jpg,H,train
data/raw/asl_alphabet_train/H/H1135.jpg,H,train
data/raw/asl_alphabet_train/H/H683.jpg,H,train
data/raw/asl_alphabet_train/H/H2940.jpg,H,train
data/raw/asl_alphabet_train/H/H842.jpg,H,train
data/raw/asl_alphabet_train/H/H1191.jpg,H,train
data/raw/asl_alphabet_train/H/H2887.jpg,H,train
data/raw/asl_alphabet_train/H/H310.jpg,H,train
data/raw/asl_alphabet_train/H/H2983.jpg,H,train
data/raw/asl_alphabet_train/H/H1865.jpg,H,train
data/raw/asl_alphabet_train/H/H242.jpg,H,train
data/raw/asl_alphabet_train/H/H1173.jpg,H,train
data/raw/asl_alphabet_train/H/H2965.jpg,H,train
data/raw/asl_alphabet_train/H/H20.jpg,H,train
data/raw/asl_alphabet_train/H/H1092.jpg,H,train
data/raw/asl_alphabet_train/H/H1373.jpg,H,train
data/raw/asl_alphabet_train/H/H1720.jpg,H,train
data/raw/asl_alphabet_train/H/H1566.jpg,H,train
data/raw/asl_alphabet_train/H/H1993.jpg,H,train
data/raw/asl_alphabet_train/H/H2038.jpg,H,train
data/raw/asl_alphabet_train/H/H2953.jpg,H,train
data/raw/asl_alphabet_train/H/H1977.jpg,H,train
data/raw/asl_alphabet_train/H/H1448.jpg,H,train
data/raw/asl_alphabet_train/H/H327.jpg,H,train
data/raw/asl_alphabet_train/H/H1676.jpg,H,train
data/raw/asl_alphabet_train/H/H1122.jpg,H,train
data/raw/asl_alphabet_train/H/H779.jpg,H,train
data/raw/asl_alphabet_train/H/H2156.jpg,H,train
data/raw/asl_alphabet_train/H/H1243.jpg,H,train
data/raw/asl_alphabet_train/H/H1914.jpg,H,train
data/raw/asl_alphabet_train/H/H2397.jpg,H,train
data/raw/asl_alphabet_train/H/H2395.jpg,H,train
data/raw/asl_alphabet_train/H/H509.jpg,H,train
data/raw/asl_alphabet_train/H/H1473.jpg,H,train
data/raw/asl_alphabet_train/H/H1568.jpg,H,train
data/raw/asl_alphabet_train/H/H183.jpg,H,train
data/raw/asl_alphabet_train/H/H1469.jpg,H,train
data/raw/asl_alphabet_train/H/H576.jpg,H,train
data/raw/asl_alphabet_train/H/H1406.jpg,H,train
data/raw/asl_alphabet_train/H/H2135.jpg,H,train
data/raw/asl_alphabet_train/H/H477.jpg,H,train
data/raw/asl_alphabet_train/H/H291.jpg,H,train
data/raw/asl_alphabet_train/H/H729.jpg,H,train
data/raw/asl_alphabet_train/H/H2686.jpg,H,train
data/raw/asl_alphabet_train/H/H2216.jpg,H,train
data/raw/asl_alphabet_train/H/H894.jpg,H,train
data/raw/asl_alphabet_train/H/H2812.jpg,H,train
data/raw/asl_alphabet_train/H/H696.jpg,H,train
data/raw/asl_alphabet_train/H/H2473.jpg,H,train
data/raw/asl_alphabet_train/H/H2198.jpg,H,train
data/raw/asl_alphabet_train/H/H1195.jpg,H,train
data/raw/asl_alphabet_train/H/H1627.jpg,H,train
data/raw/asl_alphabet_train/H/H825.jpg,H,train
data/raw/asl_alphabet_train/H/H1172.jpg,H,train
data/raw/asl_alphabet_train/H/H27.jpg,H,train
data/raw/asl_alphabet_train/H/H2380.jpg,H,train
data/raw/asl_alphabet_train/H/H2674.jpg,H,train
data/raw/asl_alphabet_train/H/H1227.jpg,H,train
data/raw/asl_alphabet_train/H/H2142.jpg,H,train
data/raw/asl_alphabet_train/H/H2719.jpg,H,train
data/raw/asl_alphabet_train/H/H812.jpg,H,train
data/raw/asl_alphabet_train/H/H259.jpg,H,train
data/raw/asl_alphabet_train/H/H1786.jpg,H,train
data/raw/asl_alphabet_train/H/H2431.jpg,H,train
data/raw/asl_alphabet_train/H/H1443.jpg,H,train
data/raw/asl_alphabet_train/H/H454.jpg,H,train
data/raw/asl_alphabet_train/H/H720.jpg,H,train
data/raw/asl_alphabet_train/H/H1687.jpg,H,train
data/raw/asl_alphabet_train/H/H580.jpg,H,train
data/raw/asl_alphabet_train/H/H965.jpg,H,train
data/raw/asl_alphabet_train/H/H476.jpg,H,train
data/raw/asl_alphabet_train/H/H2077.jpg,H,train
data/raw/asl_alphabet_train/H/H1616.jpg,H,train
data/raw/asl_alphabet_train/H/H1438.jpg,H,train
data/raw/asl_alphabet_train/H/H2789.jpg,H,train
data/raw/asl_alphabet_train/H/H2263.jpg,H,train
data/raw/asl_alphabet_train/H/H620.jpg,H,train
data/raw/asl_alphabet_train/H/H1698.jpg,H,train
data/raw/asl_alphabet_train/H/H2738.jpg,H,train
data/raw/asl_alphabet_train/H/H1013.jpg,H,train
data/raw/asl_alphabet_train/H/H2340.jpg,H,train
data/raw/asl_alphabet_train/H/H616.jpg,H,train
data/raw/asl_alphabet_train/H/H64.jpg,H,train
data/raw/asl_alphabet_train/H/H630.jpg,H,train
data/raw/asl_alphabet_train/H/H2466.jpg,H,train
data/raw/asl_alphabet_train/H/H891.jpg,H,train
data/raw/asl_alphabet_train/H/H1796.jpg,H,train
data/raw/asl_alphabet_train/H/H2752.jpg,H,train
data/raw/asl_alphabet_train/H/H1192.jpg,H,train
data/raw/asl_alphabet_train/H/H2559.jpg,H,train
data/raw/asl_alphabet_train/H/H2858.jpg,H,train
data/raw/asl_alphabet_train/H/H2645.jpg,H,train
data/raw/asl_alphabet_train/H/H759.jpg,H,train
data/raw/asl_alphabet_train/H/H2299.jpg,H,train
data/raw/asl_alphabet_train/H/H1966.jpg,H,train
data/raw/asl_alphabet_train/H/H1969.jpg,H,train
data/raw/asl_alphabet_train/H/H1486.jpg,H,train
data/raw/asl_alphabet_train/H/H1618.jpg,H,train
data/raw/asl_alphabet_train/H/H2306.jpg,H,train
data/raw/asl_alphabet_train/H/H2427.jpg,H,train
data/raw/asl_alphabet_train/H/H1318.jpg,H,train
data/raw/asl_alphabet_train/H/H1150.jpg,H,train
data/raw/asl_alphabet_train/H/H2293.jpg,H,train
data/raw/asl_alphabet_train/H/H328.jpg,H,train
data/raw/asl_alphabet_train/H/H1272.jpg,H,train
data/raw/asl_alphabet_train/H/H1410.jpg,H,train
data/raw/asl_alphabet_train/H/H544.jpg,H,train
data/raw/asl_alphabet_train/H/H872.jpg,H,train
data/raw/asl_alphabet_train/H/H1847.jpg,H,train
data/raw/asl_alphabet_train/H/H2635.jpg,H,train
data/raw/asl_alphabet_train/H/H2024.jpg,H,train
data/raw/asl_alphabet_train/H/H336.jpg,H,train
data/raw/asl_alphabet_train/H/H349.jpg,H,train
data/raw/asl_alphabet_train/H/H1923.jpg,H,train
data/raw/asl_alphabet_train/H/H1525.jpg,H,train
data/raw/asl_alphabet_train/H/H2650.jpg,H,train
data/raw/asl_alphabet_train/H/H2333.jpg,H,train
data/raw/asl_alphabet_train/H/H2131.jpg,H,train
data/raw/asl_alphabet_train/H/H147.jpg,H,train
data/raw/asl_alphabet_train/H/H2628.jpg,H,train
data/raw/asl_alphabet_train/H/H2367.jpg,H,train
data/raw/asl_alphabet_train/H/H1551.jpg,H,train
data/raw/asl_alphabet_train/H/H2121.jpg,H,train
data/raw/asl_alphabet_train/H/H1231.jpg,H,train
data/raw/asl_alphabet_train/H/H347.jpg,H,train
data/raw/asl_alphabet_train/H/H2948.jpg,H,train
data/raw/asl_alphabet_train/H/H1080.jpg,H,train
data/raw/asl_alphabet_train/H/H145.jpg,H,train
data/raw/asl_alphabet_train/H/H670.jpg,H,train
data/raw/asl_alphabet_train/H/H966.jpg,H,train
data/raw/asl_alphabet_train/H/H1523.jpg,H,train
data/raw/asl_alphabet_train/H/H830.jpg,H,train
data/raw/asl_alphabet_train/H/H1638.jpg,H,train
data/raw/asl_alphabet_train/H/H624.jpg,H,train
data/raw/asl_alphabet_train/H/H65.jpg,H,train
data/raw/asl_alphabet_train/H/H2617.jpg,H,train
data/raw/asl_alphabet_train/H/H1767.jpg,H,train
data/raw/asl_alphabet_train/H/H2469.jpg,H,train
data/raw/asl_alphabet_train/H/H2472.jpg,H,train
data/raw/asl_alphabet_train/H/H2737.jpg,H,train
data/raw/asl_alphabet_train/H/H219.jpg,H,train
data/raw/asl_alphabet_train/H/H629.jpg,H,train
data/raw/asl_alphabet_train/H/H211.jpg,H,train
data/raw/asl_alphabet_train/H/H767.jpg,H,train
data/raw/asl_alphabet_train/H/H268.jpg,H,train
data/raw/asl_alphabet_train/H/H1529.jpg,H,train
data/raw/asl_alphabet_train/H/H10.jpg,H,train
data/raw/asl_alphabet_train/H/H2619.jpg,H,train
data/raw/asl_alphabet_train/H/H480.jpg,H,train
data/raw/asl_alphabet_train/H/H2359.jpg,H,train
data/raw/asl_alphabet_train/H/H987.jpg,H,train
data/raw/asl_alphabet_train/H/H82.jpg,H,train
data/raw/asl_alphabet_train/H/H739.jpg,H,train
data/raw/asl_alphabet_train/H/H286.jpg,H,train
data/raw/asl_alphabet_train/H/H2661.jpg,H,train
data/raw/asl_alphabet_train/H/H2292.jpg,H,train
data/raw/asl_alphabet_train/H/H2423.jpg,H,train
data/raw/asl_alphabet_train/H/H2098.jpg,H,train
data/raw/asl_alphabet_train/H/H2366.jpg,H,train
data/raw/asl_alphabet_train/H/H1396.jpg,H,train
data/raw/asl_alphabet_train/H/H1682.jpg,H,train
data/raw/asl_alphabet_train/H/H724.jpg,H,train
data/raw/asl_alphabet_train/H/H2969.jpg,H,train
data/raw/asl_alphabet_train/H/H325.jpg,H,train
data/raw/asl_alphabet_train/H/H1380.jpg,H,train
data/raw/asl_alphabet_train/H/H2832.jpg,H,train
data/raw/asl_alphabet_train/H/H1331.jpg,H,train
data/raw/asl_alphabet_train/H/H864.jpg,H,train
data/raw/asl_alphabet_train/H/H2517.jpg,H,train
data/raw/asl_alphabet_train/H/H682.jpg,H,train
data/raw/asl_alphabet_train/H/H19.jpg,H,train
data/raw/asl_alphabet_train/H/H1235.jpg,H,train
data/raw/asl_alphabet_train/H/H2234.jpg,H,train
data/raw/asl_alphabet_train/H/H662.jpg,H,train
data/raw/asl_alphabet_train/H/H1269.jpg,H,train
data/raw/asl_alphabet_train/H/H446.jpg,H,train
data/raw/asl_alphabet_train/H/H2311.jpg,H,train
data/raw/asl_alphabet_train/H/H2951.jpg,H,train
data/raw/asl_alphabet_train/H/H2852.jpg,H,train
data/raw/asl_alphabet_train/H/H650.jpg,H,train
data/raw/asl_alphabet_train/H/H2987.jpg,H,train
data/raw/asl_alphabet_train/H/H1374.jpg,H,train
data/raw/asl_alphabet_train/H/H2093.jpg,H,train
data/raw/asl_alphabet_train/H/H999.jpg,H,train
data/raw/asl_alphabet_train/H/H836.jpg,H,train
data/raw/asl_alphabet_train/H/H1107.jpg,H,train
data/raw/asl_alphabet_train/H/H1694.jpg,H,train
data/raw/asl_alphabet_train/H/H260.jpg,H,train
data/raw/asl_alphabet_train/H/H856.jpg,H,train
data/raw/asl_alphabet_train/H/H813.jpg,H,train
data/raw/asl_alphabet_train/H/H2915.jpg,H,train
data/raw/asl_alphabet_train/H/H2389.jpg,H,train
data/raw/asl_alphabet_train/H/H1981.jpg,H,train
data/raw/asl_alphabet_train/H/H756.jpg,H,train
data/raw/asl_alphabet_train/H/H811.jpg,H,train
data/raw/asl_alphabet_train/H/H1392.jpg,H,train
data/raw/asl_alphabet_train/H/H106.jpg,H,train
data/raw/asl_alphabet_train/H/H892.jpg,H,train
data/raw/asl_alphabet_train/H/H36.jpg,H,train
data/raw/asl_alphabet_train/H/H588.jpg,H,train
data/raw/asl_alphabet_train/H/H2966.jpg,H,train
data/raw/asl_alphabet_train/H/H2902.jpg,H,train
data/raw/asl_alphabet_train/H/H994.jpg,H,train
data/raw/asl_alphabet_train/H/H272.jpg,H,train
data/raw/asl_alphabet_train/H/H1987.jpg,H,train
data/raw/asl_alphabet_train/H/H142.jpg,H,train
data/raw/asl_alphabet_train/H/H1881.jpg,H,train
data/raw/asl_alphabet_train/H/H1657.jpg,H,train
data/raw/asl_alphabet_train/H/H86.jpg,H,train
data/raw/asl_alphabet_train/H/H534.jpg,H,train
data/raw/asl_alphabet_train/H/H2343.jpg,H,train
data/raw/asl_alphabet_train/H/H1564.jpg,H,train
data/raw/asl_alphabet_train/H/H398.jpg,H,train
data/raw/asl_alphabet_train/H/H1892.jpg,H,train
data/raw/asl_alphabet_train/H/H1459.jpg,H,train
data/raw/asl_alphabet_train/H/H2565.jpg,H,train
data/raw/asl_alphabet_train/H/H1005.jpg,H,train
data/raw/asl_alphabet_train/H/H1970.jpg,H,train
data/raw/asl_alphabet_train/H/H1666.jpg,H,train
data/raw/asl_alphabet_train/H/H1121.jpg,H,train
data/raw/asl_alphabet_train/H/H2317.jpg,H,train
data/raw/asl_alphabet_train/H/H2154.jpg,H,train
data/raw/asl_alphabet_train/H/H102.jpg,H,train
data/raw/asl_alphabet_train/H/H2501.jpg,H,train
data/raw/asl_alphabet_train/H/H1745.jpg,H,train
data/raw/asl_alphabet_train/H/H746.jpg,H,train
data/raw/asl_alphabet_train/H/H2688.jpg,H,train
data/raw/asl_alphabet_train/H/H2289.jpg,H,train
data/raw/asl_alphabet_train/H/H2046.jpg,H,train
data/raw/asl_alphabet_train/H/H539.jpg,H,train
data/raw/asl_alphabet_train/H/H2521.jpg,H,train
data/raw/asl_alphabet_train/H/H2502.jpg,H,train
data/raw/asl_alphabet_train/H/H1871.jpg,H,train
data/raw/asl_alphabet_train/H/H2648.jpg,H,train
data/raw/asl_alphabet_train/H/H2988.jpg,H,train
data/raw/asl_alphabet_train/H/H2246.jpg,H,train
data/raw/asl_alphabet_train/H/H84.jpg,H,train
data/raw/asl_alphabet_train/H/H2530.jpg,H,train
data/raw/asl_alphabet_train/H/H205.jpg,H,train
data/raw/asl_alphabet_train/H/H1427.jpg,H,train
data/raw/asl_alphabet_train/H/H194.jpg,H,train
data/raw/asl_alphabet_train/H/H1487.jpg,H,train
data/raw/asl_alphabet_train/H/H548.jpg,H,train
data/raw/asl_alphabet_train/H/H1375.jpg,H,train
data/raw/asl_alphabet_train/H/H484.jpg,H,train
data/raw/asl_alphabet_train/H/H2739.jpg,H,train
data/raw/asl_alphabet_train/H/H541.jpg,H,train
data/raw/asl_alphabet_train/H/H888.jpg,H,train
data/raw/asl_alphabet_train/H/H2746.jpg,H,train
data/raw/asl_alphabet_train/H/H913.jpg,H,train
data/raw/asl_alphabet_train/H/H1647.jpg,H,train
data/raw/asl_alphabet_train/H/H247.jpg,H,train
data/raw/asl_alphabet_train/H/H1252.jpg,H,train
data/raw/asl_alphabet_train/H/H1253.jpg,H,train
data/raw/asl_alphabet_train/H/H874.jpg,H,train
data/raw/asl_alphabet_train/H/H1919.jpg,H,train
data/raw/asl_alphabet_train/H/H614.jpg,H,train
data/raw/asl_alphabet_train/H/H2492.jpg,H,train
data/raw/asl_alphabet_train/H/H2819.jpg,H,train
data/raw/asl_alphabet_train/H/H1127.jpg,H,train
data/raw/asl_alphabet_train/H/H2930.jpg,H,train
data/raw/asl_alphabet_train/H/H1305.jpg,H,train
data/raw/asl_alphabet_train/H/H575.jpg,H,train
data/raw/asl_alphabet_train/H/H2414.jpg,H,train
data/raw/asl_alphabet_train/H/H1833.jpg,H,train
data/raw/asl_alphabet_train/H/H383.jpg,H,train
data/raw/asl_alphabet_train/H/H896.jpg,H,train
data/raw/asl_alphabet_train/H/H161.jpg,H,train
data/raw/asl_alphabet_train/H/H934.jpg,H,train
data/raw/asl_alphabet_train/H/H2264.jpg,H,train
data/raw/asl_alphabet_train/H/H2503.jpg,H,train
data/raw/asl_alphabet_train/H/H2166.jpg,H,train
data/raw/asl_alphabet_train/H/H489.jpg,H,train
data/raw/asl_alphabet_train/H/H508.jpg,H,train
data/raw/asl_alphabet_train/H/H945.jpg,H,train
data/raw/asl_alphabet_train/H/H505.jpg,H,train
data/raw/asl_alphabet_train/H/H1692.jpg,H,train
data/raw/asl_alphabet_train/H/H1393.jpg,H,train
data/raw/asl_alphabet_train/H/H1721.jpg,H,train
data/raw/asl_alphabet_train/H/H2335.jpg,H,train
data/raw/asl_alphabet_train/H/H1115.jpg,H,train
data/raw/asl_alphabet_train/H/H2285.jpg,H,train
data/raw/asl_alphabet_train/H/H1284.jpg,H,train
data/raw/asl_alphabet_train/H/H1321.jpg,H,train
data/raw/asl_alphabet_train/H/H569.jpg,H,train
data/raw/asl_alphabet_train/H/H2733.jpg,H,train
data/raw/asl_alphabet_train/H/H1679.jpg,H,train
data/raw/asl_alphabet_train/H/H1971.jpg,H,train
data/raw/asl_alphabet_train/H/H2963.jpg,H,train
data/raw/asl_alphabet_train/H/H1542.jpg,H,train
data/raw/asl_alphabet_train/H/H2637.jpg,H,train
data/raw/asl_alphabet_train/H/H1834.jpg,H,train
data/raw/asl_alphabet_train/H/H340.jpg,H,train
data/raw/asl_alphabet_train/H/H514.jpg,H,train
data/raw/asl_alphabet_train/H/H1247.jpg,H,train
data/raw/asl_alphabet_train/H/H2596.jpg,H,train
data/raw/asl_alphabet_train/H/H1496.jpg,H,val
data/raw/asl_alphabet_train/H/H6.jpg,H,val
data/raw/asl_alphabet_train/H/H604.jpg,H,val
data/raw/asl_alphabet_train/H/H409.jpg,H,val
data/raw/asl_alphabet_train/H/H907.jpg,H,val
data/raw/asl_alphabet_train/H/H26.jpg,H,val
data/raw/asl_alphabet_train/H/H2452.jpg,H,val
data/raw/asl_alphabet_train/H/H1002.jpg,H,val
data/raw/asl_alphabet_train/H/H2780.jpg,H,val
data/raw/asl_alphabet_train/H/H2128.jpg,H,val
data/raw/asl_alphabet_train/H/H1467.jpg,H,val
data/raw/asl_alphabet_train/H/H2959.jpg,H,val
data/raw/asl_alphabet_train/H/H2672.jpg,H,val
data/raw/asl_alphabet_train/H/H748.jpg,H,val
data/raw/asl_alphabet_train/H/H1239.jpg,H,val
data/raw/asl_alphabet_train/H/H2148.jpg,H,val
data/raw/asl_alphabet_train/H/H2331.jpg,H,val
data/raw/asl_alphabet_train/H/H1043.jpg,H,val
data/raw/asl_alphabet_train/H/H1595.jpg,H,val
data/raw/asl_alphabet_train/H/H1335.jpg,H,val
data/raw/asl_alphabet_train/H/H691.jpg,H,val
data/raw/asl_alphabet_train/H/H1339.jpg,H,val
data/raw/asl_alphabet_train/H/H2867.jpg,H,val
data/raw/asl_alphabet_train/H/H1408.jpg,H,val
data/raw/asl_alphabet_train/H/H2796.jpg,H,val
data/raw/asl_alphabet_train/H/H2200.jpg,H,val
data/raw/asl_alphabet_train/H/H2271.jpg,H,val
data/raw/asl_alphabet_train/H/H1674.jpg,H,val
data/raw/asl_alphabet_train/H/H1301.jpg,H,val
data/raw/asl_alphabet_train/H/H1147.jpg,H,val
data/raw/asl_alphabet_train/H/H1625.jpg,H,val
data/raw/asl_alphabet_train/H/H1336.jpg,H,val
data/raw/asl_alphabet_train/H/H7.jpg,H,val
data/raw/asl_alphabet_train/H/H2989.jpg,H,val
data/raw/asl_alphabet_train/H/H737.jpg,H,val
data/raw/asl_alphabet_train/H/H1368.jpg,H,val
data/raw/asl_alphabet_train/H/H1297.jpg,H,val
data/raw/asl_alphabet_train/H/H1198.jpg,H,val
data/raw/asl_alphabet_train/H/H1493.jpg,H,val
data/raw/asl_alphabet_train/H/H122.jpg,H,val
data/raw/asl_alphabet_train/H/H2694.jpg,H,val
data/raw/asl_alphabet_train/H/H2112.jpg,H,val
data/raw/asl_alphabet_train/H/H420.jpg,H,val
data/raw/asl_alphabet_train/H/H1360.jpg,H,val
data/raw/asl_alphabet_train/H/H2102.jpg,H,val
data/raw/asl_alphabet_train/H/H1705.jpg,H,val
data/raw/asl_alphabet_train/H/H711.jpg,H,val
data/raw/asl_alphabet_train/H/H2772.jpg,H,val
data/raw/asl_alphabet_train/H/H2286.jpg,H,val
data/raw/asl_alphabet_train/H/H900.jpg,H,val
data/raw/asl_alphabet_train/H/H75.jpg,H,val
data/raw/asl_alphabet_train/H/H280.jpg,H,val
data/raw/asl_alphabet_train/H/H1143.jpg,H,val
data/raw/asl_alphabet_train/H/H2152.jpg,H,val
data/raw/asl_alphabet_train/H/H461.jpg,H,val
data/raw/asl_alphabet_train/H/H1435.jpg,H,val
data/raw/asl_alphabet_train/H/H1413.jpg,H,val
data/raw/asl_alphabet_train/H/H2220.jpg,H,val
data/raw/asl_alphabet_train/H/H2047.jpg,H,val
data/raw/asl_alphabet_train/H/H2393.jpg,H,val
data/raw/asl_alphabet_train/H/H134.jpg,H,val
data/raw/asl_alphabet_train/H/H1093.jpg,H,val
data/raw/asl_alphabet_train/H/H992.jpg,H,val
data/raw/asl_alphabet_train/H/H479.jpg,H,val
data/raw/asl_alphabet_train/H/H1931.jpg,H,val
data/raw/asl_alphabet_train/H/H2445.jpg,H,val
data/raw/asl_alphabet_train/H/H2400.jpg,H,val
data/raw/asl_alphabet_train/H/H108.jpg,H,val
data/raw/asl_alphabet_train/H/H528.jpg,H,val
data/raw/asl_alphabet_train/H/H2903.jpg,H,val
data/raw/asl_alphabet_train/H/H1324.jpg,H,val
data/raw/asl_alphabet_train/H/H128.jpg,H,val
data/raw/asl_alphabet_train/H/H1701.jpg,H,val
data/raw/asl_alphabet_train/H/H2257.jpg,H,val
data/raw/asl_alphabet_train/H/H795.jpg,H,val
data/raw/asl_alphabet_train/H/H733.jpg,H,val
data/raw/asl_alphabet_train/H/H1051.jpg,H,val
data/raw/asl_alphabet_train/H/H2547.jpg,H,val
data/raw/asl_alphabet_train/H/H2666.jpg,H,val
data/raw/asl_alphabet_train/H/H1708.jpg,H,val
data/raw/asl_alphabet_train/H/H138.jpg,H,val
data/raw/asl_alphabet_train/H/H1464.jpg,H,val
data/raw/asl_alphabet_train/H/H2141.jpg,H,val
data/raw/asl_alphabet_train/H/H2828.jpg,H,val
data/raw/asl_alphabet_train/H/H1200.jpg,H,val
data/raw/asl_alphabet_train/H/H1910.jpg,H,val
data/raw/asl_alphabet_train/H/H765.jpg,H,val
data/raw/asl_alphabet_train/H/H2525.jpg,H,val
data/raw/asl_alphabet_train/H/H248.jpg,H,val
data/raw/asl_alphabet_train/H/H355.jpg,H,val
data/raw/asl_alphabet_train/H/H2895.jpg,H,test
data/raw/asl_alphabet_train/H/H571.jpg,H,test
data/raw/asl_alphabet_train/H/H1560.jpg,H,test
data/raw/asl_alphabet_train/H/H190.jpg,H,test
data/raw/asl_alphabet_train/H/H2259.jpg,H,test
data/raw/asl_alphabet_train/H/H2354.jpg,H,test
data/raw/asl_alphabet_train/H/H1943.jpg,H,test
data/raw/asl_alphabet_train/H/H2536.jpg,H,test
data/raw/asl_alphabet_train/H/H2488.jpg,H,test
data/raw/asl_alphabet_train/H/H1556.jpg,H,test
data/raw/asl_alphabet_train/H/H1991.jpg,H,test
data/raw/asl_alphabet_train/H/H2450.jpg,H,test
data/raw/asl_alphabet_train/H/H1735.jpg,H,test
data/raw/asl_alphabet_train/H/H655.jpg,H,test
data/raw/asl_alphabet_train/H/H249.jpg,H,test
data/raw/asl_alphabet_train/H/H2409.jpg,H,test
data/raw/asl_alphabet_train/H/H357.jpg,H,test
data/raw/asl_alphabet_train/H/H235.jpg,H,test
data/raw/asl_alphabet_train/H/H1747.jpg,H,test
data/raw/asl_alphabet_train/H/H1754.jpg,H,test
data/raw/asl_alphabet_train/H/H423.jpg,H,test
data/raw/asl_alphabet_train/H/H209.jpg,H,test
data/raw/asl_alphabet_train/H/H115.jpg,H,test
data/raw/asl_alphabet_train/H/H2818.jpg,H,test
data/raw/asl_alphabet_train/H/H178.jpg,H,test
data/raw/asl_alphabet_train/H/H2760.jpg,H,test
data/raw/asl_alphabet_train/H/H1491.jpg,H,test
data/raw/asl_alphabet_train/H/H2418.jpg,H,test
data/raw/asl_alphabet_train/H/H37.jpg,H,test
data/raw/asl_alphabet_train/H/H1203.jpg,H,test
data/raw/asl_alphabet_train/H/H1475.jpg,H,test
data/raw/asl_alphabet_train/H/H2161.jpg,H,test
data/raw/asl_alphabet_train/H/H2334.jpg,H,test
data/raw/asl_alphabet_train/H/H1236.jpg,H,test
data/raw/asl_alphabet_train/H/H1313.jpg,H,test
data/raw/asl_alphabet_train/H/H1659.jpg,H,test
data/raw/asl_alphabet_train/H/H1726.jpg,H,test
data/raw/asl_alphabet_train/H/H1262.jpg,H,test
data/raw/asl_alphabet_train/H/H2931.jpg,H,test
data/raw/asl_alphabet_train/H/H2980.jpg,H,test
data/raw/asl_alphabet_train/H/H2833.jpg,H,test
data/raw/asl_alphabet_train/H/H149.jpg,H,test
data/raw/asl_alphabet_train/H/H2215.jpg,H,test
data/raw/asl_alphabet_train/H/H231.jpg,H,test
data/raw/asl_alphabet_train/H/H295.jpg,H,test
data/raw/asl_alphabet_train/H/H204.jpg,H,test
data/raw/asl_alphabet_train/H/H668.jpg,H,test
data/raw/asl_alphabet_train/H/H1034.jpg,H,test
data/raw/asl_alphabet_train/H/H1744.jpg,H,test
data/raw/asl_alphabet_train/H/H1288.jpg,H,test
data/raw/asl_alphabet_train/H/H1695.jpg,H,test
data/raw/asl_alphabet_train/H/H2284.jpg,H,test
data/raw/asl_alphabet_train/H/H265.jpg,H,test
data/raw/asl_alphabet_train/H/H918.jpg,H,test
data/raw/asl_alphabet_train/H/H2209.jpg,H,test
data/raw/asl_alphabet_train/H/H654.jpg,H,test
data/raw/asl_alphabet_train/H/H2475.jpg,H,test
data/raw/asl_alphabet_train/H/H884.jpg,H,test
data/raw/asl_alphabet_train/H/H2866.jpg,H,test
data/raw/asl_alphabet_train/H/H1837.jpg,H,test
data/raw/asl_alphabet_train/H/H2696.jpg,H,test
data/raw/asl_alphabet_train/H/H1769.jpg,H,test
data/raw/asl_alphabet_train/H/H1175.jpg,H,test
data/raw/asl_alphabet_train/H/H1384.jpg,H,test
data/raw/asl_alphabet_train/H/H2651.jpg,H,test
data/raw/asl_alphabet_train/H/H2864.jpg,H,test
data/raw/asl_alphabet_train/H/H396.jpg,H,test
data/raw/asl_alphabet_train/H/H113.jpg,H,test
data/raw/asl_alphabet_train/H/H1259.jpg,H,test
data/raw/asl_alphabet_train/H/H1736.jpg,H,test
data/raw/asl_alphabet_train/H/H2032.jpg,H,test
data/raw/asl_alphabet_train/H/H2909.jpg,H,test
data/raw/asl_alphabet_train/H/H1578.jpg,H,test
data/raw/asl_alphabet_train/H/H1180.jpg,H,test
data/raw/asl_alphabet_train/H/H2509.jpg,H,test
data/raw/asl_alphabet_train/H/H1798.jpg,H,test
data/raw/asl_alphabet_train/H/H1751.jpg,H,test
data/raw/asl_alphabet_train/H/H2073.jpg,H,test
data/raw/asl_alphabet_train/H/H651.jpg,H,test
data/raw/asl_alphabet_train/H/H1951.jpg,H,test
data/raw/asl_alphabet_train/H/H2430.jpg,H,test
data/raw/asl_alphabet_train/H/H581.jpg,H,test
data/raw/asl_alphabet_train/H/H2114.jpg,H,test
data/raw/asl_alphabet_train/H/H2984.jpg,H,test
data/raw/asl_alphabet_train/H/H2018.jpg,H,test
data/raw/asl_alphabet_train/H/H822.jpg,H,test
data/raw/asl_alphabet_train/H/H2191.jpg,H,test
data/raw/asl_alphabet_train/H/H1113.jpg,H,test
data/raw/asl_alphabet_train/H/H607.jpg,H,test
data/raw/asl_alphabet_train/H/H276.jpg,H,test
data/raw/asl_alphabet_train/I/I112.jpg,I,train
data/raw/asl_alphabet_train/I/I687.jpg,I,train
data/raw/asl_alphabet_train/I/I36.jpg,I,train
data/raw/asl_alphabet_train/I/I2759.jpg,I,train
data/raw/asl_alphabet_train/I/I2286.jpg,I,train
data/raw/asl_alphabet_train/I/I428.jpg,I,train
data/raw/asl_alphabet_train/I/I955.jpg,I,train
data/raw/asl_alphabet_train/I/I1561.jpg,I,train
data/raw/asl_alphabet_train/I/I2031.jpg,I,train
data/raw/asl_alphabet_train/I/I2118.jpg,I,train
data/raw/asl_alphabet_train/I/I103.jpg,I,train
data/raw/asl_alphabet_train/I/I348.jpg,I,train
data/raw/asl_alphabet_train/I/I2969.jpg,I,train
data/raw/asl_alphabet_train/I/I2367.jpg,I,train
data/raw/asl_alphabet_train/I/I456.jpg,I,train
data/raw/asl_alphabet_train/I/I2776.jpg,I,train
data/raw/asl_alphabet_train/I/I2277.jpg,I,train
data/raw/asl_alphabet_train/I/I1908.jpg,I,train
data/raw/asl_alphabet_train/I/I393.jpg,I,train
data/raw/asl_alphabet_train/I/I1988.jpg,I,train
data/raw/asl_alphabet_train/I/I2371.jpg,I,train
data/raw/asl_alphabet_train/I/I349.jpg,I,train
data/raw/asl_alphabet_train/I/I2082.jpg,I,train
data/raw/asl_alphabet_train/I/I2023.jpg,I,train
data/raw/asl_alphabet_train/I/I2309.jpg,I,train
data/raw/asl_alphabet_train/I/I878.jpg,I,train
data/raw/asl_alphabet_train/I/I1839.jpg,I,train
data/raw/asl_alphabet_train/I/I1749.jpg,I,train
data/raw/asl_alphabet_train/I/I1419.jpg,I,train
data/raw/asl_alphabet_train/I/I832.jpg,I,train
data/raw/asl_alphabet_train/I/I1264.jpg,I,train
data/raw/asl_alphabet_train/I/I1424.jpg,I,train
data/raw/asl_alphabet_train/I/I1872.jpg,I,train
data/raw/asl_alphabet_train/I/I2850.jpg,I,train
data/raw/asl_alphabet_train/I/I896.jpg,I,train
data/raw/asl_alphabet_train/I/I331.jpg,I,train
data/raw/asl_alphabet_train/I/I2184.jpg,I,train
data/raw/asl_alphabet_train/I/I2833.jpg,I,train
data/raw/asl_alphabet_train/I/I1462.jpg,I,train
data/raw/asl_alphabet_train/I/I406.jpg,I,train
data/raw/asl_alphabet_train/I/I67.jpg,I,train
data/raw/asl_alphabet_train/I/I1928.jpg,I,train
data/raw/asl_alphabet_train/I/I533.jpg,I,train
data/raw/asl_alphabet_train/I/I1542.jpg,I,train
data/raw/asl_alphabet_train/I/I265.jpg,I,train
data/raw/asl_alphabet_train/I/I2877.jpg,I,train
data/raw/asl_alphabet_train/I/I1041.jpg,I,train
data/raw/asl_alphabet_train/I/I1164.jpg,I,train
data/raw/asl_alphabet_train/I/I2853.jpg,I,train
data/raw/asl_alphabet_train/I/I2465.jpg,I,train
data/raw/asl_alphabet_train/I/I388.jpg,I,train
data/raw/asl_alphabet_train/I/I830.jpg,I,train
data/raw/asl_alphabet_train/I/I2572.jpg,I,train
data/raw/asl_alphabet_train/I/I2789.jpg,I,train
data/raw/asl_alphabet_train/I/I2567.jpg,I,train
data/raw/asl_alphabet_train/I/I1490.jpg,I,train
data/raw/asl_alphabet_train/I/I2262.jpg,I,train
data/raw/asl_alphabet_train/I/I1215.jpg,I,train
data/raw/asl_alphabet_train/I/I2868.jpg,I,train
data/raw/asl_alphabet_train/I/I1449.jpg,I,train
data/raw/asl_alphabet_train/I/I940.jpg,I,train
data/raw/asl_alphabet_train/I/I1669.jpg,I,train
data/raw/asl_alphabet_train/I/I2039.jpg,I,train
data/raw/asl_alphabet_train/I/I557.jpg,I,train
data/raw/asl_alphabet_train/I/I1945.jpg,I,train
data/raw/asl_alphabet_train/I/I2991.jpg,I,train
data/raw/asl_alphabet_train/I/I116.jpg,I,train
data/raw/asl_alphabet_train/I/I1237.jpg,I,train
data/raw/asl_alphabet_train/I/I2267.jpg,I,train
data/raw/asl_alphabet_train/I/I1557.jpg,I,train
data/raw/asl_alphabet_train/I/I2643.jpg,I,train
data/raw/asl_alphabet_train/I/I2658.jpg,I,train
data/raw/asl_alphabet_train/I/I1731.jpg,I,train
data/raw/asl_alphabet_train/I/I523.jpg,I,train
data/raw/asl_alphabet_train/I/I2574.jpg,I,train
data/raw/asl_alphabet_train/I/I2754.jpg,I,train
data/raw/asl_alphabet_train/I/I615.jpg,I,train
data/raw/asl_alphabet_train/I/I882.jpg,I,train
data/raw/asl_alphabet_train/I/I2617.jpg,I,train
data/raw/asl_alphabet_train/I/I1760.jpg,I,train
data/raw/asl_alphabet_train/I/I1556.jpg,I,train
data/raw/asl_alphabet_train/I/I1484.jpg,I,train
data/raw/asl_alphabet_train/I/I336.jpg,I,train
data/raw/asl_alphabet_train/I/I421.jpg,I,train
data/raw/asl_alphabet_train/I/I1946.jpg,I,train
data/raw/asl_alphabet_train/I/I1560.jpg,I,train
data/raw/asl_alphabet_train/I/I2091.jpg,I,train
data/raw/asl_alphabet_train/I/I210.jpg,I,train
data/raw/asl_alphabet_train/I/I2765.jpg,I,train
data/raw/asl_alphabet_train/I/I2052.jpg,I,train
data/raw/asl_alphabet_train/I/I1180.jpg,I,train
data/raw/asl_alphabet_train/I/I1941.jpg,I,train
data/raw/asl_alphabet_train/I/I2365.jpg,I,train
data/raw/asl_alphabet_train/I/I546.jpg,I,train
data/raw/asl_alphabet_train/I/I2751.jpg,I,train
data/raw/asl_alphabet_train/I/I1999.jpg,I,train
data/raw/asl_alphabet_train/I/I1584.jpg,I,train
data/raw/asl_alphabet_train/I/I2296.jpg,I,train
data/raw/asl_alphabet_train/I/I713.jpg,I,train
data/raw/asl_alphabet_train/I/I522.jpg,I,train
data/raw/asl_alphabet_train/I/I1817.jpg,I,train
data/raw/asl_alphabet_train/I/I1254.jpg,I,train
data/raw/asl_alphabet_train/I/I1414.jpg,I,train
data/raw/asl_alphabet_train/I/I1389.jpg,I,train
data/raw/asl_alphabet_train/I/I317.jpg,I,train
data/raw/asl_alphabet_train/I/I2697.jpg,I,train
data/raw/asl_alphabet_train/I/I2241.jpg,I,train
data/raw/asl_alphabet_train/I/I1501.jpg,I,train
data/raw/asl_alphabet_train/I/I409.jpg,I,train
data/raw/asl_alphabet_train/I/I1312.jpg,I,train
data/raw/asl_alphabet_train/I/I2684.jpg,I,train
data/raw/asl_alphabet_train/I/I1850.jpg,I,train
data/raw/asl_alphabet_train/I/I1103.jpg,I,train
data/raw/asl_alphabet_train/I/I597.jpg,I,train
data/raw/asl_alphabet_train/I/I2997.jpg,I,train
data/raw/asl_alphabet_train/I/I2105.jpg,I,train
data/raw/asl_alphabet_train/I/I1244.jpg,I,train
data/raw/asl_alphabet_train/I/I2301.jpg,I,train
data/raw/asl_alphabet_train/I/I270.jpg,I,train
data/raw/asl_alphabet_train/I/I753.jpg,I,train
data/raw/asl_alphabet_train/I/I910.jpg,I,train
data/raw/asl_alphabet_train/I/I2613.jpg,I,train
data/raw/asl_alphabet_train/I/I306.jpg,I,train
data/raw/asl_alphabet_train/I/I1511.jpg,I,train
data/raw/asl_alphabet_train/I/I220.jpg,I,train
data/raw/asl_alphabet_train/I/I1725.jpg,I,train
data/raw/asl_alphabet_train/I/I2127.jpg,I,train
data/raw/asl_alphabet_train/I/I818.jpg,I,train
data/raw/asl_alphabet_train/I/I2320.jpg,I,train
data/raw/asl_alphabet_train/I/I207.jpg,I,train
data/raw/asl_alphabet_train/I/I1400.jpg,I,train
data/raw/asl_alphabet_train/I/I1858.jpg,I,train
data/raw/asl_alphabet_train/I/I1095.jpg,I,train
data/raw/asl_alphabet_train/I/I805.jpg,I,train
data/raw/asl_alphabet_train/I/I1299.jpg,I,train
data/raw/asl_alphabet_train/I/I864.jpg,I,train
data/raw/asl_alphabet_train/I/I949.jpg,I,train
data/raw/asl_alphabet_train/I/I2505.jpg,I,train
data/raw/asl_alphabet_train/I/I2856.jpg,I,train
data/raw/asl_alphabet_train/I/I1418.jpg,I,train
data/raw/asl_alphabet_train/I/I2880.jpg,I,train
data/raw/asl_alphabet_train/I/I252.jpg,I,train
data/raw/asl_alphabet_train/I/I1070.jpg,I,train
data/raw/asl_alphabet_train/I/I1112.jpg,I,train
data/raw/asl_alphabet_train/I/I328.jpg,I,train
data/raw/asl_alphabet_train/I/I1111.jpg,I,train
data/raw/asl_alphabet_train/I/I175.jpg,I,train
data/raw/asl_alphabet_train/I/I2129.jpg,I,train
data/raw/asl_alphabet_train/I/I2869.jpg,I,train
data/raw/asl_alphabet_train/I/I1532.jpg,I,train
data/raw/asl_alphabet_train/I/I460.jpg,I,train
data/raw/asl_alphabet_train/I/I2707.jpg,I,train
data/raw/asl_alphabet_train/I/I1923.jpg,I,train
data/raw/asl_alphabet_train/I/I644.jpg,I,train
data/raw/asl_alphabet_train/I/I611.jpg,I,train
data/raw/asl_alphabet_train/I/I2506.jpg,I,train
data/raw/asl_alphabet_train/I/I1186.jpg,I,train
data/raw/asl_alphabet_train/I/I561.jpg,I,train
data/raw/asl_alphabet_train/I/I2373.jpg,I,train
data/raw/asl_alphabet_train/I/I573.jpg,I,train
data/raw/asl_alphabet_train/I/I1606.jpg,I,train
data/raw/asl_alphabet_train/I/I518.jpg,I,train
data/raw/asl_alphabet_train/I/I1718.jpg,I,train
data/raw/asl_alphabet_train/I/I2068.jpg,I,train
data/raw/asl_alphabet_train/I/I198.jpg,I,train
data/raw/asl_alphabet_train/I/I1282.jpg,I,train
data/raw/asl_alphabet_train/I/I2668.jpg,I,train
data/raw/asl_alphabet_train/I/I2182.jpg,I,train
data/raw/asl_alphabet_train/I/I585.jpg,I,train
data/raw/asl_alphabet_train/I/I2375.jpg,I,train
data/raw/asl_alphabet_train/I/I8.jpg,I,train
data/raw/asl_alphabet_train/I/I1555.jpg,I,train
data/raw/asl_alphabet_train/I/I2598.jpg,I,train
data/raw/asl_alphabet_train/I/I1903.jpg,I,train
data/raw/asl_alphabet_train/I/I2706.jpg,I,train
data/raw/asl_alphabet_train/I/I1114.jpg,I,train
data/raw/asl_alphabet_train/I/I1723.jpg,I,train
data/raw/asl_alphabet_train/I/I531.jpg,I,train
data/raw/asl_alphabet_train/I/I1118.jpg,I,train
data/raw/asl_alphabet_train/I/I1709.jpg,I,train
data/raw/asl_alphabet_train/I/I913.jpg,I,train
data/raw/asl_alphabet_train/I/I403.jpg,I,train
data/raw/asl_alphabet_train/I/I1951.jpg,I,train
data/raw/asl_alphabet_train/I/I1687.jpg,I,train
data/raw/asl_alphabet_train/I/I734.jpg,I,train
data/raw/asl_alphabet_train/I/I1456.jpg,I,train
data/raw/asl_alphabet_train/I/I1404.jpg,I,train
data/raw/asl_alphabet_train/I/I1625.jpg,I,train
data/raw/asl_alphabet_train/I/I1326.jpg,I,train
data/raw/asl_alphabet_train/I/I2325.jpg,I,train
data/raw/asl_alphabet_train/I/I1247.jpg,I,train
data/raw/asl_alphabet_train/I/I1608.jpg,I,train
data/raw/asl_alphabet_train/I/I2551.jpg,I,train
data/raw/asl_alphabet_train/I/I1432.jpg,I,train
data/raw/asl_alphabet_train/I/I1745.jpg,I,train
data/raw/asl_alphabet_train/I/I2390.jpg,I,train
data/raw/asl_alphabet_train/I/I1260.jpg,I,train
data/raw/asl_alphabet_train/I/I2226.jpg,I,train
data/raw/asl_alphabet_train/I/I1226.jpg,I,train
data/raw/asl_alphabet_train/I/I1631.jpg,I,train
data/raw/asl_alphabet_train/I/I2526.jpg,I,train
data/raw/asl_alphabet_train/I/I628.jpg,I,train
data/raw/asl_alphabet_train/I/I2119.jpg,I,train
data/raw/asl_alphabet_train/I/I2601.jpg,I,train
data/raw/asl_alphabet_train/I/I2230.jpg,I,train
data/raw/asl_alphabet_train/I/I822.jpg,I,train
data/raw/asl_alphabet_train/I/I1439.jpg,I,train
data/raw/asl_alphabet_train/I/I386.jpg,I,train
data/raw/asl_alphabet_train/I/I1690.jpg,I,train
data/raw/asl_alphabet_train/I/I1072.jpg,I,train
data/raw/asl_alphabet_train/I/I2391.jpg,I,train
data/raw/asl_alphabet_train/I/I870.jpg,I,train
data/raw/asl_alphabet_train/I/I891.jpg,I,train
data/raw/asl_alphabet_train/I/I1119.jpg,I,train
data/raw/asl_alphabet_train/I/I2191.jpg,I,train
data/raw/asl_alphabet_train/I/I1320.jpg,I,train
data/raw/asl_alphabet_train/I/I1743.jpg,I,train
data/raw/asl_alphabet_train/I/I592.jpg,I,train
data/raw/asl_alphabet_train/I/I455.jpg,I,train
data/raw/asl_alphabet_train/I/I689.jpg,I,train
data/raw/asl_alphabet_train/I/I2652.jpg,I,train
data/raw/asl_alphabet_train/I/I2071.jpg,I,train
data/raw/asl_alphabet_train/I/I1537.jpg,I,train
data/raw/asl_alphabet_train/I/I984.jpg,I,train
data/raw/asl_alphabet_train/I/I1843.jpg,I,train
data/raw/asl_alphabet_train/I/I1089.jpg,I,train
data/raw/asl_alphabet_train/I/I121.jpg,I,train
data/raw/asl_alphabet_train/I/I819.jpg,I,train
data/raw/asl_alphabet_train/I/I1884.jpg,I,train
data/raw/asl_alphabet_train/I/I1981.jpg,I,train
data/raw/asl_alphabet_train/I/I1667.jpg,I,train
data/raw/asl_alphabet_train/I/I1728.jpg,I,train
data/raw/asl_alphabet_train/I/I588.jpg,I,train
data/raw/asl_alphabet_train/I/I2739.jpg,I,train
data/raw/asl_alphabet_train/I/I892.jpg,I,train
data/raw/asl_alphabet_train/I/I924.jpg,I,train
data/raw/asl_alphabet_train/I/I334.jpg,I,train
data/raw/asl_alphabet_train/I/I2672.jpg,I,train
data/raw/asl_alphabet_train/I/I837.jpg,I,train
data/raw/asl_alphabet_train/I/I2891.jpg,I,train
data/raw/asl_alphabet_train/I/I754.jpg,I,train
data/raw/asl_alphabet_train/I/I2967.jpg,I,train
data/raw/asl_alphabet_train/I/I1812.jpg,I,train
data/raw/asl_alphabet_train/I/I2097.jpg,I,train
data/raw/asl_alphabet_train/I/I2168.jpg,I,train
data/raw/asl_alphabet_train/I/I1289.jpg,I,train
data/raw/asl_alphabet_train/I/I88.jpg,I,train
data/raw/asl_alphabet_train/I/I2570.jpg,I,train
data/raw/asl_alphabet_train/I/I2627.jpg,I,train
data/raw/asl_alphabet_train/I/I2379.jpg,I,train
data/raw/asl_alphabet_train/I/I2349.jpg,I,train
data/raw/asl_alphabet_train/I/I2722.jpg,I,train
data/raw/asl_alphabet_train/I/I1763.jpg,I,train
data/raw/asl_alphabet_train/I/I2973.jpg,I,train
data/raw/asl_alphabet_train/I/I1388.jpg,I,train
data/raw/asl_alphabet_train/I/I824.jpg,I,train
data/raw/asl_alphabet_train/I/I1377.jpg,I,train
data/raw/asl_alphabet_train/I/I1895.jpg,I,train
data/raw/asl_alphabet_train/I/I1856.jpg,I,train
data/raw/asl_alphabet_train/I/I2033.jpg,I,train
data/raw/asl_alphabet_train/I/I973.jpg,I,train
data/raw/asl_alphabet_train/I/I2392.jpg,I,train
data/raw/asl_alphabet_train/I/I61.jpg,I,train
data/raw/asl_alphabet_train/I/I1335.jpg,I,train
data/raw/asl_alphabet_train/I/I2971.jpg,I,train
data/raw/asl_alphabet_train/I/I79.jpg,I,train
data/raw/asl_alphabet_train/I/I1891.jpg,I,train
data/raw/asl_alphabet_train/I/I1829.jpg,I,train
data/raw/asl_alphabet_train/I/I2840.jpg,I,train
data/raw/asl_alphabet_train/I/I797.jpg,I,train
data/raw/asl_alphabet_train/I/I1600.jpg,I,train
data/raw/asl_alphabet_train/I/I1198.jpg,I,train
data/raw/asl_alphabet_train/I/I2428.jpg,I,train
data/raw/asl_alphabet_train/I/I2104.jpg,I,train
data/raw/asl_alphabet_train/I/I1970.jpg,I,train
data/raw/asl_alphabet_train/I/I1702.jpg,I,train
data/raw/asl_alphabet_train/I/I2835.jpg,I,train
data/raw/asl_alphabet_train/I/I360.jpg,I,train
data/raw/asl_alphabet_train/I/I1697.jpg,I,train
data/raw/asl_alphabet_train/I/I2163.jpg,I,train
data/raw/asl_alphabet_train/I/I2109.jpg,I,train
data/raw/asl_alphabet_train/I/I258.jpg,I,train
data/raw/asl_alphabet_train/I/I2120.jpg,I,train
data/raw/asl_alphabet_train/I/I616.jpg,I,train
data/raw/asl_alphabet_train/I/I1535.jpg,I,train
data/raw/asl_alphabet_train/I/I761.jpg,I,train
data/raw/asl_alphabet_train/I/I802.jpg,I,train
data/raw/asl_alphabet_train/I/I967.jpg,I,train
data/raw/asl_alphabet_train/I/I1867.jpg,I,train
data/raw/asl_alphabet_train/I/I2807.jpg,I,train
data/raw/asl_alphabet_train/I/I1059.jpg,I,train
data/raw/asl_alphabet_train/I/I1018.jpg,I,train
data/raw/asl_alphabet_train/I/I1225.jpg,I,train
data/raw/asl_alphabet_train/I/I1963.jpg,I,train
data/raw/asl_alphabet_train/I/I1926.jpg,I,train
data/raw/asl_alphabet_train/I/I2527.jpg,I,train
data/raw/asl_alphabet_train/I/I680.jpg,I,train
data/raw/asl_alphabet_train/I/I693.jpg,I,train
data/raw/asl_alphabet_train/I/I1877.jpg,I,train
data/raw/asl_alphabet_train/I/I1864.jpg,I,train
data/raw/asl_alphabet_train/I/I2657.jpg,I,train
data/raw/asl_alphabet_train/I/I309.jpg,I,train
data/raw/asl_alphabet_train/I/I2981.jpg,I,train
data/raw/asl_alphabet_train/I/I277.jpg,I,train
data/raw/asl_alphabet_train/I/I2126.jpg,I,train
data/raw/asl_alphabet_train/I/I645.jpg,I,train
data/raw/asl_alphabet_train/I/I478.jpg,I,train
data/raw/asl_alphabet_train/I/I1011.jpg,I,train
data/raw/asl_alphabet_train/I/I1973.jpg,I,train
data/raw/asl_alphabet_train/I/I855.jpg,I,train
data/raw/asl_alphabet_train/I/I2483.jpg,I,train
data/raw/asl_alphabet_train/I/I1635.jpg,I,train
data/raw/asl_alphabet_train/I/I1193.jpg,I,train
data/raw/asl_alphabet_train/I/I2323.jpg,I,train
data/raw/asl_alphabet_train/I/I1628.jpg,I,train
data/raw/asl_alphabet_train/I/I1701.jpg,I,train
data/raw/asl_alphabet_train/I/I1313.jpg,I,train
data/raw/asl_alphabet_train/I/I370.jpg,I,train
data/raw/asl_alphabet_train/I/I183.jpg,I,train
data/raw/asl_alphabet_train/I/I2711.jpg,I,train
data/raw/asl_alphabet_train/I/I263.jpg,I,train
data/raw/asl_alphabet_train/I/I1058.jpg,I,train
data/raw/asl_alphabet_train/I/I1637.jpg,I,train
data/raw/asl_alphabet_train/I/I1063.jpg,I,train
data/raw/asl_alphabet_train/I/I2002.jpg,I,train
data/raw/asl_alphabet_train/I/I65.jpg,I,train
data/raw/asl_alphabet_train/I/I1752.jpg,I,train
data/raw/asl_alphabet_train/I/I2923.jpg,I,train
data/raw/asl_alphabet_train/I/I337.jpg,I,train
data/raw/asl_alphabet_train/I/I760.jpg,I,train
data/raw/asl_alphabet_train/I/I2768.jpg,I,train
data/raw/asl_alphabet_train/I/I779.jpg,I,train
data/raw/asl_alphabet_train/I/I792.jpg,I,train
data/raw/asl_alphabet_train/I/I2021.jpg,I,train
data/raw/asl_alphabet_train/I/I1255.jpg,I,train
data/raw/asl_alphabet_train/I/I2357.jpg,I,train
data/raw/asl_alphabet_train/I/I425.jpg,I,train
data/raw/asl_alphabet_train/I/I1554.jpg,I,train
data/raw/asl_alphabet_train/I/I2710.jpg,I,train
data/raw/asl_alphabet_train/I/I665.jpg,I,train
data/raw/asl_alphabet_train/I/I2148.jpg,I,train
data/raw/asl_alphabet_train/I/I1234.jpg,I,train
data/raw/asl_alphabet_train/I/I1948.jpg,I,train
data/raw/asl_alphabet_train/I/I2389.jpg,I,train
data/raw/asl_alphabet_train/I/I433.jpg,I,train
data/raw/asl_alphabet_train/I/I2064.jpg,I,train
data/raw/asl_alphabet_train/I/I271.jpg,I,train
data/raw/asl_alphabet_train/I/I122.jpg,I,train
data/raw/asl_alphabet_train/I/I2432.jpg,I,train
data/raw/asl_alphabet_train/I/I1869.jpg,I,train
data/raw/asl_alphabet_train/I/I2364.jpg,I,train
data/raw/asl_alphabet_train/I/I1062.jpg,I,train
data/raw/asl_alphabet_train/I/I257.jpg,I,train
data/raw/asl_alphabet_train/I/I2878.jpg,I,train
data/raw/asl_alphabet_train/I/I2276.jpg,I,train
data/raw/asl_alphabet_train/I/I1516.jpg,I,train
data/raw/asl_alphabet_train/I/I1572.jpg,I,train
data/raw/asl_alphabet_train/I/I1310.jpg,I,train
data/raw/asl_alphabet_train/I/I33.jpg,I,train
data/raw/asl_alphabet_train/I/I678.jpg,I,train
data/raw/asl_alphabet_train/I/I1049.jpg,I,train
data/raw/asl_alphabet_train/I/I2245.jpg,I,train
data/raw/asl_alphabet_train/I/I2046.jpg,I,train
data/raw/asl_alphabet_train/I/I1297.jpg,I,train
data/raw/asl_alphabet_train/I/I1534.jpg,I,train
data/raw/asl_alphabet_train/I/I517.jpg,I,train
data/raw/asl_alphabet_train/I/I2539.jpg,I,train
data/raw/asl_alphabet_train/I/I1654.jpg,I,train
data/raw/asl_alphabet_train/I/I376.jpg,I,train
data/raw/asl_alphabet_train/I/I643.jpg,I,train
data/raw/asl_alphabet_train/I/I1798.jpg,I,train
data/raw/asl_alphabet_train/I/I1974.jpg,I,train
data/raw/asl_alphabet_train/I/I834.jpg,I,train
data/raw/asl_alphabet_train/I/I2781.jpg,I,train
data/raw/asl_alphabet_train/I/I627.jpg,I,train
data/raw/asl_alphabet_train/I/I1127.jpg,I,train
data/raw/asl_alphabet_train/I/I218.jpg,I,train
data/raw/asl_alphabet_train/I/I1265.jpg,I,train
data/raw/asl_alphabet_train/I/I1365.jpg,I,train
data/raw/asl_alphabet_train/I/I1806.jpg,I,train
data/raw/asl_alphabet_train/I/I1068.jpg,I,train
data/raw/asl_alphabet_train/I/I1956.jpg,I,train
data/raw/asl_alphabet_train/I/I2366.jpg,I,train
data/raw/asl_alphabet_train/I/I1547.jpg,I,train
data/raw/asl_alphabet_train/I/I2680.jpg,I,train
data/raw/asl_alphabet_train/I/I1378.jpg,I,train
data/raw/asl_alphabet_train/I/I916.jpg,I,train
data/raw/asl_alphabet_train/I/I105.jpg,I,train
data/raw/asl_alphabet_train/I/I2437.jpg,I,train
data/raw/asl_alphabet_train/I/I1136.jpg,I,train
data/raw/asl_alphabet_train/I/I1796.jpg,I,train
data/raw/asl_alphabet_train/I/I1175.jpg,I,train
data/raw/asl_alphabet_train/I/I758.jpg,I,train
data/raw/asl_alphabet_train/I/I1460.jpg,I,train
data/raw/asl_alphabet_train/I/I2994.jpg,I,train
data/raw/asl_alphabet_train/I/I2785.jpg,I,train
data/raw/asl_alphabet_train/I/I2351.jpg,I,train
data/raw/asl_alphabet_train/I/I2876.jpg,I,train
data/raw/asl_alphabet_train/I/I1318.jpg,I,train
data/raw/asl_alphabet_train/I/I2641.jpg,I,train
data/raw/asl_alphabet_train/I/I2634.jpg,I,train
data/raw/asl_alphabet_train/I/I1479.jpg,I,train
data/raw/asl_alphabet_train/I/I1128.jpg,I,train
data/raw/asl_alphabet_train/I/I1616.jpg,I,train
data/raw/asl_alphabet_train/I/I839.jpg,I,train
data/raw/asl_alphabet_train/I/I2813.jpg,I,train
data/raw/asl_alphabet_train/I/I1734.jpg,I,train
data/raw/asl_alphabet_train/I/I2659.jpg,I,train
data/raw/asl_alphabet_train/I/I2188.jpg,I,train
data/raw/asl_alphabet_train/I/I1230.jpg,I,train
data/raw/asl_alphabet_train/I/I75.jpg,I,train
data/raw/asl_alphabet_train/I/I795.jpg,I,train
data/raw/asl_alphabet_train/I/I2766.jpg,I,train
data/raw/asl_alphabet_train/I/I941.jpg,I,train
data/raw/asl_alphabet_train/I/I2778.jpg,I,train
data/raw/asl_alphabet_train/I/I1274.jpg,I,train
data/raw/asl_alphabet_train/I/I1976.jpg,I,train
data/raw/asl_alphabet_train/I/I164.jpg,I,train
data/raw/asl_alphabet_train/I/I1899.jpg,I,train
data/raw/asl_alphabet_train/I/I636.jpg,I,train
data/raw/asl_alphabet_train/I/I1429.jpg,I,val
data/raw/asl_alphabet_train/I/I2418.jpg,I,val
data/raw/asl_alphabet_train/I/I1469.jpg,I,val
data/raw/asl_alphabet_train/I/I510.jpg,I,val
data/raw/asl_alphabet_train/I/I2003.jpg,I,val
data/raw/asl_alphabet_train/I/I149.jpg,I,val
data/raw/asl_alphabet_train/I/I1141.jpg,I,val
data/raw/asl_alphabet_train/I/I229.jpg,I,val
data/raw/asl_alphabet_train/I/I1428.jpg,I,val
data/raw/asl_alphabet_train/I/I1275.jpg,I,val
data/raw/asl_alphabet_train/I/I1107.jpg,I,val
data/raw/asl_alphabet_train/I/I2250.jpg,I,val
data/raw/asl_alphabet_train/I/I721.jpg,I,val
data/raw/asl_alphabet_train/I/I2605.jpg,I,val
data/raw/asl_alphabet_train/I/I1927.jpg,I,val
data/raw/asl_alphabet_train/I/I900.jpg,I,val
data/raw/asl_alphabet_train/I/I2953.jpg,I,val
data/raw/asl_alphabet_train/I/I2255.jpg,I,val
data/raw/asl_alphabet_train/I/I601.jpg,I,val
data/raw/asl_alphabet_train/I/I2854.jpg,I,val
data/raw/asl_alphabet_train/I/I1650.jpg,I,val
data/raw/asl_alphabet_train/I/I1166.jpg,I,val
data/raw/asl_alphabet_train/I/I2144.jpg,I,val
data/raw/asl_alphabet_train/I/I1713.jpg,I,val
data/raw/asl_alphabet_train/I/I2745.jpg,I,val
data/raw/asl_alphabet_train/I/I2009.jpg,I,val
data/raw/asl_alphabet_train/I/I774.jpg,I,val
data/raw/asl_alphabet_train/I/I1836.jpg,I,val
data/raw/asl_alphabet_train/I/I249.jpg,I,val
data/raw/asl_alphabet_train/I/I1972.jpg,I,val
data/raw/asl_alphabet_train/I/I143.jpg,I,val
data/raw/asl_alphabet_train/I/I1276.jpg,I,val
data/raw/asl_alphabet_train/I/I2247.jpg,I,val
data/raw/asl_alphabet_train/I/I2622.jpg,I,val
data/raw/asl_alphabet_train/I/I477.jpg,I,val
data/raw/asl_alphabet_train/I/I222.jpg,I,val
data/raw/asl_alphabet_train/I/I1489.jpg,I,val
data/raw/asl_alphabet_train/I/I1029.jpg,I,val
data/raw/asl_alphabet_train/I/I540.jpg,I,val
data/raw/asl_alphabet_train/I/I2694.jpg,I,val
data/raw/asl_alphabet_train/I/I2607.jpg,I,val
data/raw/asl_alphabet_train/I/I1227.jpg,I,val
data/raw/asl_alphabet_train/I/I2699.jpg,I,val
data/raw/asl_alphabet_train/I/I2161.jpg,I,val
data/raw/asl_alphabet_train/I/I833.jpg,I,val
data/raw/asl_alphabet_train/I/I155.jpg,I,val
data/raw/asl_alphabet_train/I/I943.jpg,I,val
data/raw/asl_alphabet_train/I/I2614.jpg,I,val
data/raw/asl_alphabet_train/I/I23.jpg,I,val
data/raw/asl_alphabet_train/I/I2958.jpg,I,val
data/raw/asl_alphabet_train/I/I726.jpg,I,val
data/raw/asl_alphabet_train/I/I1447.jpg,I,val
data/raw/asl_alphabet_train/I/I168.jpg,I,val
data/raw/asl_alphabet_train/I/I2715.jpg,I,val
data/raw/asl_alphabet_train/I/I1563.jpg,I,val
data/raw/asl_alphabet_train/I/I283.jpg,I,val
data/raw/asl_alphabet_train/I/I2547.jpg,I,val
data/raw/asl_alphabet_train/I/I1775.jpg,I,val
data/raw/asl_alphabet_train/I/I2894.jpg,I,val
data/raw/asl_alphabet_train/I/I1965.jpg,I,val
data/raw/asl_alphabet_train/I/I1626.jpg,I,val
data/raw/asl_alphabet_train/I/I844.jpg,I,val
data/raw/asl_alphabet_train/I/I2517.jpg,I,val
data/raw/asl_alphabet_train/I/I2004.jpg,I,val
data/raw/asl_alphabet_train/I/I623.jpg,I,val
data/raw/asl_alphabet_train/I/I2804.jpg,I,val
data/raw/asl_alphabet_train/I/I1579.jpg,I,val
data/raw/asl_alphabet_train/I/I1332.jpg,I,val
data/raw/asl_alphabet_train/I/I934.jpg,I,val
data/raw/asl_alphabet_train/I/I266.jpg,I,val
data/raw/asl_alphabet_train/I/I711.jpg,I,val
data/raw/asl_alphabet_train/I/I1016.jpg,I,val
data/raw/asl_alphabet_train/I/I487.jpg,I,val
data/raw/asl_alphabet_train/I/I2236.jpg,I,val
data/raw/asl_alphabet_train/I/I944.jpg,I,val
data/raw/asl_alphabet_train/I/I1271.jpg,I,val
data/raw/asl_alphabet_train/I/I930.jpg,I,val
data/raw/asl_alphabet_train/I/I1437.jpg,I,val
data/raw/asl_alphabet_train/I/I2219.jpg,I,val
data/raw/asl_alphabet_train/I/I869.jpg,I,val
data/raw/asl_alphabet_train/I/I5.jpg,I,val
data/raw/asl_alphabet_train/I/I537.jpg,I,val
data/raw/asl_alphabet_train/I/I467.jpg,I,val
data/raw/asl_alphabet_train/I/I1074.jpg,I,val
data/raw/asl_alphabet_train/I/I1848.jpg,I,val
data/raw/asl_alphabet_train/I/I2956.jpg,I,val
data/raw/asl_alphabet_train/I/I254.jpg,I,val
data/raw/asl_alphabet_train/I/I1930.jpg,I,val
data/raw/asl_alphabet_train/I/I1744.jpg,I,val
data/raw/asl_alphabet_train/I/I2311.jpg,I,val
data/raw/asl_alphabet_train/I/I2485.jpg,I,test
data/raw/asl_alphabet_train/I/I52.jpg,I,test
data/raw/asl_alphabet_train/I/I32.jpg,I,test
data/raw/asl_alphabet_train/I/I1494.jpg,I,test
data/raw/asl_alphabet_train/I/I2190.jpg,I,test
data/raw/asl_alphabet_train/I/I1210.jpg,I,test
data/raw/asl_alphabet_train/I/I1238.jpg,I,test
data/raw/asl_alphabet_train/I/I1182.jpg,I,test
data/raw/asl_alphabet_train/I/I464.jpg,I,test
data/raw/asl_alphabet_train/I/I1354.jpg,I,test
data/raw/asl_alphabet_train/I/I1663.jpg,I,test
data/raw/asl_alphabet_train/I/I197.jpg,I,test
data/raw/asl_alphabet_train/I/I1700.jpg,I,test
data/raw/asl_alphabet_train/I/I2884.jpg,I,test
data/raw/asl_alphabet_train/I/I1953.jpg,I,test
data/raw/asl_alphabet_train/I/I2815.jpg,I,test
data/raw/asl_alphabet_train/I/I1756.jpg,I,test
data/raw/asl_alphabet_train/I/I995.jpg,I,test
data/raw/asl_alphabet_train/I/I2679.jpg,I,test
data/raw/asl_alphabet_train/I/I1032.jpg,I,test
data/raw/asl_alphabet_train/I/I2354.jpg,I,test
data/raw/asl_alphabet_train/I/I2875.jpg,I,test
data/raw/asl_alphabet_train/I/I2355.jpg,I,test
data/raw/asl_alphabet_train/I/I1595.jpg,I,test
data/raw/asl_alphabet_train/I/I2434.jpg,I,test
data/raw/asl_alphabet_train/I/I1167.jpg,I,test
data/raw/asl_alphabet_train/I/I2196.jpg,I,test
data/raw/asl_alphabet_train/I/I2544.jpg,I,test
data/raw/asl_alphabet_train/I/I1840.jpg,I,test
data/raw/asl_alphabet_train/I/I240.jpg,I,test
data/raw/asl_alphabet_train/I/I1321.jpg,I,test
data/raw/asl_alphabet_train/I/I1958.jpg,I,test
data/raw/asl_alphabet_train/I/I1914.jpg,I,test
data/raw/asl_alphabet_train/I/I1030.jpg,I,test
data/raw/asl_alphabet_train/I/I2821.jpg,I,test
data/raw/asl_alphabet_train/I/I541.jpg,I,test
data/raw/asl_alphabet_train/I/I170.jpg,I,test
data/raw/asl_alphabet_train/I/I1668.jpg,I,test
data/raw/asl_alphabet_train/I/I140.jpg,I,test
data/raw/asl_alphabet_train/I/I1399.jpg,I,test
data/raw/asl_alphabet_train/I/I762.jpg,I,test
data/raw/asl_alphabet_train/I/I906.jpg,I,test
data/raw/asl_alphabet_train/I/I2640.jpg,I,test
data/raw/asl_alphabet_train/I/I748.jpg,I,test
data/raw/asl_alphabet_train/I/I2802.jpg,I,test
data/raw/asl_alphabet_train/I/I293.jpg,I,test
data/raw/asl_alphabet_train/I/I1588.jpg,I,test
data/raw/asl_alphabet_train/I/I816.jpg,I,test
data/raw/asl_alphabet_train/I/I2743.jpg,I,test
data/raw/asl_alphabet_train/I/I241.jpg,I,test
data/raw/asl_alphabet_train/I/I1967.jpg,I,test
data/raw/asl_alphabet_train/I/I664.jpg,I,test
data/raw/asl_alphabet_train/I/I1229.jpg,I,test
data/raw/asl_alphabet_train/I/I981.jpg,I,test
data/raw/asl_alphabet_train/I/I94.jpg,I,test
data/raw/asl_alphabet_train/I/I1161.jpg,I,test
data/raw/asl_alphabet_train/I/I251.jpg,I,test
data/raw/asl_alphabet_train/I/I2069.jpg,I,test
data/raw/asl_alphabet_train/I/I1573.jpg,I,test
data/raw/asl_alphabet_train/I/I2384.jpg,I,test
data/raw/asl_alphabet_train/I/I338.jpg,I,test
data/raw/asl_alphabet_train/I/I593.jpg,I,test
data/raw/asl_alphabet_train/I/I972.jpg,I,test
data/raw/asl_alphabet_train/I/I1961.jpg,I,test
data/raw/asl_alphabet_train/I/I1150.jpg,I,test
data/raw/asl_alphabet_train/I/I1258.jpg,I,test
data/raw/asl_alphabet_train/I/I179.jpg,I,test
data/raw/asl_alphabet_train/I/I2560.jpg,I,test
data/raw/asl_alphabet_train/I/I2671.jpg,I,test
data/raw/asl_alphabet_train/I/I2337.jpg,I,test
data/raw/asl_alphabet_train/I/I2952.jpg,I,test
data/raw/asl_alphabet_train/I/I2414.jpg,I,test
data/raw/asl_alphabet_train/I/I914.jpg,I,test
data/raw/asl_alphabet_train/I/I500.jpg,I,test
data/raw/asl_alphabet_train/I/I1472.jpg,I,test
data/raw/asl_alphabet_train/I/I963.jpg,I,test
data/raw/asl_alphabet_train/I/I2342.jpg,I,test
data/raw/asl_alphabet_train/I/I655.jpg,I,test
data/raw/asl_alphabet_train/I/I290.jpg,I,test
data/raw/asl_alphabet_train/I/I76.jpg,I,test
data/raw/asl_alphabet_train/I/I1476.jpg,I,test
data/raw/asl_alphabet_train/I/I2221.jpg,I,test
data/raw/asl_alphabet_train/I/I581.jpg,I,test
data/raw/asl_alphabet_train/I/I45.jpg,I,test
data/raw/asl_alphabet_train/I/I1683.jpg,I,test
data/raw/asl_alphabet_train/I/I2518.jpg,I,test
data/raw/asl_alphabet_train/I/I1766.jpg,I,test
data/raw/asl_alphabet_train/I/I789.jpg,I,test
data/raw/asl_alphabet_train/I/I276.jpg,I,test
data/raw/asl_alphabet_train/I/I699.jpg,I,test
data/raw/asl_alphabet_train/J/J2508.jpg,J,train
data/raw/asl_alphabet_train/J/J1051.jpg,J,train
data/raw/asl_alphabet_train/J/J2717.jpg,J,train
data/raw/asl_alphabet_train/J/J1416.jpg,J,train
data/raw/asl_alphabet_train/J/J1964.jpg,J,train
data/raw/asl_alphabet_train/J/J1700.jpg,J,train
data/raw/asl_alphabet_train/J/J99.jpg,J,train
data/raw/asl_alphabet_train/J/J561.jpg,J,train
data/raw/asl_alphabet_train/J/J224.jpg,J,train
data/raw/asl_alphabet_train/J/J1597.jpg,J,train
data/raw/asl_alphabet_train/J/J1261.jpg,J,train
data/raw/asl_alphabet_train/J/J1011.jpg,J,train
data/raw/asl_alphabet_train/J/J2089.jpg,J,train
data/raw/asl_alphabet_train/J/J1291.jpg,J,train
data/raw/asl_alphabet_train/J/J1266.jpg,J,train
data/raw/asl_alphabet_train/J/J209.jpg,J,train
data/raw/asl_alphabet_train/J/J2150.jpg,J,train
data/raw/asl_alphabet_train/J/J532.jpg,J,train
data/raw/asl_alphabet_train/J/J2732.jpg,J,train
data/raw/asl_alphabet_train/J/J951.jpg,J,train
data/raw/asl_alphabet_train/J/J2398.jpg,J,train
data/raw/asl_alphabet_train/J/J1674.jpg,J,train
data/raw/asl_alphabet_train/J/J2592.jpg,J,train
data/raw/asl_alphabet_train/J/J13.jpg,J,train
data/raw/asl_alphabet_train/J/J2264.jpg,J,train
data/raw/asl_alphabet_train/J/J1074.jpg,J,train
data/raw/asl_alphabet_train/J/J2458.jpg,J,train
data/raw/asl_alphabet_train/J/J2728.jpg,J,train
data/raw/asl_alphabet_train/J/J1792.jpg,J,train
data/raw/asl_alphabet_train/J/J2407.jpg,J,train
data/raw/asl_alphabet_train/J/J2431.jpg,J,train
data/raw/asl_alphabet_train/J/J1420.jpg,J,train
data/raw/asl_alphabet_train/J/J1840.jpg,J,train
data/raw/asl_alphabet_train/J/J2389.jpg,J,train
data/raw/asl_alphabet_train/J/J239.jpg,J,train
data/raw/asl_alphabet_train/J/J473.jpg,J,train
data/raw/asl_alphabet_train/J/J2889.jpg,J,train
data/raw/asl_alphabet_train/J/J115.jpg,J,train
data/raw/asl_alphabet_train/J/J2063.jpg,J,train
data/raw/asl_alphabet_train/J/J1825.jpg,J,train
data/raw/asl_alphabet_train/J/J879.jpg,J,train
data/raw/asl_alphabet_train/J/J2105.jpg,J,train
data/raw/asl_alphabet_train/J/J1625.jpg,J,train
data/raw/asl_alphabet_train/J/J1599.jpg,J,train
data/raw/asl_alphabet_train/J/J1868.jpg,J,train
data/raw/asl_alphabet_train/J/J1679.jpg,J,train
data/raw/asl_alphabet_train/J/J570.jpg,J,train
data/raw/asl_alphabet_train/J/J1111.jpg,J,train
data/raw/asl_alphabet_train/J/J1861.jpg,J,train
data/raw/asl_alphabet_train/J/J341.jpg,J,train
data/raw/asl_alphabet_train/J/J2635.jpg,J,train
data/raw/asl_alphabet_train/J/J1127.jpg,J,train
data/raw/asl_alphabet_train/J/J111.jpg,J,train
data/raw/asl_alphabet_train/J/J1823.jpg,J,train
data/raw/asl_alphabet_train/J/J1232.jpg,J,train
data/raw/asl_alphabet_train/J/J1619.jpg,J,train
data/raw/asl_alphabet_train/J/J1618.jpg,J,train
data/raw/asl_alphabet_train/J/J1923.jpg,J,train
data/raw/asl_alphabet_train/J/J2238.jpg,J,train
data/raw/asl_alphabet_train/J/J343.jpg,J,train
data/raw/asl_alphabet_train/J/J1531.jpg,J,train
data/raw/asl_alphabet_train/J/J1415.jpg,J,train
data/raw/asl_alphabet_train/J/J1803.jpg,J,train
data/raw/asl_alphabet_train/J/J1948.jpg,J,train
data/raw/asl_alphabet_train/J/J2657.jpg,J,train
data/raw/asl_alphabet_train/J/J908.jpg,J,train
data/raw/asl_alphabet_train/J/J2000.jpg,J,train
data/raw/asl_alphabet_train/J/J1049.jpg,J,train
data/raw/asl_alphabet_train/J/J1616.jpg,J,train
data/raw/asl_alphabet_train/J/J356.jpg,J,train
data/raw/asl_alphabet_train/J/J1751.jpg,J,train
data/raw/asl_alphabet_train/J/J851.jpg,J,train
data/raw/asl_alphabet_train/J/J661.jpg,J,train
data/raw/asl_alphabet_train/J/J382.jpg,J,train
data/raw/asl_alphabet_train/J/J2211.jpg,J,train
data/raw/asl_alphabet_train/J/J2445.jpg,J,train
data/raw/asl_alphabet_train/J/J2838.jpg,J,train
data/raw/asl_alphabet_train/J/J2787.jpg,J,train
data/raw/asl_alphabet_train/J/J2856.jpg,J,train
data/raw/asl_alphabet_train/J/J2309.jpg,J,train
data/raw/asl_alphabet_train/J/J1918.jpg,J,train
data/raw/asl_alphabet_train/J/J1934.jpg,J,train
data/raw/asl_alphabet_train/J/J2260.jpg,J,train
data/raw/asl_alphabet_train/J/J638.jpg,J,train
data/raw/asl_alphabet_train/J/J2530.jpg,J,train
data/raw/asl_alphabet_train/J/J1887.jpg,J,train
data/raw/asl_alphabet_train/J/J191.jpg,J,train
data/raw/asl_alphabet_train/J/J414.jpg,J,train
data/raw/asl_alphabet_train/J/J2401.jpg,J,train
data/raw/asl_alphabet_train/J/J1663.jpg,J,train
data/raw/asl_alphabet_train/J/J2117.jpg,J,train
data/raw/asl_alphabet_train/J/J2137.jpg,J,train
data/raw/asl_alphabet_train/J/J415.jpg,J,train
data/raw/asl_alphabet_train/J/J968.jpg,J,train
data/raw/asl_alphabet_train/J/J1965.jpg,J,train
data/raw/asl_alphabet_train/J/J394.jpg,J,train
data/raw/asl_alphabet_train/J/J2522.jpg,J,train
data/raw/asl_alphabet_train/J/J2378.jpg,J,train
data/raw/asl_alphabet_train/J/J728.jpg,J,train
data/raw/asl_alphabet_train/J/J2631.jpg,J,train
data/raw/asl_alphabet_train/J/J240.jpg,J,train
data/raw/asl_alphabet_train/J/J2002.jpg,J,train
data/raw/asl_alphabet_train/J/J1308.jpg,J,train
data/raw/asl_alphabet_train/J/J459.jpg,J,train
data/raw/asl_alphabet_train/J/J1860.jpg,J,train
data/raw/asl_alphabet_train/J/J213.jpg,J,train
data/raw/asl_alphabet_train/J/J1921.jpg,J,train
data/raw/asl_alphabet_train/J/J1569.jpg,J,train
data/raw/asl_alphabet_train/J/J2855.jpg,J,train
data/raw/asl_alphabet_train/J/J1116.jpg,J,train
data/raw/asl_alphabet_train/J/J303.jpg,J,train
data/raw/asl_alphabet_train/J/J2304.jpg,J,train
data/raw/asl_alphabet_train/J/J2274.jpg,J,train
data/raw/asl_alphabet_train/J/J1085.jpg,J,train
data/raw/asl_alphabet_train/J/J1379.jpg,J,train
data/raw/asl_alphabet_train/J/J919.jpg,J,train
data/raw/asl_alphabet_train/J/J2727.jpg,J,train
data/raw/asl_alphabet_train/J/J1510.jpg,J,train
data/raw/asl_alphabet_train/J/J2243.jpg,J,train
data/raw/asl_alphabet_train/J/J1124.jpg,J,train
data/raw/asl_alphabet_train/J/J657.jpg,J,train
data/raw/asl_alphabet_train/J/J693.jpg,J,train
data/raw/asl_alphabet_train/J/J1303.jpg,J,train
data/raw/asl_alphabet_train/J/J122.jpg,J,train
data/raw/asl_alphabet_train/J/J1001.jpg,J,train
data/raw/asl_alphabet_train/J/J2509.jpg,J,train
data/raw/asl_alphabet_train/J/J1357.jpg,J,train
data/raw/asl_alphabet_train/J/J1786.jpg,J,train
data/raw/asl_alphabet_train/J/J110.jpg,J,train
data/raw/asl_alphabet_train/J/J2694.jpg,J,train
data/raw/asl_alphabet_train/J/J2624.jpg,J,train
data/raw/asl_alphabet_train/J/J1571.jpg,J,train
data/raw/asl_alphabet_train/J/J1802.jpg,J,train
data/raw/asl_alphabet_train/J/J2337.jpg,J,train
data/raw/asl_alphabet_train/J/J1721.jpg,J,train
data/raw/asl_alphabet_train/J/J1095.jpg,J,train
data/raw/asl_alphabet_train/J/J2691.jpg,J,train
data/raw/asl_alphabet_train/J/J1648.jpg,J,train
data/raw/asl_alphabet_train/J/J1279.jpg,J,train
data/raw/asl_alphabet_train/J/J503.jpg,J,train
data/raw/asl_alphabet_train/J/J2524.jpg,J,train
data/raw/asl_alphabet_train/J/J246.jpg,J,train
data/raw/asl_alphabet_train/J/J1393.jpg,J,train
data/raw/asl_alphabet_train/J/J2759.jpg,J,train
data/raw/asl_alphabet_train/J/J70.jpg,J,train
data/raw/asl_alphabet_train/J/J236.jpg,J,train
data/raw/asl_alphabet_train/J/J739.jpg,J,train
data/raw/asl_alphabet_train/J/J840.jpg,J,train
data/raw/asl_alphabet_train/J/J1542.jpg,J,train
data/raw/asl_alphabet_train/J/J1298.jpg,J,train
data/raw/asl_alphabet_train/J/J1572.jpg,J,train
data/raw/asl_alphabet_train/J/J1060.jpg,J,train
data/raw/asl_alphabet_train/J/J601.jpg,J,train
data/raw/asl_alphabet_train/J/J2897.jpg,J,train
data/raw/asl_alphabet_train/J/J564.jpg,J,train
data/raw/asl_alphabet_train/J/J82.jpg,J,train
data/raw/asl_alphabet_train/J/J694.jpg,J,train
data/raw/asl_alphabet_train/J/J140.jpg,J,train
data/raw/asl_alphabet_train/J/J2552.jpg,J,train
data/raw/asl_alphabet_train/J/J1639.jpg,J,train
data/raw/asl_alphabet_train/J/J2472.jpg,J,train
data/raw/asl_alphabet_train/J/J533.jpg,J,train
data/raw/asl_alphabet_train/J/J2519.jpg,J,train
data/raw/asl_alphabet_train/J/J206.jpg,J,train
data/raw/asl_alphabet_train/J/J2816.jpg,J,train
data/raw/asl_alphabet_train/J/J273.jpg,J,train
data/raw/asl_alphabet_train/J/J1687.jpg,J,train
data/raw/asl_alphabet_train/J/J2870.jpg,J,train
data/raw/asl_alphabet_train/J/J826.jpg,J,train
data/raw/asl_alphabet_train/J/J600.jpg,J,train
data/raw/asl_alphabet_train/J/J138.jpg,J,train
data/raw/asl_alphabet_train/J/J2106.jpg,J,train
data/raw/asl_alphabet_train/J/J1588.jpg,J,train
data/raw/asl_alphabet_train/J/J2780.jpg,J,train
data/raw/asl_alphabet_train/J/J2010.jpg,J,train
data/raw/asl_alphabet_train/J/J1101.jpg,J,train
data/raw/asl_alphabet_train/J/J766.jpg,J,train
data/raw/asl_alphabet_train/J/J1005.jpg,J,train
data/raw/asl_alphabet_train/J/J1883.jpg,J,train
data/raw/asl_alphabet_train/J/J1970.jpg,J,train
data/raw/asl_alphabet_train/J/J1791.jpg,J,train
data/raw/asl_alphabet_train/J/J2708.jpg,J,train
data/raw/asl_alphabet_train/J/J1300.jpg,J,train
data/raw/asl_alphabet_train/J/J1911.jpg,J,train
data/raw/asl_alphabet_train/J/J2288.jpg,J,train
data/raw/asl_alphabet_train/J/J814.jpg,J,train
data/raw/asl_alphabet_train/J/J1612.jpg,J,train
data/raw/asl_alphabet_train/J/J233.jpg,J,train
data/raw/asl_alphabet_train/J/J2233.jpg,J,train
data/raw/asl_alphabet_train/J/J982.jpg,J,train
data/raw/asl_alphabet_train/J/J528.jpg,J,train
data/raw/asl_alphabet_train/J/J2193.jpg,J,train
data/raw/asl_alphabet_train/J/J2868.jpg,J,train
data/raw/asl_alphabet_train/J/J2439.jpg,J,train
data/raw/asl_alphabet_train/J/J43.jpg,J,train
data/raw/asl_alphabet_train/J/J1280.jpg,J,train
data/raw/asl_alphabet_train/J/J2919.jpg,J,train
data/raw/asl_alphabet_train/J/J1711.jpg,J,train
data/raw/asl_alphabet_train/J/J2292.jpg,J,train
data/raw/asl_alphabet_train/J/J2363.jpg,J,train
data/raw/asl_alphabet_train/J/J1634.jpg,J,train
data/raw/asl_alphabet_train/J/J1471.jpg,J,train
data/raw/asl_alphabet_train/J/J118.jpg,J,train
data/raw/asl_alphabet_train/J/J1522.jpg,J,train
data/raw/asl_alphabet_train/J/J2850.jpg,J,train
data/raw/asl_alphabet_train/J/J381.jpg,J,train
data/raw/asl_alphabet_train/J/J1045.jpg,J,train
data/raw/asl_alphabet_train/J/J707.jpg,J,train
data/raw/asl_alphabet_train/J/J2116.jpg,J,train
data/raw/asl_alphabet_train/J/J1826.jpg,J,train
data/raw/asl_alphabet_train/J/J2022.jpg,J,train
data/raw/asl_alphabet_train/J/J1169.jpg,J,train
data/raw/asl_alphabet_train/J/J603.jpg,J,train
data/raw/asl_alphabet_train/J/J2049.jpg,J,train
data/raw/asl_alphabet_train/J/J2603.jpg,J,train
data/raw/asl_alphabet_train/J/J260.jpg,J,train
data/raw/asl_alphabet_train/J/J245.jpg,J,train
data/raw/asl_alphabet_train/J/J791.jpg,J,train
data/raw/asl_alphabet_train/J/J1982.jpg,J,train
data/raw/asl_alphabet_train/J/J786.jpg,J,train
data/raw/asl_alphabet_train/J/J395.jpg,J,train
data/raw/asl_alphabet_train/J/J2362.jpg,J,train
data/raw/asl_alphabet_train/J/J1028.jpg,J,train
data/raw/asl_alphabet_train/J/J41.jpg,J,train
data/raw/asl_alphabet_train/J/J2111.jpg,J,train
data/raw/asl_alphabet_train/J/J2528.jpg,J,train
data/raw/asl_alphabet_train/J/J1299.jpg,J,train
data/raw/asl_alphabet_train/J/J2275.jpg,J,train
data/raw/asl_alphabet_train/J/J2763.jpg,J,train
data/raw/asl_alphabet_train/J/J367.jpg,J,train
data/raw/asl_alphabet_train/J/J304.jpg,J,train
data/raw/asl_alphabet_train/J/J1227.jpg,J,train
data/raw/asl_alphabet_train/J/J871.jpg,J,train
data/raw/asl_alphabet_train/J/J2483.jpg,J,train
data/raw/asl_alphabet_train/J/J2301.jpg,J,train
data/raw/asl_alphabet_train/J/J2972.jpg,J,train
data/raw/asl_alphabet_train/J/J2578.jpg,J,train
data/raw/asl_alphabet_train/J/J2400.jpg,J,train
data/raw/asl_alphabet_train/J/J1129.jpg,J,train
data/raw/asl_alphabet_train/J/J1655.jpg,J,train
data/raw/asl_alphabet_train/J/J1540.jpg,J,train
data/raw/asl_alphabet_train/J/J1477.jpg,J,train
data/raw/asl_alphabet_train/J/J2463.jpg,J,train
data/raw/asl_alphabet_train/J/J652.jpg,J,train
data/raw/asl_alphabet_train/J/J2473.jpg,J,train
data/raw/asl_alphabet_train/J/J701.jpg,J,train
data/raw/asl_alphabet_train/J/J758.jpg,J,train
data/raw/asl_alphabet_train/J/J243.jpg,J,train
data/raw/asl_alphabet_train/J/J699.jpg,J,train
data/raw/asl_alphabet_train/J/J426.jpg,J,train
data/raw/asl_alphabet_train/J/J2059.jpg,J,train
data/raw/asl_alphabet_train/J/J325.jpg,J,train
data/raw/asl_alphabet_train/J/J1265.jpg,J,train
data/raw/asl_alphabet_train/J/J2757.jpg,J,train
data/raw/asl_alphabet_train/J/J2505.jpg,J,train
data/raw/asl_alphabet_train/J/J1221.jpg,J,train
data/raw/asl_alphabet_train/J/J2810.jpg,J,train
data/raw/asl_alphabet_train/J/J1131.jpg,J,train
data/raw/asl_alphabet_train/J/J2289.jpg,J,train
data/raw/asl_alphabet_train/J/J2493.jpg,J,train
data/raw/asl_alphabet_train/J/J310.jpg,J,train
data/raw/asl_alphabet_train/J/J1161.jpg,J,train
data/raw/asl_alphabet_train/J/J2940.jpg,J,train
data/raw/asl_alphabet_train/J/J1086.jpg,J,train
data/raw/asl_alphabet_train/J/J1591.jpg,J,train
data/raw/asl_alphabet_train/J/J904.jpg,J,train
data/raw/asl_alphabet_train/J/J2121.jpg,J,train
data/raw/asl_alphabet_train/J/J889.jpg,J,train
data/raw/asl_alphabet_train/J/J836.jpg,J,train
data/raw/asl_alphabet_train/J/J2498.jpg,J,train
data/raw/asl_alphabet_train/J/J2916.jpg,J,train
data/raw/asl_alphabet_train/J/J1701.jpg,J,train
data/raw/asl_alphabet_train/J/J1867.jpg,J,train
data/raw/asl_alphabet_train/J/J1500.jpg,J,train
data/raw/asl_alphabet_train/J/J666.jpg,J,train
data/raw/asl_alphabet_train/J/J2561.jpg,J,train
data/raw/asl_alphabet_train/J/J805.jpg,J,train
data/raw/asl_alphabet_train/J/J165.jpg,J,train
data/raw/asl_alphabet_train/J/J1370.jpg,J,train
data/raw/asl_alphabet_train/J/J2577.jpg,J,train
data/raw/asl_alphabet_train/J/J1260.jpg,J,train
data/raw/asl_alphabet_train/J/J886.jpg,J,train
data/raw/asl_alphabet_train/J/J1274.jpg,J,train
data/raw/asl_alphabet_train/J/J716.jpg,J,train
data/raw/asl_alphabet_train/J/J2550.jpg,J,train
data/raw/asl_alphabet_train/J/J2467.jpg,J,train
data/raw/asl_alphabet_train/J/J1732.jpg,J,train
data/raw/asl_alphabet_train/J/J1358.jpg,J,train
data/raw/asl_alphabet_train/J/J460.jpg,J,train
data/raw/asl_alphabet_train/J/J1702.jpg,J,train
data/raw/asl_alphabet_train/J/J1592.jpg,J,train
data/raw/asl_alphabet_train/J/J2589.jpg,J,train
data/raw/asl_alphabet_train/J/J2684.jpg,J,train
data/raw/asl_alphabet_train/J/J1203.jpg,J,train
data/raw/asl_alphabet_train/J/J112.jpg,J,train
data/raw/asl_alphabet_train/J/J2272.jpg,J,train
data/raw/asl_alphabet_train/J/J1091.jpg,J,train
data/raw/asl_alphabet_train/J/J771.jpg,J,train
data/raw/asl_alphabet_train/J/J222.jpg,J,train
data/raw/asl_alphabet_train/J/J2028.jpg,J,train
data/raw/asl_alphabet_train/J/J2189.jpg,J,train
data/raw/asl_alphabet_train/J/J1064.jpg,J,train
data/raw/asl_alphabet_train/J/J425.jpg,J,train
data/raw/asl_alphabet_train/J/J1688.jpg,J,train
data/raw/asl_alphabet_train/J/J1497.jpg,J,train
data/raw/asl_alphabet_train/J/J2380.jpg,J,train
data/raw/asl_alphabet_train/J/J2951.jpg,J,train
data/raw/asl_alphabet_train/J/J878.jpg,J,train
data/raw/asl_alphabet_train/J/J1720.jpg,J,train
data/raw/asl_alphabet_train/J/J1841.jpg,J,train
data/raw/asl_alphabet_train/J/J370.jpg,J,train
data/raw/asl_alphabet_train/J/J1216.jpg,J,train
data/raw/asl_alphabet_train/J/J120.jpg,J,train
data/raw/asl_alphabet_train/J/J2394.jpg,J,train
data/raw/asl_alphabet_train/J/J1837.jpg,J,train
data/raw/asl_alphabet_train/J/J1881.jpg,J,train
data/raw/asl_alphabet_train/J/J734.jpg,J,train
data/raw/asl_alphabet_train/J/J409.jpg,J,train
data/raw/asl_alphabet_train/J/J1400.jpg,J,train
data/raw/asl_alphabet_train/J/J2009.jpg,J,train
data/raw/asl_alphabet_train/J/J2192.jpg,J,train
data/raw/asl_alphabet_train/J/J2422.jpg,J,train
data/raw/asl_alphabet_train/J/J2066.jpg,J,train
data/raw/asl_alphabet_train/J/J1345.jpg,J,train
data/raw/asl_alphabet_train/J/J2711.jpg,J,train
data/raw/asl_alphabet_train/J/J1885.jpg,J,train
data/raw/asl_alphabet_train/J/J194.jpg,J,train
data/raw/asl_alphabet_train/J/J1066.jpg,J,train
data/raw/asl_alphabet_train/J/J2093.jpg,J,train
data/raw/asl_alphabet_train/J/J2040.jpg,J,train
data/raw/asl_alphabet_train/J/J479.jpg,J,train
data/raw/asl_alphabet_train/J/J1451.jpg,J,train
data/raw/asl_alphabet_train/J/J2752.jpg,J,train
data/raw/asl_alphabet_train/J/J2135.jpg,J,train
data/raw/asl_alphabet_train/J/J1254.jpg,J,train
data/raw/asl_alphabet_train/J/J583.jpg,J,train
data/raw/asl_alphabet_train/J/J2203.jpg,J,train
data/raw/asl_alphabet_train/J/J2345.jpg,J,train
data/raw/asl_alphabet_train/J/J1765.jpg,J,train
data/raw/asl_alphabet_train/J/J864.jpg,J,train
data/raw/asl_alphabet_train/J/J1212.jpg,J,train
data/raw/asl_alphabet_train/J/J589.jpg,J,train
data/raw/asl_alphabet_train/J/J72.jpg,J,train
data/raw/asl_alphabet_train/J/J1309.jpg,J,train
data/raw/asl_alphabet_train/J/J386.jpg,J,train
data/raw/asl_alphabet_train/J/J2131.jpg,J,train
data/raw/asl_alphabet_train/J/J2469.jpg,J,train
data/raw/asl_alphabet_train/J/J1102.jpg,J,train
data/raw/asl_alphabet_train/J/J2911.jpg,J,train
data/raw/asl_alphabet_train/J/J1835.jpg,J,train
data/raw/asl_alphabet_train/J/J387.jpg,J,train
data/raw/asl_alphabet_train/J/J1460.jpg,J,train
data/raw/asl_alphabet_train/J/J2084.jpg,J,train
data/raw/asl_alphabet_train/J/J1448.jpg,J,train
data/raw/asl_alphabet_train/J/J1848.jpg,J,train
data/raw/asl_alphabet_train/J/J2967.jpg,J,train
data/raw/asl_alphabet_train/J/J1909.jpg,J,train
data/raw/asl_alphabet_train/J/J2607.jpg,J,train
data/raw/asl_alphabet_train/J/J1659.jpg,J,train
data/raw/asl_alphabet_train/J/J702.jpg,J,train
data/raw/asl_alphabet_train/J/J2290.jpg,J,train
data/raw/asl_alphabet_train/J/J2008.jpg,J,train
data/raw/asl_alphabet_train/J/J2120.jpg,J,train
data/raw/asl_alphabet_train/J/J1724.jpg,J,train
data/raw/asl_alphabet_train/J/J2707.jpg,J,train
data/raw/asl_alphabet_train/J/J2971.jpg,J,train
data/raw/asl_alphabet_train/J/J469.jpg,J,train
data/raw/asl_alphabet_train/J/J2075.jpg,J,train
data/raw/asl_alphabet_train/J/J2481.jpg,J,train
data/raw/asl_alphabet_train/J/J2739.jpg,J,train
data/raw/asl_alphabet_train/J/J724.jpg,J,train
data/raw/asl_alphabet_train/J/J1267.jpg,J,train
data/raw/asl_alphabet_train/J/J802.jpg,J,train
data/raw/asl_alphabet_train/J/J1204.jpg,J,train
data/raw/asl_alphabet_train/J/J1375.jpg,J,train
data/raw/asl_alphabet_train/J/J731.jpg,J,train
data/raw/asl_alphabet_train/J/J1954.jpg,J,train
data/raw/asl_alphabet_train/J/J2334.jpg,J,train
data/raw/asl_alphabet_train/J/J437.jpg,J,train
data/raw/asl_alphabet_train/J/J2671.jpg,J,train
data/raw/asl_alphabet_train/J/J1534.jpg,J,train
data/raw/asl_alphabet_train/J/J1668.jpg,J,train
data/raw/asl_alphabet_train/J/J2222.jpg,J,train
data/raw/asl_alphabet_train/J/J1244.jpg,J,train
data/raw/asl_alphabet_train/J/J2595.jpg,J,train
data/raw/asl_alphabet_train/J/J1519.jpg,J,train
data/raw/asl_alphabet_train/J/J2023.jpg,J,train
data/raw/asl_alphabet_train/J/J647.jpg,J,train
data/raw/asl_alphabet_train/J/J1865.jpg,J,train
data/raw/asl_alphabet_train/J/J124.jpg,J,train
data/raw/asl_alphabet_train/J/J909.jpg,J,train
data/raw/asl_alphabet_train/J/J2107.jpg,J,train
data/raw/asl_alphabet_train/J/J102.jpg,J,train
data/raw/asl_alphabet_train/J/J1206.jpg,J,train
data/raw/asl_alphabet_train/J/J152.jpg,J,train
data/raw/asl_alphabet_train/J/J1916.jpg,J,train
data/raw/asl_alphabet_train/J/J1931.jpg,J,train
data/raw/asl_alphabet_train/J/J2167.jpg,J,train
data/raw/asl_alphabet_train/J/J475.jpg,J,train
data/raw/asl_alphabet_train/J/J1972.jpg,J,train
data/raw/asl_alphabet_train/J/J1624.jpg,J,train
data/raw/asl_alphabet_train/J/J1431.jpg,J,train
data/raw/asl_alphabet_train/J/J1312.jpg,J,train
data/raw/asl_alphabet_train/J/J2352.jpg,J,train
data/raw/asl_alphabet_train/J/J309.jpg,J,train
data/raw/asl_alphabet_train/J/J125.jpg,J,train
data/raw/asl_alphabet_train/J/J2790.jpg,J,train
data/raw/asl_alphabet_train/J/J2536.jpg,J,train
data/raw/asl_alphabet_train/J/J2699.jpg,J,train
data/raw/asl_alphabet_train/J/J1595.jpg,J,train
data/raw/asl_alphabet_train/J/J913.jpg,J,train
data/raw/asl_alphabet_train/J/J2628.jpg,J,train
data/raw/asl_alphabet_train/J/J488.jpg,J,train
data/raw/asl_alphabet_train/J/J1784.jpg,J,train
data/raw/asl_alphabet_train/J/J2353.jpg,J,train
data/raw/asl_alphabet_train/J/J1132.jpg,J,train
data/raw/asl_alphabet_train/J/J1562.jpg,J,train
data/raw/asl_alphabet_train/J/J51.jpg,J,train
data/raw/asl_alphabet_train/J/J2781.jpg,J,train
data/raw/asl_alphabet_train/J/J2881.jpg,J,train
data/raw/asl_alphabet_train/J/J1164.jpg,J,val
data/raw/asl_alphabet_train/J/J1676.jpg,J,val
data/raw/asl_alphabet_train/J/J2115.jpg,J,val
data/raw/asl_alphabet_train/J/J1371.jpg,J,val
data/raw/asl_alphabet_train/J/J874.jpg,J,val
data/raw/asl_alphabet_train/J/J828.jpg,J,val
data/raw/asl_alphabet_train/J/J189.jpg,J,val
data/raw/asl_alphabet_train/J/J2178.jpg,J,val
data/raw/asl_alphabet_train/J/J2891.jpg,J,val
data/raw/asl_alphabet_train/J/J1654.jpg,J,val
data/raw/asl_alphabet_train/J/J1741.jpg,J,val
data/raw/asl_alphabet_train/J/J1075.jpg,J,val
data/raw/asl_alphabet_train/J/J1600.jpg,J,val
data/raw/asl_alphabet_train/J/J542.jpg,J,val
data/raw/asl_alphabet_train/J/J2620.jpg,J,val
data/raw/asl_alphabet_train/J/J2828.jpg,J,val
data/raw/asl_alphabet_train/J/J744.jpg,J,val
data/raw/asl_alphabet_train/J/J2310.jpg,J,val
data/raw/asl_alphabet_train/J/J2861.jpg,J,val
data/raw/asl_alphabet_train/J/J2906.jpg,J,val
data/raw/asl_alphabet_train/J/J201.jpg,J,val
data/raw/asl_alphabet_train/J/J2457.jpg,J,val
data/raw/asl_alphabet_train/J/J210.jpg,J,val
data/raw/asl_alphabet_train/J/J2988.jpg,J,val
data/raw/asl_alphabet_train/J/J126.jpg,J,val
data/raw/asl_alphabet_train/J/J2737.jpg,J,val
data/raw/asl_alphabet_train/J/J1010.jpg,J,val
data/raw/asl_alphabet_train/J/J471.jpg,J,val
data/raw/asl_alphabet_train/J/J1340.jpg,J,val
data/raw/asl_alphabet_train/J/J822.jpg,J,val
data/raw/asl_alphabet_train/J/J512.jpg,J,val
data/raw/asl_alphabet_train/J/J2973.jpg,J,val
data/raw/asl_alphabet_train/J/J128.jpg,J,val
data/raw/asl_alphabet_train/J/J538.jpg,J,val
data/raw/asl_alphabet_train/J/J45.jpg,J,val
data/raw/asl_alphabet_train/J/J1427.jpg,J,val
data/raw/asl_alphabet_train/J/J1831.jpg,J,val
data/raw/asl_alphabet_train/J/J572.jpg,J,val
data/raw/asl_alphabet_train/J/J598.jpg,J,val
data/raw/asl_alphabet_train/J/J1863.jpg,J,val
data/raw/asl_alphabet_train/J/J1706.jpg,J,val
data/raw/asl_alphabet_train/J/J1288.jpg,J,val
data/raw/asl_alphabet_train/J/J1672.jpg,J,val
data/raw/asl_alphabet_train/J/J1924.jpg,J,val
data/raw/asl_alphabet_train/J/J1818.jpg,J,val
data/raw/asl_alphabet_train/J/J2797.jpg,J,val
data/raw/asl_alphabet_train/J/J789.jpg,J,val
data/raw/asl_alphabet_train/J/J2448.jpg,J,val
data/raw/asl_alphabet_train/J/J2822.jpg,J,val
data/raw/asl_alphabet_train/J/J1945.jpg,J,val
data/raw/asl_alphabet_train/J/J2095.jpg,J,val
data/raw/asl_alphabet_train/J/J612.jpg,J,val
data/raw/asl_alphabet_train/J/J2969.jpg,J,val
data/raw/asl_alphabet_train/J/J2101.jpg,J,val
data/raw/asl_alphabet_train/J/J113.jpg,J,val
data/raw/asl_alphabet_train/J/J346.jpg,J,val
data/raw/asl_alphabet_train/J/J500.jpg,J,val
data/raw/asl_alphabet_train/J/J1913.jpg,J,val
data/raw/asl_alphabet_train/J/J2219.jpg,J,val
data/raw/asl_alphabet_train/J/J2491.jpg,J,val
data/raw/asl_alphabet_train/J/J2704.jpg,J,val
data/raw/asl_alphabet_train/J/J185.jpg,J,val
data/raw/asl_alphabet_train/J/J976.jpg,J,val
data/raw/asl_alphabet_train/J/J1743.jpg,J,val
data/raw/asl_alphabet_train/J/J2862.jpg,J,val
data/raw/asl_alphabet_train/J/J494.jpg,J,val
data/raw/asl_alphabet_train/J/J747.jpg,J,val
data/raw/asl_alphabet_train/J/J521.jpg,J,val
data/raw/asl_alphabet_train/J/J2248.jpg,J,val
data/raw/asl_alphabet_train/J/J655.jpg,J,val
data/raw/asl_alphabet_train/J/J2357.jpg,J,val
data/raw/asl_alphabet_train/J/J1283.jpg,J,val
data/raw/asl_alphabet_train/J/J607.jpg,J,val
data/raw/asl_alphabet_train/J/J2564.jpg,J,val
data/raw/asl_alphabet_train/J/J1675.jpg,J,val
data/raw/asl_alphabet_train/J/J2848.jpg,J,val
data/raw/asl_alphabet_train/J/J562.jpg,J,val
data/raw/asl_alphabet_train/J/J604.jpg,J,val
data/raw/asl_alphabet_train/J/J1548.jpg,J,val
data/raw/asl_alphabet_train/J/J1834.jpg,J,val
data/raw/asl_alphabet_train/J/J2200.jpg,J,val
data/raw/asl_alphabet_train/J/J2882.jpg,J,val
data/raw/asl_alphabet_train/J/J2571.jpg,J,val
data/raw/asl_alphabet_train/J/J1589.jpg,J,val
data/raw/asl_alphabet_train/J/J1483.jpg,J,val
data/raw/asl_alphabet_train/J/J2447.jpg,J,val
data/raw/asl_alphabet_train/J/J2665.jpg,J,val
data/raw/asl_alphabet_train/J/J2126.jpg,J,val
data/raw/asl_alphabet_train/J/J1504.jpg,J,val
data/raw/asl_alphabet_train/J/J1957.jpg,J,val
data/raw/asl_alphabet_train/J/J2774.jpg,J,test
data/raw/asl_alphabet_train/J/J1409.jpg,J,test
data/raw/asl_alphabet_train/J/J2558.jpg,J,test
data/raw/asl_alphabet_train/J/J42.jpg,J,test
data/raw/asl_alphabet_train/J/J713.jpg,J,test
data/raw/asl_alphabet_train/J/J1521.jpg,J,test
data/raw/asl_alphabet_train/J/J2903.jpg,J,test
data/raw/asl_alphabet_train/J/J1943.jpg,J,test
data/raw/asl_alphabet_train/J/J1822.jpg,J,test
data/raw/asl_alphabet_train/J/J1759.jpg,J,test
data/raw/asl_alphabet_train/J/J695.jpg,J,test
data/raw/asl_alphabet_train/J/J351.jpg,J,test
data/raw/asl_alphabet_train/J/J2143.jpg,J,test
data/raw/asl_alphabet_train/J/J539.jpg,J,test
data/raw/asl_alphabet_train/J/J2902.jpg,J,test
data/raw/asl_alphabet_train/J/J2258.jpg,J,test
data/raw/asl_alphabet_train/J/J2604.jpg,J,test
data/raw/asl_alphabet_train/J/J2962.jpg,J,test
data/raw/asl_alphabet_train/J/J2086.jpg,J,test
data/raw/asl_alphabet_train/J/J1899.jpg,J,test
data/raw/asl_alphabet_train/J/J1985.jpg,J,test
data/raw/asl_alphabet_train/J/J2713.jpg,J,test
data/raw/asl_alphabet_train/J/J1670.jpg,J,test
data/raw/asl_alphabet_train/J/J203.jpg,J,test
data/raw/asl_alphabet_train/J/J75.jpg,J,test
data/raw/asl_alphabet_train/J/J1053.jpg,J,test
data/raw/asl_alphabet_train/J/J2913.jpg,J,test
data/raw/asl_alphabet_train/J/J1015.jpg,J,test
data/raw/asl_alphabet_train/J/J2390.jpg,J,test
data/raw/asl_alphabet_train/J/J972.jpg,J,test
data/raw/asl_alphabet_train/J/J1664.jpg,J,test
data/raw/asl_alphabet_train/J/J1284.jpg,J,test
data/raw/asl_alphabet_train/J/J2537.jpg,J,test
data/raw/asl_alphabet_train/J/J34.jpg,J,test
data/raw/asl_alphabet_train/J/J173.jpg,J,test
data/raw/asl_alphabet_train/J/J2050.jpg,J,test
data/raw/asl_alphabet_train/J/J2251.jpg,J,test
data/raw/asl_alphabet_train/J/J1556.jpg,J,test
data/raw/asl_alphabet_train/J/J1512.jpg,J,test
data/raw/asl_alphabet_train/J/J1399.jpg,J,test
data/raw/asl_alphabet_train/J/J559.jpg,J,test
data/raw/asl_alphabet_train/J/J1178.jpg,J,test
data/raw/asl_alphabet_train/J/J35.jpg,J,test
data/raw/asl_alphabet_train/J/J1435.jpg,J,test
data/raw/asl_alphabet_train/J/J1644.jpg,J,test
data/raw/asl_alphabet_train/J/J2984.jpg,J,test
data/raw/asl_alphabet_train/J/J482.jpg,J,test
data/raw/asl_alphabet_train/J/J2326.jpg,J,test
data/raw/asl_alphabet_train/J/J2749.jpg,J,test
data/raw/asl_alphabet_train/J/J2829.jpg,J,test
data/raw/asl_alphabet_train/J/J551.jpg,J,test
data/raw/asl_alphabet_train/J/J1726.jpg,J,test
data/raw/asl_alphabet_train/J/J1695.jpg,J,test
data/raw/asl_alphabet_train/J/J703.jpg,J,test
data/raw/asl_alphabet_train/J/J2015.jpg,J,test
data/raw/asl_alphabet_train/J/J709.jpg,J,test
data/raw/asl_alphabet_train/J/J934.jpg,J,test
data/raw/asl_alphabet_train/J/J271.jpg,J,test
data/raw/asl_alphabet_train/J/J1201.jpg,J,test
data/raw/asl_alphabet_train/J/J825.jpg,J,test
data/raw/asl_alphabet_train/J/J1525.jpg,J,test
data/raw/asl_alphabet_train/J/J2151.jpg,J,test
data/raw/asl_alphabet_train/J/J89.jpg,J,test
data/raw/asl_alphabet_train/J/J2410.jpg,J,test
data/raw/asl_alphabet_train/J/J211.jpg,J,test
data/raw/asl_alphabet_train/J/J506.jpg,J,test
data/raw/asl_alphabet_train/J/J844.jpg,J,test
data/raw/asl_alphabet_train/J/J831.jpg,J,test
data/raw/asl_alphabet_train/J/J2223.jpg,J,test
data/raw/asl_alphabet_train/J/J2109.jpg,J,test
data/raw/asl_alphabet_train/J/J1177.jpg,J,test
data/raw/asl_alphabet_train/J/J1490.jpg,J,test
data/raw/asl_alphabet_train/J/J377.jpg,J,test
data/raw/asl_alphabet_train/J/J62.jpg,J,test
data/raw/asl_alphabet_train/J/J1524.jpg,J,test
data/raw/asl_alphabet_train/J/J1842.jpg,J,test
data/raw/asl_alphabet_train/J/J2091.jpg,J,test
data/raw/asl_alphabet_train/J/J2831.jpg,J,test
data/raw/asl_alphabet_train/J/J764.jpg,J,test
data/raw/asl_alphabet_train/J/J136.jpg,J,test
data/raw/asl_alphabet_train/J/J698.jpg,J,test
data/raw/asl_alphabet_train/J/J1386.jpg,J,test
data/raw/asl_alphabet_train/J/J2346.jpg,J,test
data/raw/asl_alphabet_train/J/J2322.jpg,J,test
data/raw/asl_alphabet_train/J/J36.jpg,J,test
data/raw/asl_alphabet_train/J/J1257.jpg,J,test
data/raw/asl_alphabet_train/J/J643.jpg,J,test
data/raw/asl_alphabet_train/J/J2427.jpg,J,test
data/raw/asl_alphabet_train/J/J905.jpg,J,test
data/raw/asl_alphabet_train/J/J977.jpg,J,test
data/raw/asl_alphabet_train/K/K1149.jpg,K,train
data/raw/asl_alphabet_train/K/K2728.jpg,K,train
data/raw/asl_alphabet_train/K/K1949.jpg,K,train
data/raw/asl_alphabet_train/K/K1525.jpg,K,train
data/raw/asl_alphabet_train/K/K103.jpg,K,train
data/raw/asl_alphabet_train/K/K2880.jpg,K,train
data/raw/asl_alphabet_train/K/K187.jpg,K,train
data/raw/asl_alphabet_train/K/K1941.jpg,K,train
data/raw/asl_alphabet_train/K/K657.jpg,K,train
data/raw/asl_alphabet_train/K/K1330.jpg,K,train
data/raw/asl_alphabet_train/K/K335.jpg,K,train
data/raw/asl_alphabet_train/K/K2103.jpg,K,train
data/raw/asl_alphabet_train/K/K2920.jpg,K,train
data/raw/asl_alphabet_train/K/K1684.jpg,K,train
data/raw/asl_alphabet_train/K/K487.jpg,K,train
data/raw/asl_alphabet_train/K/K2639.jpg,K,train
data/raw/asl_alphabet_train/K/K2755.jpg,K,train
data/raw/asl_alphabet_train/K/K1147.jpg,K,train
data/raw/asl_alphabet_train/K/K1114.jpg,K,train
data/raw/asl_alphabet_train/K/K1679.jpg,K,train
data/raw/asl_alphabet_train/K/K885.jpg,K,train
data/raw/asl_alphabet_train/K/K1635.jpg,K,train
data/raw/asl_alphabet_train/K/K1380.jpg,K,train
data/raw/asl_alphabet_train/K/K1757.jpg,K,train
data/raw/asl_alphabet_train/K/K1873.jpg,K,train
data/raw/asl_alphabet_train/K/K2463.jpg,K,train
data/raw/asl_alphabet_train/K/K1568.jpg,K,train
data/raw/asl_alphabet_train/K/K1078.jpg,K,train
data/raw/asl_alphabet_train/K/K526.jpg,K,train
data/raw/asl_alphabet_train/K/K2858.jpg,K,train
data/raw/asl_alphabet_train/K/K460.jpg,K,train
data/raw/asl_alphabet_train/K/K633.jpg,K,train
data/raw/asl_alphabet_train/K/K888.jpg,K,train
data/raw/asl_alphabet_train/K/K2946.jpg,K,train
data/raw/asl_alphabet_train/K/K2853.jpg,K,train
data/raw/asl_alphabet_train/K/K1648.jpg,K,train
data/raw/asl_alphabet_train/K/K987.jpg,K,train
data/raw/asl_alphabet_train/K/K1023.jpg,K,train
data/raw/asl_alphabet_train/K/K305.jpg,K,train
data/raw/asl_alphabet_train/K/K2504.jpg,K,train
data/raw/asl_alphabet_train/K/K312.jpg,K,train
data/raw/asl_alphabet_train/K/K2254.jpg,K,train
data/raw/asl_alphabet_train/K/K2980.jpg,K,train
data/raw/asl_alphabet_train/K/K914.jpg,K,train
data/raw/asl_alphabet_train/K/K2280.jpg,K,train
data/raw/asl_alphabet_train/K/K124.jpg,K,train
data/raw/asl_alphabet_train/K/K1110.jpg,K,train
data/raw/asl_alphabet_train/K/K2475.jpg,K,train
data/raw/asl_alphabet_train/K/K2024.jpg,K,train
data/raw/asl_alphabet_train/K/K2335.jpg,K,train
data/raw/asl_alphabet_train/K/K829.jpg,K,train
data/raw/asl_alphabet_train/K/K1918.jpg,K,train
data/raw/asl_alphabet_train/K/K1458.jpg,K,train
data/raw/asl_alphabet_train/K/K1838.jpg,K,train
data/raw/asl_alphabet_train/K/K1652.jpg,K,train
data/raw/asl_alphabet_train/K/K2663.jpg,K,train
data/raw/asl_alphabet_train/K/K952.jpg,K,train
data/raw/asl_alphabet_train/K/K2816.jpg,K,train
data/raw/asl_alphabet_train/K/K565.jpg,K,train
data/raw/asl_alphabet_train/K/K2230.jpg,K,train
data/raw/asl_alphabet_train/K/K2292.jpg,K,train
data/raw/asl_alphabet_train/K/K959.jpg,K,train
data/raw/asl_alphabet_train/K/K1471.jpg,K,train
data/raw/asl_alphabet_train/K/K2979.jpg,K,train
data/raw/asl_alphabet_train/K/K570.jpg,K,train
data/raw/asl_alphabet_train/K/K1574.jpg,K,train
data/raw/asl_alphabet_train/K/K2822.jpg,K,train
data/raw/asl_alphabet_train/K/K1379.jpg,K,train
data/raw/asl_alphabet_train/K/K2777.jpg,K,train
data/raw/asl_alphabet_train/K/K2795.jpg,K,train
data/raw/asl_alphabet_train/K/K2849.jpg,K,train
data/raw/asl_alphabet_train/K/K2743.jpg,K,train
data/raw/asl_alphabet_train/K/K1227.jpg,K,train
data/raw/asl_alphabet_train/K/K168.jpg,K,train
data/raw/asl_alphabet_train/K/K1071.jpg,K,train
data/raw/asl_alphabet_train/K/K831.jpg,K,train
data/raw/asl_alphabet_train/K/K1642.jpg,K,train
data/raw/asl_alphabet_train/K/K1737.jpg,K,train
data/raw/asl_alphabet_train/K/K534.jpg,K,train
data/raw/asl_alphabet_train/K/K2003.jpg,K,train
data/raw/asl_alphabet_train/K/K2410.jpg,K,train
data/raw/asl_alphabet_train/K/K333.jpg,K,train
data/raw/asl_alphabet_train/K/K2178.jpg,K,train
data/raw/asl_alphabet_train/K/K2296.jpg,K,train
data/raw/asl_alphabet_train/K/K2008.jpg,K,train
data/raw/asl_alphabet_train/K/K27.jpg,K,train
data/raw/asl_alphabet_train/K/K250.jpg,K,train
data/raw/asl_alphabet_train/K/K1714.jpg,K,train
data/raw/asl_alphabet_train/K/K2608.jpg,K,train
data/raw/asl_alphabet_train/K/K1425.jpg,K,train
data/raw/asl_alphabet_train/K/K2416.jpg,K,train
data/raw/asl_alphabet_train/K/K2764.jpg,K,train
data/raw/asl_alphabet_train/K/K2798.jpg,K,train
data/raw/asl_alphabet_train/K/K2737.jpg,K,train
data/raw/asl_alphabet_train/K/K1226.jpg,K,train
data/raw/asl_alphabet_train/K/K909.jpg,K,train
data/raw/asl_alphabet_train/K/K1210.jpg,K,train
data/raw/asl_alphabet_train/K/K2883.jpg,K,train
data/raw/asl_alphabet_train/K/K612.jpg,K,train
data/raw/asl_alphabet_train/K/K686.jpg,K,train
data/raw/asl_alphabet_train/K/K1532.jpg,K,train
data/raw/asl_alphabet_train/K/K302.jpg,K,train
data/raw/asl_alphabet_train/K/K2414.jpg,K,train
data/raw/asl_alphabet_train/K/K1366.jpg,K,train
data/raw/asl_alphabet_train/K/K2406.jpg,K,train
data/raw/asl_alphabet_train/K/K2638.jpg,K,train
data/raw/asl_alphabet_train/K/K143.jpg,K,train
data/raw/asl_alphabet_train/K/K810.jpg,K,train
data/raw/asl_alphabet_train/K/K1085.jpg,K,train
data/raw/asl_alphabet_train/K/K1176.jpg,K,train
data/raw/asl_alphabet_train/K/K441.jpg,K,train
data/raw/asl_alphabet_train/K/K137.jpg,K,train
data/raw/asl_alphabet_train/K/K2520.jpg,K,train
data/raw/asl_alphabet_train/K/K1957.jpg,K,train
data/raw/asl_alphabet_train/K/K690.jpg,K,train
data/raw/asl_alphabet_train/K/K576.jpg,K,train
data/raw/asl_alphabet_train/K/K2382.jpg,K,train
data/raw/asl_alphabet_train/K/K2141.jpg,K,train
data/raw/asl_alphabet_train/K/K1562.jpg,K,train
data/raw/asl_alphabet_train/K/K2401.jpg,K,train
data/raw/asl_alphabet_train/K/K1549.jpg,K,train
data/raw/asl_alphabet_train/K/K832.jpg,K,train
data/raw/asl_alphabet_train/K/K2577.jpg,K,train
data/raw/asl_alphabet_train/K/K1259.jpg,K,train
data/raw/asl_alphabet_train/K/K2947.jpg,K,train
data/raw/asl_alphabet_train/K/K2637.jpg,K,train
data/raw/asl_alphabet_train/K/K2354.jpg,K,train
data/raw/asl_alphabet_train/K/K1962.jpg,K,train
data/raw/asl_alphabet_train/K/K2145.jpg,K,train
data/raw/asl_alphabet_train/K/K359.jpg,K,train
data/raw/asl_alphabet_train/K/K1912.jpg,K,train
data/raw/asl_alphabet_train/K/K1274.jpg,K,train
data/raw/asl_alphabet_train/K/K203.jpg,K,train
data/raw/asl_alphabet_train/K/K1146.jpg,K,train
data/raw/asl_alphabet_train/K/K1249.jpg,K,train
data/raw/asl_alphabet_train/K/K1744.jpg,K,train
data/raw/asl_alphabet_train/K/K1824.jpg,K,train
data/raw/asl_alphabet_train/K/K1587.jpg,K,train
data/raw/asl_alphabet_train/K/K886.jpg,K,train
data/raw/asl_alphabet_train/K/K1543.jpg,K,train
data/raw/asl_alphabet_train/K/K1514.jpg,K,train
data/raw/asl_alphabet_train/K/K2808.jpg,K,train
data/raw/asl_alphabet_train/K/K23.jpg,K,train
data/raw/asl_alphabet_train/K/K2015.jpg,K,train
data/raw/asl_alphabet_train/K/K2843.jpg,K,train
data/raw/asl_alphabet_train/K/K618.jpg,K,train
data/raw/asl_alphabet_train/K/K529.jpg,K,train
data/raw/asl_alphabet_train/K/K310.jpg,K,train
data/raw/asl_alphabet_train/K/K1716.jpg,K,train
data/raw/asl_alphabet_train/K/K2567.jpg,K,train
data/raw/asl_alphabet_train/K/K1742.jpg,K,train
data/raw/asl_alphabet_train/K/K2804.jpg,K,train
data/raw/asl_alphabet_train/K/K2823.jpg,K,train
data/raw/asl_alphabet_train/K/K2476.jpg,K,train
data/raw/asl_alphabet_train/K/K2131.jpg,K,train
data/raw/asl_alphabet_train/K/K758.jpg,K,train
data/raw/asl_alphabet_train/K/K1391.jpg,K,train
data/raw/asl_alphabet_train/K/K1012.jpg,K,train
data/raw/asl_alphabet_train/K/K2200.jpg,K,train
data/raw/asl_alphabet_train/K/K1059.jpg,K,train
data/raw/asl_alphabet_train/K/K2752.jpg,K,train
data/raw/asl_alphabet_train/K/K1454.jpg,K,train
data/raw/asl_alphabet_train/K/K2256.jpg,K,train
data/raw/asl_alphabet_train/K/K1329.jpg,K,train
data/raw/asl_alphabet_train/K/K1324.jpg,K,train
data/raw/asl_alphabet_train/K/K2226.jpg,K,train
data/raw/asl_alphabet_train/K/K2255.jpg,K,train
data/raw/asl_alphabet_train/K/K1216.jpg,K,train
data/raw/asl_alphabet_train/K/K12.jpg,K,train
data/raw/asl_alphabet_train/K/K1118.jpg,K,train
data/raw/asl_alphabet_train/K/K1992.jpg,K,train
data/raw/asl_alphabet_train/K/K1041.jpg,K,train
data/raw/asl_alphabet_train/K/K1499.jpg,K,train
data/raw/asl_alphabet_train/K/K2079.jpg,K,train
data/raw/asl_alphabet_train/K/K1036.jpg,K,train
data/raw/asl_alphabet_train/K/K2616.jpg,K,train
data/raw/asl_alphabet_train/K/K1632.jpg,K,train
data/raw/asl_alphabet_train/K/K1038.jpg,K,train
data/raw/asl_alphabet_train/K/K940.jpg,K,train
data/raw/asl_alphabet_train/K/K486.jpg,K,train
data/raw/asl_alphabet_train/K/K2375.jpg,K,train
data/raw/asl_alphabet_train/K/K462.jpg,K,train
data/raw/asl_alphabet_train/K/K2286.jpg,K,train
data/raw/asl_alphabet_train/K/K1859.jpg,K,train
data/raw/asl_alphabet_train/K/K721.jpg,K,train
data/raw/asl_alphabet_train/K/K789.jpg,K,train
data/raw/asl_alphabet_train/K/K2580.jpg,K,train
data/raw/asl_alphabet_train/K/K306.jpg,K,train
data/raw/asl_alphabet_train/K/K753.jpg,K,train
data/raw/asl_alphabet_train/K/K1792.jpg,K,train
data/raw/asl_alphabet_train/K/K2333.jpg,K,train
data/raw/asl_alphabet_train/K/K2374.jpg,K,train
data/raw/asl_alphabet_train/K/K2404.jpg,K,train
data/raw/asl_alphabet_train/K/K2948.jpg,K,train
data/raw/asl_alphabet_train/K/K427.jpg,K,train
data/raw/asl_alphabet_train/K/K136.jpg,K,train
data/raw/asl_alphabet_train/K/K2250.jpg,K,train
data/raw/asl_alphabet_train/K/K1612.jpg,K,train
data/raw/asl_alphabet_train/K/K877.jpg,K,train
data/raw/asl_alphabet_train/K/K318.jpg,K,train
data/raw/asl_alphabet_train/K/K2216.jpg,K,train
data/raw/asl_alphabet_train/K/K925.jpg,K,train
data/raw/asl_alphabet_train/K/K672.jpg,K,train
data/raw/asl_alphabet_train/K/K1709.jpg,K,train
data/raw/asl_alphabet_train/K/K2541.jpg,K,train
data/raw/asl_alphabet_train/K/K2919.jpg,K,train
data/raw/asl_alphabet_train/K/K380.jpg,K,train
data/raw/asl_alphabet_train/K/K2470.jpg,K,train
data/raw/asl_alphabet_train/K/K1158.jpg,K,train
data/raw/asl_alphabet_train/K/K1925.jpg,K,train
data/raw/asl_alphabet_train/K/K238.jpg,K,train
data/raw/asl_alphabet_train/K/K2815.jpg,K,train
data/raw/asl_alphabet_train/K/K539.jpg,K,train
data/raw/asl_alphabet_train/K/K1255.jpg,K,train
data/raw/asl_alphabet_train/K/K2629.jpg,K,train
data/raw/asl_alphabet_train/K/K443.jpg,K,train
data/raw/asl_alphabet_train/K/K1818.jpg,K,train
data/raw/asl_alphabet_train/K/K1034.jpg,K,train
data/raw/asl_alphabet_train/K/K1385.jpg,K,train
data/raw/asl_alphabet_train/K/K35.jpg,K,train
data/raw/asl_alphabet_train/K/K2879.jpg,K,train
data/raw/asl_alphabet_train/K/K2763.jpg,K,train
data/raw/asl_alphabet_train/K/K734.jpg,K,train
data/raw/asl_alphabet_train/K/K760.jpg,K,train
data/raw/asl_alphabet_train/K/K2248.jpg,K,train
data/raw/asl_alphabet_train/K/K2137.jpg,K,train
data/raw/asl_alphabet_train/K/K2202.jpg,K,train
data/raw/asl_alphabet_train/K/K1682.jpg,K,train
data/raw/asl_alphabet_train/K/K211.jpg,K,train
data/raw/asl_alphabet_train/K/K2977.jpg,K,train
data/raw/asl_alphabet_train/K/K1215.jpg,K,train
data/raw/asl_alphabet_train/K/K1219.jpg,K,train
data/raw/asl_alphabet_train/K/K1625.jpg,K,train
data/raw/asl_alphabet_train/K/K1664.jpg,K,train
data/raw/asl_alphabet_train/K/K963.jpg,K,train
data/raw/asl_alphabet_train/K/K2734.jpg,K,train
data/raw/asl_alphabet_train/K/K2196.jpg,K,train
data/raw/asl_alphabet_train/K/K1646.jpg,K,train
data/raw/asl_alphabet_train/K/K1655.jpg,K,train
data/raw/asl_alphabet_train/K/K1880.jpg,K,train
data/raw/asl_alphabet_train/K/K414.jpg,K,train
data/raw/asl_alphabet_train/K/K911.jpg,K,train
data/raw/asl_alphabet_train/K/K655.jpg,K,train
data/raw/asl_alphabet_train/K/K1698.jpg,K,train
data/raw/asl_alphabet_train/K/K704.jpg,K,train
data/raw/asl_alphabet_train/K/K2642.jpg,K,train
data/raw/asl_alphabet_train/K/K1721.jpg,K,train
data/raw/asl_alphabet_train/K/K2761.jpg,K,train
data/raw/asl_alphabet_train/K/K2897.jpg,K,train
data/raw/asl_alphabet_train/K/K215.jpg,K,train
data/raw/asl_alphabet_train/K/K1181.jpg,K,train
data/raw/asl_alphabet_train/K/K1049.jpg,K,train
data/raw/asl_alphabet_train/K/K139.jpg,K,train
data/raw/asl_alphabet_train/K/K1503.jpg,K,train
data/raw/asl_alphabet_train/K/K1687.jpg,K,train
data/raw/asl_alphabet_train/K/K2142.jpg,K,train
data/raw/asl_alphabet_train/K/K1354.jpg,K,train
data/raw/asl_alphabet_train/K/K1958.jpg,K,train
data/raw/asl_alphabet_train/K/K1231.jpg,K,train
data/raw/asl_alphabet_train/K/K1507.jpg,K,train
data/raw/asl_alphabet_train/K/K996.jpg,K,train
data/raw/asl_alphabet_train/K/K2373.jpg,K,train
data/raw/asl_alphabet_train/K/K2885.jpg,K,train
data/raw/asl_alphabet_train/K/K553.jpg,K,train
data/raw/asl_alphabet_train/K/K1529.jpg,K,train
data/raw/asl_alphabet_train/K/K352.jpg,K,train
data/raw/asl_alphabet_train/K/K863.jpg,K,train
data/raw/asl_alphabet_train/K/K2140.jpg,K,train
data/raw/asl_alphabet_train/K/K2209.jpg,K,train
data/raw/asl_alphabet_train/K/K482.jpg,K,train
data/raw/asl_alphabet_train/K/K172.jpg,K,train
data/raw/asl_alphabet_train/K/K268.jpg,K,train
data/raw/asl_alphabet_train/K/K505.jpg,K,train
data/raw/asl_alphabet_train/K/K2082.jpg,K,train
data/raw/asl_alphabet_train/K/K298.jpg,K,train
data/raw/asl_alphabet_train/K/K1172.jpg,K,train
data/raw/asl_alphabet_train/K/K468.jpg,K,train
data/raw/asl_alphabet_train/K/K510.jpg,K,train
data/raw/asl_alphabet_train/K/K71.jpg,K,train
data/raw/asl_alphabet_train/K/K1018.jpg,K,train
data/raw/asl_alphabet_train/K/K991.jpg,K,train
data/raw/asl_alphabet_train/K/K1550.jpg,K,train
data/raw/asl_alphabet_train/K/K2489.jpg,K,train
data/raw/asl_alphabet_train/K/K1015.jpg,K,train
data/raw/asl_alphabet_train/K/K452.jpg,K,train
data/raw/asl_alphabet_train/K/K72.jpg,K,train
data/raw/asl_alphabet_train/K/K132.jpg,K,train
data/raw/asl_alphabet_train/K/K2674.jpg,K,train
data/raw/asl_alphabet_train/K/K2659.jpg,K,train
data/raw/asl_alphabet_train/K/K1040.jpg,K,train
data/raw/asl_alphabet_train/K/K1790.jpg,K,train
data/raw/asl_alphabet_train/K/K2215.jpg,K,train
data/raw/asl_alphabet_train/K/K2722.jpg,K,train
data/raw/asl_alphabet_train/K/K1732.jpg,K,train
data/raw/asl_alphabet_train/K/K1256.jpg,K,train
data/raw/asl_alphabet_train/K/K2273.jpg,K,train
data/raw/asl_alphabet_train/K/K308.jpg,K,train
data/raw/asl_alphabet_train/K/K2631.jpg,K,train
data/raw/asl_alphabet_train/K/K574.jpg,K,train
data/raw/asl_alphabet_train/K/K311.jpg,K,train
data/raw/asl_alphabet_train/K/K1024.jpg,K,train
data/raw/asl_alphabet_train/K/K531.jpg,K,train
data/raw/asl_alphabet_train/K/K656.jpg,K,train
data/raw/asl_alphabet_train/K/K2400.jpg,K,train
data/raw/asl_alphabet_train/K/K1081.jpg,K,train
data/raw/asl_alphabet_train/K/K1334.jpg,K,train
data/raw/asl_alphabet_train/K/K1258.jpg,K,train
data/raw/asl_alphabet_train/K/K2041.jpg,K,train
data/raw/asl_alphabet_train/K/K2379.jpg,K,train
data/raw/asl_alphabet_train/K/K1506.jpg,K,train
data/raw/asl_alphabet_train/K/K120.jpg,K,train
data/raw/asl_alphabet_train/K/K620.jpg,K,train
data/raw/asl_alphabet_train/K/K2525.jpg,K,train
data/raw/asl_alphabet_train/K/K652.jpg,K,train
data/raw/asl_alphabet_train/K/K2107.jpg,K,train
data/raw/asl_alphabet_train/K/K1515.jpg,K,train
data/raw/asl_alphabet_train/K/K2647.jpg,K,train
data/raw/asl_alphabet_train/K/K2287.jpg,K,train
data/raw/asl_alphabet_train/K/K2262.jpg,K,train
data/raw/asl_alphabet_train/K/K2806.jpg,K,train
data/raw/asl_alphabet_train/K/K2842.jpg,K,train
data/raw/asl_alphabet_train/K/K1783.jpg,K,train
data/raw/asl_alphabet_train/K/K375.jpg,K,train
data/raw/asl_alphabet_train/K/K1280.jpg,K,train
data/raw/asl_alphabet_train/K/K2164.jpg,K,train
data/raw/asl_alphabet_train/K/K2538.jpg,K,train
data/raw/asl_alphabet_train/K/K2222.jpg,K,train
data/raw/asl_alphabet_train/K/K1019.jpg,K,train
data/raw/asl_alphabet_train/K/K884.jpg,K,train
data/raw/asl_alphabet_train/K/K2338.jpg,K,train
data/raw/asl_alphabet_train/K/K589.jpg,K,train
data/raw/asl_alphabet_train/K/K2909.jpg,K,train
data/raw/asl_alphabet_train/K/K2606.jpg,K,train
data/raw/asl_alphabet_train/K/K852.jpg,K,train
data/raw/asl_alphabet_train/K/K1145.jpg,K,train
data/raw/asl_alphabet_train/K/K736.jpg,K,train
data/raw/asl_alphabet_train/K/K159.jpg,K,train
data/raw/asl_alphabet_train/K/K616.jpg,K,train
data/raw/asl_alphabet_train/K/K2924.jpg,K,train
data/raw/asl_alphabet_train/K/K1591.jpg,K,train
data/raw/asl_alphabet_train/K/K1597.jpg,K,train
data/raw/asl_alphabet_train/K/K1320.jpg,K,train
data/raw/asl_alphabet_train/K/K104.jpg,K,train
data/raw/asl_alphabet_train/K/K1833.jpg,K,train
data/raw/asl_alphabet_train/K/K2329.jpg,K,train
data/raw/asl_alphabet_train/K/K438.jpg,K,train
data/raw/asl_alphabet_train/K/K1417.jpg,K,train
data/raw/asl_alphabet_train/K/K1711.jpg,K,train
data/raw/asl_alphabet_train/K/K2976.jpg,K,train
data/raw/asl_alphabet_train/K/K2793.jpg,K,train
data/raw/asl_alphabet_train/K/K1137.jpg,K,train
data/raw/asl_alphabet_train/K/K2300.jpg,K,train
data/raw/asl_alphabet_train/K/K1127.jpg,K,train
data/raw/asl_alphabet_train/K/K1389.jpg,K,train
data/raw/asl_alphabet_train/K/K2099.jpg,K,train
data/raw/asl_alphabet_train/K/K368.jpg,K,train
data/raw/asl_alphabet_train/K/K1659.jpg,K,train
data/raw/asl_alphabet_train/K/K2868.jpg,K,train
data/raw/asl_alphabet_train/K/K1762.jpg,K,train
data/raw/asl_alphabet_train/K/K2846.jpg,K,train
data/raw/asl_alphabet_train/K/K2031.jpg,K,train
data/raw/asl_alphabet_train/K/K678.jpg,K,train
data/raw/asl_alphabet_train/K/K647.jpg,K,train
data/raw/asl_alphabet_train/K/K1457.jpg,K,train
data/raw/asl_alphabet_train/K/K994.jpg,K,train
data/raw/asl_alphabet_train/K/K881.jpg,K,train
data/raw/asl_alphabet_train/K/K2.jpg,K,train
data/raw/asl_alphabet_train/K/K817.jpg,K,train
data/raw/asl_alphabet_train/K/K2048.jpg,K,train
data/raw/asl_alphabet_train/K/K2698.jpg,K,train
data/raw/asl_alphabet_train/K/K2786.jpg,K,train
data/raw/asl_alphabet_train/K/K2917.jpg,K,train
data/raw/asl_alphabet_train/K/K943.jpg,K,train
data/raw/asl_alphabet_train/K/K1996.jpg,K,train
data/raw/asl_alphabet_train/K/K183.jpg,K,train
data/raw/asl_alphabet_train/K/K1908.jpg,K,train
data/raw/asl_alphabet_train/K/K2323.jpg,K,train
data/raw/asl_alphabet_train/K/K501.jpg,K,train
data/raw/asl_alphabet_train/K/K61.jpg,K,train
data/raw/asl_alphabet_train/K/K1164.jpg,K,train
data/raw/asl_alphabet_train/K/K1689.jpg,K,train
data/raw/asl_alphabet_train/K/K28.jpg,K,train
data/raw/asl_alphabet_train/K/K907.jpg,K,train
data/raw/asl_alphabet_train/K/K1516.jpg,K,train
data/raw/asl_alphabet_train/K/K2398.jpg,K,train
data/raw/asl_alphabet_train/K/K185.jpg,K,train
data/raw/asl_alphabet_train/K/K1356.jpg,K,train
data/raw/asl_alphabet_train/K/K2242.jpg,K,train
data/raw/asl_alphabet_train/K/K2749.jpg,K,train
data/raw/asl_alphabet_train/K/K299.jpg,K,train
data/raw/asl_alphabet_train/K/K1540.jpg,K,train
data/raw/asl_alphabet_train/K/K961.jpg,K,train
data/raw/asl_alphabet_train/K/K722.jpg,K,train
data/raw/asl_alphabet_train/K/K1807.jpg,K,train
data/raw/asl_alphabet_train/K/K1733.jpg,K,train
data/raw/asl_alphabet_train/K/K1374.jpg,K,train
data/raw/asl_alphabet_train/K/K2595.jpg,K,train
data/raw/asl_alphabet_train/K/K1731.jpg,K,train
data/raw/asl_alphabet_train/K/K1654.jpg,K,train
data/raw/asl_alphabet_train/K/K2738.jpg,K,train
data/raw/asl_alphabet_train/K/K1669.jpg,K,train
data/raw/asl_alphabet_train/K/K433.jpg,K,train
data/raw/asl_alphabet_train/K/K2596.jpg,K,train
data/raw/asl_alphabet_train/K/K2465.jpg,K,train
data/raw/asl_alphabet_train/K/K83.jpg,K,train
data/raw/asl_alphabet_train/K/K2390.jpg,K,train
data/raw/asl_alphabet_train/K/K1923.jpg,K,train
data/raw/asl_alphabet_train/K/K1283.jpg,K,train
data/raw/asl_alphabet_train/K/K1825.jpg,K,train
data/raw/asl_alphabet_train/K/K152.jpg,K,train
data/raw/asl_alphabet_train/K/K590.jpg,K,train
data/raw/asl_alphabet_train/K/K2070.jpg,K,train
data/raw/asl_alphabet_train/K/K2584.jpg,K,train
data/raw/asl_alphabet_train/K/K2028.jpg,K,train
data/raw/asl_alphabet_train/K/K1202.jpg,K,train
data/raw/asl_alphabet_train/K/K2393.jpg,K,train
data/raw/asl_alphabet_train/K/K2576.jpg,K,train
data/raw/asl_alphabet_train/K/K2289.jpg,K,train
data/raw/asl_alphabet_train/K/K2913.jpg,K,train
data/raw/asl_alphabet_train/K/K1979.jpg,K,train
data/raw/asl_alphabet_train/K/K1362.jpg,K,val
data/raw/asl_alphabet_train/K/K2134.jpg,K,val
data/raw/asl_alphabet_train/K/K74.jpg,K,val
data/raw/asl_alphabet_train/K/K1767.jpg,K,val
data/raw/asl_alphabet_train/K/K2949.jpg,K,val
data/raw/asl_alphabet_train/K/K2054.jpg,K,val
data/raw/asl_alphabet_train/K/K2516.jpg,K,val
data/raw/asl_alphabet_train/K/K2143.jpg,K,val
data/raw/asl_alphabet_train/K/K2834.jpg,K,val
data/raw/asl_alphabet_train/K/K1196.jpg,K,val
data/raw/asl_alphabet_train/K/K2034.jpg,K,val
data/raw/asl_alphabet_train/K/K873.jpg,K,val
data/raw/asl_alphabet_train/K/K140.jpg,K,val
data/raw/asl_alphabet_train/K/K1337.jpg,K,val
data/raw/asl_alphabet_train/K/K394.jpg,K,val
data/raw/asl_alphabet_train/K/K1519.jpg,K,val
data/raw/asl_alphabet_train/K/K2707.jpg,K,val
data/raw/asl_alphabet_train/K/K73.jpg,K,val
data/raw/asl_alphabet_train/K/K1788.jpg,K,val
data/raw/asl_alphabet_train/K/K387.jpg,K,val
data/raw/asl_alphabet_train/K/K2801.jpg,K,val
data/raw/asl_alphabet_train/K/K2368.jpg,K,val
data/raw/asl_alphabet_train/K/K2534.jpg,K,val
data/raw/asl_alphabet_train/K/K1353.jpg,K,val
data/raw/asl_alphabet_train/K/K265.jpg,K,val
data/raw/asl_alphabet_train/K/K2593.jpg,K,val
data/raw/asl_alphabet_train/K/K1072.jpg,K,val
data/raw/asl_alphabet_train/K/K713.jpg,K,val
data/raw/asl_alphabet_train/K/K2203.jpg,K,val
data/raw/asl_alphabet_train/K/K2640.jpg,K,val
data/raw/asl_alphabet_train/K/K993.jpg,K,val
data/raw/asl_alphabet_train/K/K1106.jpg,K,val
data/raw/asl_alphabet_train/K/K133.jpg,K,val
data/raw/asl_alphabet_train/K/K1201.jpg,K,val
data/raw/asl_alphabet_train/K/K1984.jpg,K,val
data/raw/asl_alphabet_train/K/K2310.jpg,K,val
data/raw/asl_alphabet_train/K/K257.jpg,K,val
data/raw/asl_alphabet_train/K/K123.jpg,K,val
data/raw/asl_alphabet_train/K/K1229.jpg,K,val
data/raw/asl_alphabet_train/K/K2633.jpg,K,val
data/raw/asl_alphabet_train/K/K1791.jpg,K,val
data/raw/asl_alphabet_train/K/K119.jpg,K,val
data/raw/asl_alphabet_train/K/K456.jpg,K,val
data/raw/asl_alphabet_train/K/K2305.jpg,K,val
data/raw/asl_alphabet_train/K/K2040.jpg,K,val
data/raw/asl_alphabet_train/K/K57.jpg,K,val
data/raw/asl_alphabet_train/K/K2166.jpg,K,val
data/raw/asl_alphabet_train/K/K1340.jpg,K,val
data/raw/asl_alphabet_train/K/K1004.jpg,K,val
data/raw/asl_alphabet_train/K/K2875.jpg,K,val
data/raw/asl_alphabet_train/K/K1006.jpg,K,val
data/raw/asl_alphabet_train/K/K1143.jpg,K,val
data/raw/asl_alphabet_train/K/K2017.jpg,K,val
data/raw/asl_alphabet_train/K/K1823.jpg,K,val
data/raw/asl_alphabet_train/K/K772.jpg,K,val
data/raw/asl_alphabet_train/K/K2331.jpg,K,val
data/raw/asl_alphabet_train/K/K381.jpg,K,val
data/raw/asl_alphabet_train/K/K761.jpg,K,val
data/raw/asl_alphabet_train/K/K1128.jpg,K,val
data/raw/asl_alphabet_train/K/K261.jpg,K,val
data/raw/asl_alphabet_train/K/K68.jpg,K,val
data/raw/asl_alphabet_train/K/K1877.jpg,K,val
data/raw/asl_alphabet_train/K/K945.jpg,K,val
data/raw/asl_alphabet_train/K/K1806.jpg,K,val
data/raw/asl_alphabet_train/K/K342.jpg,K,val
data/raw/asl_alphabet_train/K/K2119.jpg,K,val
data/raw/asl_alphabet_train/K/K998.jpg,K,val
data/raw/asl_alphabet_train/K/K1376.jpg,K,val
data/raw/asl_alphabet_train/K/K2223.jpg,K,val
data/raw/asl_alphabet_train/K/K1490.jpg,K,val
data/raw/asl_alphabet_train/K/K1935.jpg,K,val
data/raw/asl_alphabet_train/K/K1263.jpg,K,val
data/raw/asl_alphabet_train/K/K2802.jpg,K,val
data/raw/asl_alphabet_train/K/K344.jpg,K,val
data/raw/asl_alphabet_train/K/K1322.jpg,K,val
data/raw/asl_alphabet_train/K/K2941.jpg,K,val
data/raw/asl_alphabet_train/K/K2687.jpg,K,val
data/raw/asl_alphabet_train/K/K2691.jpg,K,val
data/raw/asl_alphabet_train/K/K2803.jpg,K,val
data/raw/asl_alphabet_train/K/K2061.jpg,K,val
data/raw/asl_alphabet_train/K/K1604.jpg,K,val
data/raw/asl_alphabet_train/K/K1653.jpg,K,val
data/raw/asl_alphabet_train/K/K1953.jpg,K,val
data/raw/asl_alphabet_train/K/K1763.jpg,K,val
data/raw/asl_alphabet_train/K/K794.jpg,K,val
data/raw/asl_alphabet_train/K/K1663.jpg,K,val
data/raw/asl_alphabet_train/K/K765.jpg,K,val
data/raw/asl_alphabet_train/K/K2930.jpg,K,val
data/raw/asl_alphabet_train/K/K1305.jpg,K,val
data/raw/asl_alphabet_train/K/K703.jpg,K,val
data/raw/asl_alphabet_train/K/K2762.jpg,K,test
data/raw/asl_alphabet_train/K/K177.jpg,K,test
data/raw/asl_alphabet_train/K/K1855.jpg,K,test
data/raw/asl_alphabet_train/K/K2963.jpg,K,test
data/raw/asl_alphabet_train/K/K2098.jpg,K,test
data/raw/asl_alphabet_train/K/K6.jpg,K,test
data/raw/asl_alphabet_train/K/K845.jpg,K,test
data/raw/asl_alphabet_train/K/K2899.jpg,K,test
data/raw/asl_alphabet_train/K/K916.jpg,K,test
data/raw/asl_alphabet_train/K/K2425.jpg,K,test
data/raw/asl_alphabet_train/K/K1341.jpg,K,test
data/raw/asl_alphabet_train/K/K929.jpg,K,test
data/raw/asl_alphabet_train/K/K2708.jpg,K,test
data/raw/asl_alphabet_train/K/K588.jpg,K,test
data/raw/asl_alphabet_train/K/K1095.jpg,K,test
data/raw/asl_alphabet_train/K/K767.jpg,K,test
data/raw/asl_alphabet_train/K/K956.jpg,K,test
data/raw/asl_alphabet_train/K/K1121.jpg,K,test
data/raw/asl_alphabet_train/K/K249.jpg,K,test
data/raw/asl_alphabet_train/K/K550.jpg,K,test
data/raw/asl_alphabet_train/K/K820.jpg,K,test
data/raw/asl_alphabet_train/K/K1554.jpg,K,test
data/raw/asl_alphabet_train/K/K1383.jpg,K,test
data/raw/asl_alphabet_train/K/K356.jpg,K,test
data/raw/asl_alphabet_train/K/K2220.jpg,K,test
data/raw/asl_alphabet_train/K/K1959.jpg,K,test
data/raw/asl_alphabet_train/K/K2776.jpg,K,test
data/raw/asl_alphabet_train/K/K658.jpg,K,test
data/raw/asl_alphabet_train/K/K2057.jpg,K,test
data/raw/asl_alphabet_train/K/K563.jpg,K,test
data/raw/asl_alphabet_train/K/K1135.jpg,K,test
data/raw/asl_alphabet_train/K/K26.jpg,K,test
data/raw/asl_alphabet_train/K/K214.jpg,K,test
data/raw/asl_alphabet_train/K/K1432.jpg,K,test
data/raw/asl_alphabet_train/K/K96.jpg,K,test
data/raw/asl_alphabet_train/K/K955.jpg,K,test
data/raw/asl_alphabet_train/K/K2532.jpg,K,test
data/raw/asl_alphabet_train/K/K606.jpg,K,test
data/raw/asl_alphabet_train/K/K1932.jpg,K,test
data/raw/asl_alphabet_train/K/K2940.jpg,K,test
data/raw/asl_alphabet_train/K/K564.jpg,K,test
data/raw/asl_alphabet_train/K/K1141.jpg,K,test
data/raw/asl_alphabet_train/K/K1558.jpg,K,test
data/raw/asl_alphabet_train/K/K247.jpg,K,test
data/raw/asl_alphabet_train/K/K195.jpg,K,test
data/raw/asl_alphabet_train/K/K522.jpg,K,test
data/raw/asl_alphabet_train/K/K1821.jpg,K,test
data/raw/asl_alphabet_train/K/K2926.jpg,K,test
data/raw/asl_alphabet_train/K/K1207.jpg,K,test
data/raw/asl_alphabet_train/K/K2067.jpg,K,test
data/raw/asl_alphabet_train/K/K1920.jpg,K,test
data/raw/asl_alphabet_train/K/K926.jpg,K,test
data/raw/asl_alphabet_train/K/K1478.jpg,K,test
data/raw/asl_alphabet_train/K/K1560.jpg,K,test
data/raw/asl_alphabet_train/K/K2624.jpg,K,test
data/raw/asl_alphabet_train/K/K951.jpg,K,test
data/raw/asl_alphabet_train/K/K1863.jpg,K,test
data/raw/asl_alphabet_train/K/K1378.jpg,K,test
data/raw/asl_alphabet_train/K/K285.jpg,K,test
data/raw/asl_alphabet_train/K/K2983.jpg,K,test
data/raw/asl_alphabet_train/K/K2253.jpg,K,test
data/raw/asl_alphabet_train/K/K182.jpg,K,test
data/raw/asl_alphabet_train/K/K1885.jpg,K,test
data/raw/asl_alphabet_train/K/K649.jpg,K,test
data/raw/asl_alphabet_train/K/K913.jpg,K,test
data/raw/asl_alphabet_train/K/K1896.jpg,K,test
data/raw/asl_alphabet_train/K/K275.jpg,K,test
data/raw/asl_alphabet_train/K/K540.jpg,K,test
data/raw/asl_alphabet_train/K/K756.jpg,K,test
data/raw/asl_alphabet_train/K/K506.jpg,K,test
data/raw/asl_alphabet_train/K/K8.jpg,K,test
data/raw/asl_alphabet_train/K/K2835.jpg,K,test
data/raw/asl_alphabet_train/K/K365.jpg,K,test
data/raw/asl_alphabet_train/K/K292.jpg,K,test
data/raw/asl_alphabet_train/K/K1848.jpg,K,test
data/raw/asl_alphabet_train/K/K757.jpg,K,test
data/raw/asl_alphabet_train/K/K2000.jpg,K,test
data/raw/asl_alphabet_train/K/K1054.jpg,K,test
data/raw/asl_alphabet_train/K/K2966.jpg,K,test
data/raw/asl_alphabet_train/K/K2951.jpg,K,test
data/raw/asl_alphabet_train/K/K54.jpg,K,test
data/raw/asl_alphabet_train/K/K407.jpg,K,test
data/raw/asl_alphabet_train/K/K239.jpg,K,test
data/raw/asl_alphabet_train/K/K290.jpg,K,test
data/raw/asl_alphabet_train/K/K2872.jpg,K,test
data/raw/asl_alphabet_train/K/K1013.jpg,K,test
data/raw/asl_alphabet_train/K/K812.jpg,K,test
data/raw/asl_alphabet_train/K/K58.jpg,K,test
data/raw/asl_alphabet_train/K/K1468.jpg,K,test
data/raw/asl_alphabet_train/K/K754.jpg,K,test
data/raw/asl_alphabet_train/L/L1472.jpg,L,train
data/raw/asl_alphabet_train/L/L2165.jpg,L,train
data/raw/asl_alphabet_train/L/L2658.jpg,L,train
data/raw/asl_alphabet_train/L/L1496.jpg,L,train
data/raw/asl_alphabet_train/L/L677.jpg,L,train
data/raw/asl_alphabet_train/L/L212.jpg,L,train
data/raw/asl_alphabet_train/L/L17.jpg,L,train
data/raw/asl_alphabet_train/L/L1323.jpg,L,train
data/raw/asl_alphabet_train/L/L819.jpg,L,train
data/raw/asl_alphabet_train/L/L1263.jpg,L,train
data/raw/asl_alphabet_train/L/L875.jpg,L,train
data/raw/asl_alphabet_train/L/L234.jpg,L,train
data/raw/asl_alphabet_train/L/L477.jpg,L,train
data/raw/asl_alphabet_train/L/L243.jpg,L,train
data/raw/asl_alphabet_train/L/L1080.jpg,L,train
data/raw/asl_alphabet_train/L/L1363.jpg,L,train
data/raw/asl_alphabet_train/L/L2555.jpg,L,train
data/raw/asl_alphabet_train/L/L1599.jpg,L,train
data/raw/asl_alphabet_train/L/L1859.jpg,L,train
data/raw/asl_alphabet_train/L/L1051.jpg,L,train
data/raw/asl_alphabet_train/L/L590.jpg,L,train
data/raw/asl_alphabet_train/L/L2808.jpg,L,train
data/raw/asl_alphabet_train/L/L860.jpg,L,train
data/raw/asl_alphabet_train/L/L2975.jpg,L,train
data/raw/asl_alphabet_train/L/L239.jpg,L,train
data/raw/asl_alphabet_train/L/L2739.jpg,L,train
data/raw/asl_alphabet_train/L/L242.jpg,L,train
data/raw/asl_alphabet_train/L/L1453.jpg,L,train
data/raw/asl_alphabet_train/L/L2474.jpg,L,train
data/raw/asl_alphabet_train/L/L811.jpg,L,train
data/raw/asl_alphabet_train/L/L1052.jpg,L,train
data/raw/asl_alphabet_train/L/L174.jpg,L,train
data/raw/asl_alphabet_train/L/L2518.jpg,L,train
data/raw/asl_alphabet_train/L/L2385.jpg,L,train
data/raw/asl_alphabet_train/L/L575.jpg,L,train
data/raw/asl_alphabet_train/L/L669.jpg,L,train
data/raw/asl_alphabet_train/L/L2554.jpg,L,train
data/raw/asl_alphabet_train/L/L1744.jpg,L,train
data/raw/asl_alphabet_train/L/L2308.jpg,L,train
data/raw/asl_alphabet_train/L/L2356.jpg,L,train
data/raw/asl_alphabet_train/L/L1938.jpg,L,train
data/raw/asl_alphabet_train/L/L2711.jpg,L,train
data/raw/asl_alphabet_train/L/L2804.jpg,L,train
data/raw/asl_alphabet_train/L/L2849.jpg,L,train
data/raw/asl_alphabet_train/L/L2547.jpg,L,train
data/raw/asl_alphabet_train/L/L2118.jpg,L,train
data/raw/asl_alphabet_train/L/L2597.jpg,L,train
data/raw/asl_alphabet_train/L/L958.jpg,L,train
data/raw/asl_alphabet_train/L/L2405.jpg,L,train
data/raw/asl_alphabet_train/L/L1652.jpg,L,train
data/raw/asl_alphabet_train/L/L1181.jpg,L,train
data/raw/asl_alphabet_train/L/L473.jpg,L,train
data/raw/asl_alphabet_train/L/L1257.jpg,L,train
data/raw/asl_alphabet_train/L/L1866.jpg,L,train
data/raw/asl_alphabet_train/L/L1864.jpg,L,train
data/raw/asl_alphabet_train/L/L2345.jpg,L,train
data/raw/asl_alphabet_train/L/L806.jpg,L,train
data/raw/asl_alphabet_train/L/L58.jpg,L,train
data/raw/asl_alphabet_train/L/L1409.jpg,L,train
data/raw/asl_alphabet_train/L/L1147.jpg,L,train
data/raw/asl_alphabet_train/L/L938.jpg,L,train
data/raw/asl_alphabet_train/L/L2257.jpg,L,train
data/raw/asl_alphabet_train/L/L1535.jpg,L,train
data/raw/asl_alphabet_train/L/L1436.jpg,L,train
data/raw/asl_alphabet_train/L/L1157.jpg,L,train
data/raw/asl_alphabet_train/L/L650.jpg,L,train
data/raw/asl_alphabet_train/L/L2599.jpg,L,train
data/raw/asl_alphabet_train/L/L2858.jpg,L,train
data/raw/asl_alphabet_train/L/L2222.jpg,L,train
data/raw/asl_alphabet_train/L/L26.jpg,L,train
data/raw/asl_alphabet_train/L/L2182.jpg,L,train
data/raw/asl_alphabet_train/L/L1256.jpg,L,train
data/raw/asl_alphabet_train/L/L583.jpg,L,train
data/raw/asl_alphabet_train/L/L2923.jpg,L,train
data/raw/asl_alphabet_train/L/L1282.jpg,L,train
data/raw/asl_alphabet_train/L/L956.jpg,L,train
data/raw/asl_alphabet_train/L/L1605.jpg,L,train
data/raw/asl_alphabet_train/L/L112.jpg,L,train
data/raw/asl_alphabet_train/L/L2557.jpg,L,train
data/raw/asl_alphabet_train/L/L1182.jpg,L,train
data/raw/asl_alphabet_train/L/L1425.jpg,L,train
data/raw/asl_alphabet_train/L/L746.jpg,L,train
data/raw/asl_alphabet_train/L/L323.jpg,L,train
data/raw/asl_alphabet_train/L/L41.jpg,L,train
data/raw/asl_alphabet_train/L/L2468.jpg,L,train
data/raw/asl_alphabet_train/L/L1101.jpg,L,train
data/raw/asl_alphabet_train/L/L2198.jpg,L,train
data/raw/asl_alphabet_train/L/L2620.jpg,L,train
data/raw/asl_alphabet_train/L/L2820.jpg,L,train
data/raw/asl_alphabet_train/L/L1025.jpg,L,train
data/raw/asl_alphabet_train/L/L785.jpg,L,train
data/raw/asl_alphabet_train/L/L2593.jpg,L,train
data/raw/asl_alphabet_train/L/L2924.jpg,L,train
data/raw/asl_alphabet_train/L/L2355.jpg,L,train
data/raw/asl_alphabet_train/L/L2657.jpg,L,train
data/raw/asl_alphabet_train/L/L2452.jpg,L,train
data/raw/asl_alphabet_train/L/L466.jpg,L,train
data/raw/asl_alphabet_train/L/L309.jpg,L,train
data/raw/asl_alphabet_train/L/L1190.jpg,L,train
data/raw/asl_alphabet_train/L/L2038.jpg,L,train
data/raw/asl_alphabet_train/L/L2465.jpg,L,train
data/raw/asl_alphabet_train/L/L885.jpg,L,train
data/raw/asl_alphabet_train/L/L587.jpg,L,train
data/raw/asl_alphabet_train/L/L1.jpg,L,train
data/raw/asl_alphabet_train/L/L1966.jpg,L,train
data/raw/asl_alphabet_train/L/L933.jpg,L,train
data/raw/asl_alphabet_train/L/L2970.jpg,L,train
data/raw/asl_alphabet_train/L/L2159.jpg,L,train
data/raw/asl_alphabet_train/L/L2085.jpg,L,train
data/raw/asl_alphabet_train/L/L1279.jpg,L,train
data/raw/asl_alphabet_train/L/L1352.jpg,L,train
data/raw/asl_alphabet_train/L/L1466.jpg,L,train
data/raw/asl_alphabet_train/L/L1154.jpg,L,train
data/raw/asl_alphabet_train/L/L2044.jpg,L,train
data/raw/asl_alphabet_train/L/L2815.jpg,L,train
data/raw/asl_alphabet_train/L/L2383.jpg,L,train
data/raw/asl_alphabet_train/L/L1905.jpg,L,train
data/raw/asl_alphabet_train/L/L2011.jpg,L,train
data/raw/asl_alphabet_train/L/L375.jpg,L,train
data/raw/asl_alphabet_train/L/L378.jpg,L,train
data/raw/asl_alphabet_train/L/L565.jpg,L,train
data/raw/asl_alphabet_train/L/L2700.jpg,L,train
data/raw/asl_alphabet_train/L/L1523.jpg,L,train
data/raw/asl_alphabet_train/L/L209.jpg,L,train
data/raw/asl_alphabet_train/L/L2162.jpg,L,train
data/raw/asl_alphabet_train/L/L2679.jpg,L,train
data/raw/asl_alphabet_train/L/L2876.jpg,L,train
data/raw/asl_alphabet_train/L/L2115.jpg,L,train
data/raw/asl_alphabet_train/L/L1233.jpg,L,train
data/raw/asl_alphabet_train/L/L714.jpg,L,train
data/raw/asl_alphabet_train/L/L2029.jpg,L,train
data/raw/asl_alphabet_train/L/L1980.jpg,L,train
data/raw/asl_alphabet_train/L/L1077.jpg,L,train
data/raw/asl_alphabet_train/L/L675.jpg,L,train
data/raw/asl_alphabet_train/L/L1243.jpg,L,train
data/raw/asl_alphabet_train/L/L1431.jpg,L,train
data/raw/asl_alphabet_train/L/L426.jpg,L,train
data/raw/asl_alphabet_train/L/L649.jpg,L,train
data/raw/asl_alphabet_train/L/L1680.jpg,L,train
data/raw/asl_alphabet_train/L/L779.jpg,L,train
data/raw/asl_alphabet_train/L/L268.jpg,L,train
data/raw/asl_alphabet_train/L/L983.jpg,L,train
data/raw/asl_alphabet_train/L/L327.jpg,L,train
data/raw/asl_alphabet_train/L/L1889.jpg,L,train
data/raw/asl_alphabet_train/L/L1498.jpg,L,train
data/raw/asl_alphabet_train/L/L2694.jpg,L,train
data/raw/asl_alphabet_train/L/L1402.jpg,L,train
data/raw/asl_alphabet_train/L/L2175.jpg,L,train
data/raw/asl_alphabet_train/L/L2120.jpg,L,train
data/raw/asl_alphabet_train/L/L854.jpg,L,train
data/raw/asl_alphabet_train/L/L2784.jpg,L,train
data/raw/asl_alphabet_train/L/L925.jpg,L,train
data/raw/asl_alphabet_train/L/L2781.jpg,L,train
data/raw/asl_alphabet_train/L/L2464.jpg,L,train
data/raw/asl_alphabet_train/L/L128.jpg,L,train
data/raw/asl_alphabet_train/L/L2236.jpg,L,train
data/raw/asl_alphabet_train/L/L1897.jpg,L,train
data/raw/asl_alphabet_train/L/L2780.jpg,L,train
data/raw/asl_alphabet_train/L/L2882.jpg,L,train
data/raw/asl_alphabet_train/L/L2608.jpg,L,train
data/raw/asl_alphabet_train/L/L713.jpg,L,train
data/raw/asl_alphabet_train/L/L1194.jpg,L,train
data/raw/asl_alphabet_train/L/L2095.jpg,L,train
data/raw/asl_alphabet_train/L/L2481.jpg,L,train
data/raw/asl_alphabet_train/L/L1571.jpg,L,train
data/raw/asl_alphabet_train/L/L2074.jpg,L,train
data/raw/asl_alphabet_train/L/L1682.jpg,L,train
data/raw/asl_alphabet_train/L/L2272.jpg,L,train
data/raw/asl_alphabet_train/L/L720.jpg,L,train
data/raw/asl_alphabet_train/L/L2499.jpg,L,train
data/raw/asl_alphabet_train/L/L954.jpg,L,train
data/raw/asl_alphabet_train/L/L2214.jpg,L,train
data/raw/asl_alphabet_train/L/L1878.jpg,L,train
data/raw/asl_alphabet_train/L/L830.jpg,L,train
data/raw/asl_alphabet_train/L/L1903.jpg,L,train
data/raw/asl_alphabet_train/L/L437.jpg,L,train
data/raw/asl_alphabet_train/L/L731.jpg,L,train
data/raw/asl_alphabet_train/L/L1501.jpg,L,train
data/raw/asl_alphabet_train/L/L2715.jpg,L,train
data/raw/asl_alphabet_train/L/L1974.jpg,L,train
data/raw/asl_alphabet_train/L/L553.jpg,L,train
data/raw/asl_alphabet_train/L/L281.jpg,L,train
data/raw/asl_alphabet_train/L/L1125.jpg,L,train
data/raw/asl_alphabet_train/L/L447.jpg,L,train
data/raw/asl_alphabet_train/L/L2840.jpg,L,train
data/raw/asl_alphabet_train/L/L193.jpg,L,train
data/raw/asl_alphabet_train/L/L1297.jpg,L,train
data/raw/asl_alphabet_train/L/L1249.jpg,L,train
data/raw/asl_alphabet_train/L/L2497.jpg,L,train
data/raw/asl_alphabet_train/L/L739.jpg,L,train
data/raw/asl_alphabet_train/L/L2810.jpg,L,train
data/raw/asl_alphabet_train/L/L509.jpg,L,train
data/raw/asl_alphabet_train/L/L2843.jpg,L,train
data/raw/asl_alphabet_train/L/L2025.jpg,L,train
data/raw/asl_alphabet_train/L/L1918.jpg,L,train
data/raw/asl_alphabet_train/L/L1840.jpg,L,train
data/raw/asl_alphabet_train/L/L2314.jpg,L,train
data/raw/asl_alphabet_train/L/L2362.jpg,L,train
data/raw/asl_alphabet_train/L/L344.jpg,L,train
data/raw/asl_alphabet_train/L/L1532.jpg,L,train
data/raw/asl_alphabet_train/L/L2155.jpg,L,train
data/raw/asl_alphabet_train/L/L617.jpg,L,train
data/raw/asl_alphabet_train/L/L1611.jpg,L,train
data/raw/asl_alphabet_train/L/L2106.jpg,L,train
data/raw/asl_alphabet_train/L/L2170.jpg,L,train
data/raw/asl_alphabet_train/L/L1113.jpg,L,train
data/raw/asl_alphabet_train/L/L2954.jpg,L,train
data/raw/asl_alphabet_train/L/L501.jpg,L,train
data/raw/asl_alphabet_train/L/L2643.jpg,L,train
data/raw/asl_alphabet_train/L/L2571.jpg,L,train
data/raw/asl_alphabet_train/L/L2480.jpg,L,train
data/raw/asl_alphabet_train/L/L1883.jpg,L,train
data/raw/asl_alphabet_train/L/L2173.jpg,L,train
data/raw/asl_alphabet_train/L/L1115.jpg,L,train
data/raw/asl_alphabet_train/L/L508.jpg,L,train
data/raw/asl_alphabet_train/L/L1816.jpg,L,train
data/raw/asl_alphabet_train/L/L270.jpg,L,train
data/raw/asl_alphabet_train/L/L1221.jpg,L,train
data/raw/asl_alphabet_train/L/L1871.jpg,L,train
data/raw/asl_alphabet_train/L/L1701.jpg,L,train
data/raw/asl_alphabet_train/L/L1301.jpg,L,train
data/raw/asl_alphabet_train/L/L2213.jpg,L,train
data/raw/asl_alphabet_train/L/L1427.jpg,L,train
data/raw/asl_alphabet_train/L/L1915.jpg,L,train
data/raw/asl_alphabet_train/L/L2769.jpg,L,train
data/raw/asl_alphabet_train/L/L1136.jpg,L,train
data/raw/asl_alphabet_train/L/L1231.jpg,L,train
data/raw/asl_alphabet_train/L/L204.jpg,L,train
data/raw/asl_alphabet_train/L/L2183.jpg,L,train
data/raw/asl_alphabet_train/L/L1178.jpg,L,train
data/raw/asl_alphabet_train/L/L1543.jpg,L,train
data/raw/asl_alphabet_train/L/L725.jpg,L,train
data/raw/asl_alphabet_train/L/L1644.jpg,L,train
data/raw/asl_alphabet_train/L/L1369.jpg,L,train
data/raw/asl_alphabet_train/L/L1376.jpg,L,train
data/raw/asl_alphabet_train/L/L2697.jpg,L,train
data/raw/asl_alphabet_train/L/L1029.jpg,L,train
data/raw/asl_alphabet_train/L/L1343.jpg,L,train
data/raw/asl_alphabet_train/L/L64.jpg,L,train
data/raw/asl_alphabet_train/L/L2138.jpg,L,train
data/raw/asl_alphabet_train/L/L65.jpg,L,train
data/raw/asl_alphabet_train/L/L1811.jpg,L,train
data/raw/asl_alphabet_train/L/L246.jpg,L,train
data/raw/asl_alphabet_train/L/L2596.jpg,L,train
data/raw/asl_alphabet_train/L/L1388.jpg,L,train
data/raw/asl_alphabet_train/L/L872.jpg,L,train
data/raw/asl_alphabet_train/L/L380.jpg,L,train
data/raw/asl_alphabet_train/L/L2283.jpg,L,train
data/raw/asl_alphabet_train/L/L391.jpg,L,train
data/raw/asl_alphabet_train/L/L1426.jpg,L,train
data/raw/asl_alphabet_train/L/L1995.jpg,L,train
data/raw/asl_alphabet_train/L/L733.jpg,L,train
data/raw/asl_alphabet_train/L/L1009.jpg,L,train
data/raw/asl_alphabet_train/L/L504.jpg,L,train
data/raw/asl_alphabet_train/L/L2300.jpg,L,train
data/raw/asl_alphabet_train/L/L743.jpg,L,train
data/raw/asl_alphabet_train/L/L2431.jpg,L,train
data/raw/asl_alphabet_train/L/L2096.jpg,L,train
data/raw/asl_alphabet_train/L/L1276.jpg,L,train
data/raw/asl_alphabet_train/L/L2051.jpg,L,train
data/raw/asl_alphabet_train/L/L2009.jpg,L,train
data/raw/asl_alphabet_train/L/L962.jpg,L,train
data/raw/asl_alphabet_train/L/L2416.jpg,L,train
data/raw/asl_alphabet_train/L/L184.jpg,L,train
data/raw/asl_alphabet_train/L/L840.jpg,L,train
data/raw/asl_alphabet_train/L/L149.jpg,L,train
data/raw/asl_alphabet_train/L/L516.jpg,L,train
data/raw/asl_alphabet_train/L/L1313.jpg,L,train
data/raw/asl_alphabet_train/L/L2540.jpg,L,train
data/raw/asl_alphabet_train/L/L1703.jpg,L,train
data/raw/asl_alphabet_train/L/L624.jpg,L,train
data/raw/asl_alphabet_train/L/L1640.jpg,L,train
data/raw/asl_alphabet_train/L/L737.jpg,L,train
data/raw/asl_alphabet_train/L/L699.jpg,L,train
data/raw/asl_alphabet_train/L/L978.jpg,L,train
data/raw/asl_alphabet_train/L/L2628.jpg,L,train
data/raw/asl_alphabet_train/L/L2207.jpg,L,train
data/raw/asl_alphabet_train/L/L1573.jpg,L,train
data/raw/asl_alphabet_train/L/L1477.jpg,L,train
data/raw/asl_alphabet_train/L/L474.jpg,L,train
data/raw/asl_alphabet_train/L/L2422.jpg,L,train
data/raw/asl_alphabet_train/L/L1253.jpg,L,train
data/raw/asl_alphabet_train/L/L581.jpg,L,train
data/raw/asl_alphabet_train/L/L2660.jpg,L,train
data/raw/asl_alphabet_train/L/L341.jpg,L,train
data/raw/asl_alphabet_train/L/L418.jpg,L,train
data/raw/asl_alphabet_train/L/L2194.jpg,L,train
data/raw/asl_alphabet_train/L/L2783.jpg,L,train
data/raw/asl_alphabet_train/L/L229.jpg,L,train
data/raw/asl_alphabet_train/L/L671.jpg,L,train
data/raw/asl_alphabet_train/L/L1442.jpg,L,train
data/raw/asl_alphabet_train/L/L2990.jpg,L,train
data/raw/asl_alphabet_train/L/L2549.jpg,L,train
data/raw/asl_alphabet_train/L/L233.jpg,L,train
data/raw/asl_alphabet_train/L/L2772.jpg,L,train
data/raw/asl_alphabet_train/L/L2577.jpg,L,train
data/raw/asl_alphabet_train/L/L1713.jpg,L,train
data/raw/asl_alphabet_train/L/L690.jpg,L,train
data/raw/asl_alphabet_train/L/L2360.jpg,L,train
data/raw/asl_alphabet_train/L/L2682.jpg,L,train
data/raw/asl_alphabet_train/L/L1513.jpg,L,train
data/raw/asl_alphabet_train/L/L2538.jpg,L,train
data/raw/asl_alphabet_train/L/L705.jpg,L,train
data/raw/asl_alphabet_train/L/L2007.jpg,L,train
data/raw/asl_alphabet_train/L/L2143.jpg,L,train
data/raw/asl_alphabet_train/L/L767.jpg,L,train
data/raw/asl_alphabet_train/L/L1287.jpg,L,train
data/raw/asl_alphabet_train/L/L2053.jpg,L,train
data/raw/asl_alphabet_train/L/L1116.jpg,L,train
data/raw/asl_alphabet_train/L/L1455.jpg,L,train
data/raw/asl_alphabet_train/L/L2135.jpg,L,train
data/raw/asl_alphabet_train/L/L1520.jpg,L,train
data/raw/asl_alphabet_train/L/L429.jpg,L,train
data/raw/asl_alphabet_train/L/L597.jpg,L,train
data/raw/asl_alphabet_train/L/L740.jpg,L,train
data/raw/asl_alphabet_train/L/L2749.jpg,L,train
data/raw/asl_alphabet_train/L/L2083.jpg,L,train
data/raw/asl_alphabet_train/L/L716.jpg,L,train
data/raw/asl_alphabet_train/L/L2189.jpg,L,train
data/raw/asl_alphabet_train/L/L1404.jpg,L,train
data/raw/asl_alphabet_train/L/L1984.jpg,L,train
data/raw/asl_alphabet_train/L/L2490.jpg,L,train
data/raw/asl_alphabet_train/L/L2197.jpg,L,train
data/raw/asl_alphabet_train/L/L1153.jpg,L,train
data/raw/asl_alphabet_train/L/L985.jpg,L,train
data/raw/asl_alphabet_train/L/L157.jpg,L,train
data/raw/asl_alphabet_train/L/L2574.jpg,L,train
data/raw/asl_alphabet_train/L/L431.jpg,L,train
data/raw/asl_alphabet_train/L/L2956.jpg,L,train
data/raw/asl_alphabet_train/L/L1533.jpg,L,train
data/raw/asl_alphabet_train/L/L654.jpg,L,train
data/raw/asl_alphabet_train/L/L2971.jpg,L,train
data/raw/asl_alphabet_train/L/L70.jpg,L,train
data/raw/asl_alphabet_train/L/L272.jpg,L,train
data/raw/asl_alphabet_train/L/L1899.jpg,L,train
data/raw/asl_alphabet_train/L/L2765.jpg,L,train
data/raw/asl_alphabet_train/L/L1135.jpg,L,train
data/raw/asl_alphabet_train/L/L652.jpg,L,train
data/raw/asl_alphabet_train/L/L250.jpg,L,train
data/raw/asl_alphabet_train/L/L282.jpg,L,train
data/raw/asl_alphabet_train/L/L189.jpg,L,train
data/raw/asl_alphabet_train/L/L1900.jpg,L,train
data/raw/asl_alphabet_train/L/L1489.jpg,L,train
data/raw/asl_alphabet_train/L/L430.jpg,L,train
data/raw/asl_alphabet_train/L/L1198.jpg,L,train
data/raw/asl_alphabet_train/L/L670.jpg,L,train
data/raw/asl_alphabet_train/L/L2560.jpg,L,train
data/raw/asl_alphabet_train/L/L674.jpg,L,train
data/raw/asl_alphabet_train/L/L2797.jpg,L,train
data/raw/asl_alphabet_train/L/L455.jpg,L,train
data/raw/asl_alphabet_train/L/L2148.jpg,L,train
data/raw/asl_alphabet_train/L/L1790.jpg,L,train
data/raw/asl_alphabet_train/L/L1861.jpg,L,train
data/raw/asl_alphabet_train/L/L2432.jpg,L,train
data/raw/asl_alphabet_train/L/L1123.jpg,L,train
data/raw/asl_alphabet_train/L/L2032.jpg,L,train
data/raw/asl_alphabet_train/L/L47.jpg,L,train
data/raw/asl_alphabet_train/L/L2919.jpg,L,train
data/raw/asl_alphabet_train/L/L2983.jpg,L,train
data/raw/asl_alphabet_train/L/L502.jpg,L,train
data/raw/asl_alphabet_train/L/L2833.jpg,L,train
data/raw/asl_alphabet_train/L/L2616.jpg,L,train
data/raw/asl_alphabet_train/L/L585.jpg,L,train
data/raw/asl_alphabet_train/L/L1942.jpg,L,train
data/raw/asl_alphabet_train/L/L644.jpg,L,train
data/raw/asl_alphabet_train/L/L1389.jpg,L,train
data/raw/asl_alphabet_train/L/L2408.jpg,L,train
data/raw/asl_alphabet_train/L/L1054.jpg,L,train
data/raw/asl_alphabet_train/L/L1040.jpg,L,train
data/raw/asl_alphabet_train/L/L2864.jpg,L,train
data/raw/asl_alphabet_train/L/L1635.jpg,L,train
data/raw/asl_alphabet_train/L/L1554.jpg,L,train
data/raw/asl_alphabet_train/L/L1129.jpg,L,train
data/raw/asl_alphabet_train/L/L1730.jpg,L,train
data/raw/asl_alphabet_train/L/L1230.jpg,L,train
data/raw/asl_alphabet_train/L/L1677.jpg,L,train
data/raw/asl_alphabet_train/L/L2693.jpg,L,train
data/raw/asl_alphabet_train/L/L1965.jpg,L,train
data/raw/asl_alphabet_train/L/L2064.jpg,L,train
data/raw/asl_alphabet_train/L/L783.jpg,L,train
data/raw/asl_alphabet_train/L/L1356.jpg,L,train
data/raw/asl_alphabet_train/L/L869.jpg,L,train
data/raw/asl_alphabet_train/L/L177.jpg,L,train
data/raw/asl_alphabet_train/L/L2619.jpg,L,train
data/raw/asl_alphabet_train/L/L405.jpg,L,train
data/raw/asl_alphabet_train/L/L1016.jpg,L,train
data/raw/asl_alphabet_train/L/L2407.jpg,L,train
data/raw/asl_alphabet_train/L/L782.jpg,L,train
data/raw/asl_alphabet_train/L/L2137.jpg,L,train
data/raw/asl_alphabet_train/L/L1808.jpg,L,train
data/raw/asl_alphabet_train/L/L2764.jpg,L,train
data/raw/asl_alphabet_train/L/L2098.jpg,L,train
data/raw/asl_alphabet_train/L/L494.jpg,L,train
data/raw/asl_alphabet_train/L/L2561.jpg,L,train
data/raw/asl_alphabet_train/L/L138.jpg,L,train
data/raw/asl_alphabet_train/L/L1032.jpg,L,train
data/raw/asl_alphabet_train/L/L2078.jpg,L,train
data/raw/asl_alphabet_train/L/L2006.jpg,L,train
data/raw/asl_alphabet_train/L/L1618.jpg,L,train
data/raw/asl_alphabet_train/L/L44.jpg,L,train
data/raw/asl_alphabet_train/L/L131.jpg,L,train
data/raw/asl_alphabet_train/L/L1851.jpg,L,train
data/raw/asl_alphabet_train/L/L2420.jpg,L,train
data/raw/asl_alphabet_train/L/L2353.jpg,L,train
data/raw/asl_alphabet_train/L/L1495.jpg,L,train
data/raw/asl_alphabet_train/L/L916.jpg,L,train
data/raw/asl_alphabet_train/L/L548.jpg,L,train
data/raw/asl_alphabet_train/L/L541.jpg,L,train
data/raw/asl_alphabet_train/L/L771.jpg,L,train
data/raw/asl_alphabet_train/L/L2850.jpg,L,train
data/raw/asl_alphabet_train/L/L1557.jpg,L,train
data/raw/asl_alphabet_train/L/L19.jpg,L,train
data/raw/asl_alphabet_train/L/L1946.jpg,L,train
data/raw/asl_alphabet_train/L/L2632.jpg,L,train
data/raw/asl_alphabet_train/L/L2523.jpg,L,train
data/raw/asl_alphabet_train/L/L20.jpg,L,train
data/raw/asl_alphabet_train/L/L1784.jpg,L,train
data/raw/asl_alphabet_train/L/L614.jpg,L,train
data/raw/asl_alphabet_train/L/L689.jpg,L,train
data/raw/asl_alphabet_train/L/L2575.jpg,L,train
data/raw/asl_alphabet_train/L/L967.jpg,L,val
data/raw/asl_alphabet_train/L/L1102.jpg,L,val
data/raw/asl_alphabet_train/L/L628.jpg,L,val
data/raw/asl_alphabet_train/L/L1195.jpg,L,val
data/raw/asl_alphabet_train/L/L1860.jpg,L,val
data/raw/asl_alphabet_train/L/L147.jpg,L,val
data/raw/asl_alphabet_train/L/L2665.jpg,L,val
data/raw/asl_alphabet_train/L/L1437.jpg,L,val
data/raw/asl_alphabet_train/L/L2470.jpg,L,val
data/raw/asl_alphabet_train/L/L182.jpg,L,val
data/raw/asl_alphabet_train/L/L1137.jpg,L,val
data/raw/asl_alphabet_train/L/L915.jpg,L,val
data/raw/asl_alphabet_train/L/L2033.jpg,L,val
data/raw/asl_alphabet_train/L/L2372.jpg,L,val
data/raw/asl_alphabet_train/L/L170.jpg,L,val
data/raw/asl_alphabet_train/L/L2802.jpg,L,val
data/raw/asl_alphabet_train/L/L748.jpg,L,val
data/raw/asl_alphabet_train/L/L2952.jpg,L,val
data/raw/asl_alphabet_train/L/L845.jpg,L,val
data/raw/asl_alphabet_train/L/L2268.jpg,L,val
data/raw/asl_alphabet_train/L/L1183.jpg,L,val
data/raw/asl_alphabet_train/L/L2972.jpg,L,val
data/raw/asl_alphabet_train/L/L549.jpg,L,val
data/raw/asl_alphabet_train/L/L1267.jpg,L,val
data/raw/asl_alphabet_train/L/L1370.jpg,L,val
data/raw/asl_alphabet_train/L/L103.jpg,L,val
data/raw/asl_alphabet_train/L/L2763.jpg,L,val
data/raw/asl_alphabet_train/L/L2219.jpg,L,val
data/raw/asl_alphabet_train/L/L1087.jpg,L,val
data/raw/asl_alphabet_train/L/L707.jpg,L,val
data/raw/asl_alphabet_train/L/L2429.jpg,L,val
data/raw/asl_alphabet_train/L/L2327.jpg,L,val
data/raw/asl_alphabet_train/L/L1686.jpg,L,val
data/raw/asl_alphabet_train/L/L878.jpg,L,val
data/raw/asl_alphabet_train/L/L110.jpg,L,val
data/raw/asl_alphabet_train/L/L2536.jpg,L,val
data/raw/asl_alphabet_train/L/L2653.jpg,L,val
data/raw/asl_alphabet_train/L/L1100.jpg,L,val
data/raw/asl_alphabet_train/L/L1849.jpg,L,val
data/raw/asl_alphabet_train/L/L295.jpg,L,val
data/raw/asl_alphabet_train/L/L136.jpg,L,val
data/raw/asl_alphabet_train/L/L706.jpg,L,val
data/raw/asl_alphabet_train/L/L2773.jpg,L,val
data/raw/asl_alphabet_train/L/L2352.jpg,L,val
data/raw/asl_alphabet_train/L/L81.jpg,L,val
data/raw/asl_alphabet_train/L/L1932.jpg,L,val
data/raw/asl_alphabet_train/L/L2504.jpg,L,val
data/raw/asl_alphabet_train/L/L928.jpg,L,val
data/raw/asl_alphabet_train/L/L2527.jpg,L,val
data/raw/asl_alphabet_train/L/L755.jpg,L,val
data/raw/asl_alphabet_train/L/L2003.jpg,L,val
data/raw/asl_alphabet_train/L/L529.jpg,L,val
data/raw/asl_alphabet_train/L/L1213.jpg,L,val
data/raw/asl_alphabet_train/L/L910.jpg,L,val
data/raw/asl_alphabet_train/L/L835.jpg,L,val
data/raw/asl_alphabet_train/L/L1324.jpg,L,val
data/raw/asl_alphabet_train/L/L1193.jpg,L,val
data/raw/asl_alphabet_train/L/L1408.jpg,L,val
data/raw/asl_alphabet_train/L/L1766.jpg,L,val
data/raw/asl_alphabet_train/L/L2092.jpg,L,val
data/raw/asl_alphabet_train/L/L2381.jpg,L,val
data/raw/asl_alphabet_train/L/L259.jpg,L,val
data/raw/asl_alphabet_train/L/L1283.jpg,L,val
data/raw/asl_alphabet_train/L/L1166.jpg,L,val
data/raw/asl_alphabet_train/L/L1748.jpg,L,val
data/raw/asl_alphabet_train/L/L2705.jpg,L,val
data/raw/asl_alphabet_train/L/L947.jpg,L,val
data/raw/asl_alphabet_train/L/L262.jpg,L,val
data/raw/asl_alphabet_train/L/L217.jpg,L,val
data/raw/asl_alphabet_train/L/L2251.jpg,L,val
data/raw/asl_alphabet_train/L/L1261.jpg,L,val
data/raw/asl_alphabet_train/L/L310.jpg,L,val
data/raw/asl_alphabet_train/L/L1173.jpg,L,val
data/raw/asl_alphabet_train/L/L72.jpg,L,val
data/raw/asl_alphabet_train/L/L1633.jpg,L,val
data/raw/asl_alphabet_train/L/L1074.jpg,L,val
data/raw/asl_alphabet_train/L/L2487.jpg,L,val
data/raw/asl_alphabet_train/L/L113.jpg,L,val
data/raw/asl_alphabet_train/L/L1191.jpg,L,val
data/raw/asl_alphabet_train/L/L370.jpg,L,val
data/raw/asl_alphabet_train/L/L1600.jpg,L,val
data/raw/asl_alphabet_train/L/L1050.jpg,L,val
data/raw/asl_alphabet_train/L/L1560.jpg,L,val
data/raw/asl_alphabet_train/L/L2061.jpg,L,val
data/raw/asl_alphabet_train/L/L499.jpg,L,val
data/raw/asl_alphabet_train/L/L679.jpg,L,val
data/raw/asl_alphabet_train/L/L461.jpg,L,val
data/raw/asl_alphabet_train/L/L1892.jpg,L,val
data/raw/asl_alphabet_train/L/L301.jpg,L,val
data/raw/asl_alphabet_train/L/L1916.jpg,L,val
data/raw/asl_alphabet_train/L/L1435.jpg,L,test
data/raw/asl_alphabet_train/L/L247.jpg,L,test
data/raw/asl_alphabet_train/L/L1670.jpg,L,test
data/raw/asl_alphabet_train/L/L1690.jpg,L,test
data/raw/asl_alphabet_train/L/L1169.jpg,L,test
data/raw/asl_alphabet_train/L/L802.jpg,L,test
data/raw/asl_alphabet_train/L/L2897.jpg,L,test
data/raw/asl_alphabet_train/L/L2303.jpg,L,test
data/raw/asl_alphabet_train/L/L1975.jpg,L,test
data/raw/asl_alphabet_train/L/L2359.jpg,L,test
data/raw/asl_alphabet_train/L/L1943.jpg,L,test
data/raw/asl_alphabet_train/L/L2221.jpg,L,test
data/raw/asl_alphabet_train/L/L2931.jpg,L,test
data/raw/asl_alphabet_train/L/L2382.jpg,L,test
data/raw/asl_alphabet_train/L/L2036.jpg,L,test
data/raw/asl_alphabet_train/L/L2168.jpg,L,test
data/raw/asl_alphabet_train/L/L1311.jpg,L,test
data/raw/asl_alphabet_train/L/L454.jpg,L,test
data/raw/asl_alphabet_train/L/L2376.jpg,L,test
data/raw/asl_alphabet_train/L/L905.jpg,L,test
data/raw/asl_alphabet_train/L/L2274.jpg,L,test
data/raw/asl_alphabet_train/L/L1108.jpg,L,test
data/raw/asl_alphabet_train/L/L604.jpg,L,test
data/raw/asl_alphabet_train/L/L50.jpg,L,test
data/raw/asl_alphabet_train/L/L1729.jpg,L,test
data/raw/asl_alphabet_train/L/L668.jpg,L,test
data/raw/asl_alphabet_train/L/L557.jpg,L,test
data/raw/asl_alphabet_train/L/L2755.jpg,L,test
data/raw/asl_alphabet_train/L/L949.jpg,L,test
data/raw/asl_alphabet_train/L/L60.jpg,L,test
data/raw/asl_alphabet_train/L/L1229.jpg,L,test
data/raw/asl_alphabet_train/L/L1161.jpg,L,test
data/raw/asl_alphabet_train/L/L2701.jpg,L,test
data/raw/asl_alphabet_train/L/L1800.jpg,L,test
data/raw/asl_alphabet_train/L/L1357.jpg,L,test
data/raw/asl_alphabet_train/L/L658.jpg,L,test
data/raw/asl_alphabet_train/L/L1934.jpg,L,test
data/raw/asl_alphabet_train/L/L468.jpg,L,test
data/raw/asl_alphabet_train/L/L774.jpg,L,test
data/raw/asl_alphabet_train/L/L463.jpg,L,test
data/raw/asl_alphabet_train/L/L1542.jpg,L,test
data/raw/asl_alphabet_train/L/L1021.jpg,L,test
data/raw/asl_alphabet_train/L/L2460.jpg,L,test
data/raw/asl_alphabet_train/L/L2483.jpg,L,test
data/raw/asl_alphabet_train/L/L1581.jpg,L,test
data/raw/asl_alphabet_train/L/L1333.jpg,L,test
data/raw/asl_alphabet_train/L/L2322.jpg,L,test
data/raw/asl_alphabet_train/L/L381.jpg,L,test
data/raw/asl_alphabet_train/L/L1771.jpg,L,test
data/raw/asl_alphabet_train/L/L2229.jpg,L,test
data/raw/asl_alphabet_train/L/L736.jpg,L,test
data/raw/asl_alphabet_train/L/L1288.jpg,L,test
data/raw/asl_alphabet_train/L/L1718.jpg,L,test
data/raw/asl_alphabet_train/L/L2818.jpg,L,test
data/raw/asl_alphabet_train/L/L2941.jpg,L,test
data/raw/asl_alphabet_train/L/L2531.jpg,L,test
data/raw/asl_alphabet_train/L/L831.jpg,L,test
data/raw/asl_alphabet_train/L/L2176.jpg,L,test
data/raw/asl_alphabet_train/L/L1765.jpg,L,test
data/raw/asl_alphabet_train/L/L1315.jpg,L,test
data/raw/asl_alphabet_train/L/L46.jpg,L,test
data/raw/asl_alphabet_train/L/L2553.jpg,L,test
data/raw/asl_alphabet_train/L/L1413.jpg,L,test
data/raw/asl_alphabet_train/L/L2000.jpg,L,test
data/raw/asl_alphabet_train/L/L2133.jpg,L,test
data/raw/asl_alphabet_train/L/L1035.jpg,L,test
data/raw/asl_alphabet_train/L/L1528.jpg,L,test
data/raw/asl_alphabet_train/L/L2587.jpg,L,test
data/raw/asl_alphabet_train/L/L1852.jpg,L,test
data/raw/asl_alphabet_train/L/L42.jpg,L,test
data/raw/asl_alphabet_train/L/L1736.jpg,L,test
data/raw/asl_alphabet_train/L/L2493.jpg,L,test
data/raw/asl_alphabet_train/L/L756.jpg,L,test
data/raw/asl_alphabet_train/L/L1347.jpg,L,test
data/raw/asl_alphabet_train/L/L1457.jpg,L,test
data/raw/asl_alphabet_train/L/L1973.jpg,L,test
data/raw/asl_alphabet_train/L/L2548.jpg,L,test
data/raw/asl_alphabet_train/L/L1752.jpg,L,test
data/raw/asl_alphabet_train/L/L2712.jpg,L,test
data/raw/asl_alphabet_train/L/L2388.jpg,L,test
data/raw/asl_alphabet_train/L/L2492.jpg,L,test
data/raw/asl_alphabet_train/L/L348.jpg,L,test
data/raw/asl_alphabet_train/L/L2683.jpg,L,test
data/raw/asl_alphabet_train/L/L2357.jpg,L,test
data/raw/asl_alphabet_train/L/L732.jpg,L,test
data/raw/asl_alphabet_train/L/L1828.jpg,L,test
data/raw/asl_alphabet_train/L/L1340.jpg,L,test
data/raw/asl_alphabet_train/L/L918.jpg,L,test
data/raw/asl_alphabet_train/L/L1669.jpg,L,test
data/raw/asl_alphabet_train/L/L2021.jpg,L,test
data/raw/asl_alphabet_train/M/M341.jpg,M,train
data/raw/asl_alphabet_train/M/M444.jpg,M,train
data/raw/asl_alphabet_train/M/M2572.jpg,M,train
data/raw/asl_alphabet_train/M/M1425.jpg,M,train
data/raw/asl_alphabet_train/M/M689.jpg,M,train
data/raw/asl_alphabet_train/M/M798.jpg,M,train
data/raw/asl_alphabet_train/M/M1888.jpg,M,train
data/raw/asl_alphabet_train/M/M421.jpg,M,train
data/raw/asl_alphabet_train/M/M94.jpg,M,train
data/raw/asl_alphabet_train/M/M1298.jpg,M,train
data/raw/asl_alphabet_train/M/M1300.jpg,M,train
data/raw/asl_alphabet_train/M/M684.jpg,M,train
data/raw/asl_alphabet_train/M/M1366.jpg,M,train
data/raw/asl_alphabet_train/M/M2426.jpg,M,train
data/raw/asl_alphabet_train/M/M2209.jpg,M,train
data/raw/asl_alphabet_train/M/M2282.jpg,M,train
data/raw/asl_alphabet_train/M/M1534.jpg,M,train
data/raw/asl_alphabet_train/M/M2454.jpg,M,train
data/raw/asl_alphabet_train/M/M2939.jpg,M,train
data/raw/asl_alphabet_train/M/M739.jpg,M,train
data/raw/asl_alphabet_train/M/M512.jpg,M,train
data/raw/asl_alphabet_train/M/M2538.jpg,M,train
data/raw/asl_alphabet_train/M/M2414.jpg,M,train
data/raw/asl_alphabet_train/M/M1875.jpg,M,train
data/raw/asl_alphabet_train/M/M1286.jpg,M,train
data/raw/asl_alphabet_train/M/M2975.jpg,M,train
data/raw/asl_alphabet_train/M/M307.jpg,M,train
data/raw/asl_alphabet_train/M/M420.jpg,M,train
data/raw/asl_alphabet_train/M/M690.jpg,M,train
data/raw/asl_alphabet_train/M/M661.jpg,M,train
data/raw/asl_alphabet_train/M/M1256.jpg,M,train
data/raw/asl_alphabet_train/M/M2968.jpg,M,train
data/raw/asl_alphabet_train/M/M1626.jpg,M,train
data/raw/asl_alphabet_train/M/M1748.jpg,M,train
data/raw/asl_alphabet_train/M/M626.jpg,M,train
data/raw/asl_alphabet_train/M/M1403.jpg,M,train
data/raw/asl_alphabet_train/M/M680.jpg,M,train
data/raw/asl_alphabet_train/M/M1181.jpg,M,train
data/raw/asl_alphabet_train/M/M981.jpg,M,train
data/raw/asl_alphabet_train/M/M1412.jpg,M,train
data/raw/asl_alphabet_train/M/M2407.jpg,M,train
data/raw/asl_alphabet_train/M/M2557.jpg,M,train
data/raw/asl_alphabet_train/M/M1472.jpg,M,train
data/raw/asl_alphabet_train/M/M608.jpg,M,train
data/raw/asl_alphabet_train/M/M1596.jpg,M,train
data/raw/asl_alphabet_train/M/M399.jpg,M,train
data/raw/asl_alphabet_train/M/M615.jpg,M,train
data/raw/asl_alphabet_train/M/M1266.jpg,M,train
data/raw/asl_alphabet_train/M/M84.jpg,M,train
data/raw/asl_alphabet_train/M/M2798.jpg,M,train
data/raw/asl_alphabet_train/M/M579.jpg,M,train
data/raw/asl_alphabet_train/M/M2779.jpg,M,train
data/raw/asl_alphabet_train/M/M71.jpg,M,train
data/raw/asl_alphabet_train/M/M1910.jpg,M,train
data/raw/asl_alphabet_train/M/M2168.jpg,M,train
data/raw/asl_alphabet_train/M/M2895.jpg,M,train
data/raw/asl_alphabet_train/M/M2763.jpg,M,train
data/raw/asl_alphabet_train/M/M950.jpg,M,train
data/raw/asl_alphabet_train/M/M424.jpg,M,train
data/raw/asl_alphabet_train/M/M2079.jpg,M,train
data/raw/asl_alphabet_train/M/M72.jpg,M,train
data/raw/asl_alphabet_train/M/M387.jpg,M,train
data/raw/asl_alphabet_train/M/M50.jpg,M,train
data/raw/asl_alphabet_train/M/M1120.jpg,M,train
data/raw/asl_alphabet_train/M/M235.jpg,M,train
data/raw/asl_alphabet_train/M/M1657.jpg,M,train
data/raw/asl_alphabet_train/M/M2512.jpg,M,train
data/raw/asl_alphabet_train/M/M1512.jpg,M,train
data/raw/asl_alphabet_train/M/M1363.jpg,M,train
data/raw/asl_alphabet_train/M/M2377.jpg,M,train
data/raw/asl_alphabet_train/M/M1162.jpg,M,train
data/raw/asl_alphabet_train/M/M754.jpg,M,train
data/raw/asl_alphabet_train/M/M460.jpg,M,train
data/raw/asl_alphabet_train/M/M761.jpg,M,train
data/raw/asl_alphabet_train/M/M2493.jpg,M,train
data/raw/asl_alphabet_train/M/M1612.jpg,M,train
data/raw/asl_alphabet_train/M/M898.jpg,M,train
data/raw/asl_alphabet_train/M/M1821.jpg,M,train
data/raw/asl_alphabet_train/M/M1564.jpg,M,train
data/raw/asl_alphabet_train/M/M2988.jpg,M,train
data/raw/asl_alphabet_train/M/M1674.jpg,M,train
data/raw/asl_alphabet_train/M/M24.jpg,M,train
data/raw/asl_alphabet_train/M/M2149.jpg,M,train
data/raw/asl_alphabet_train/M/M2710.jpg,M,train
data/raw/asl_alphabet_train/M/M1250.jpg,M,train
data/raw/asl_alphabet_train/M/M1740.jpg,M,train
data/raw/asl_alphabet_train/M/M1541.jpg,M,train
data/raw/asl_alphabet_train/M/M1560.jpg,M,train
data/raw/asl_alphabet_train/M/M79.jpg,M,train
data/raw/asl_alphabet_train/M/M1613.jpg,M,train
data/raw/asl_alphabet_train/M/M2434.jpg,M,train
data/raw/asl_alphabet_train/M/M1244.jpg,M,train
data/raw/asl_alphabet_train/M/M1179.jpg,M,train
data/raw/asl_alphabet_train/M/M2163.jpg,M,train
data/raw/asl_alphabet_train/M/M41.jpg,M,train
data/raw/asl_alphabet_train/M/M1920.jpg,M,train
data/raw/asl_alphabet_train/M/M799.jpg,M,train
data/raw/asl_alphabet_train/M/M765.jpg,M,train
data/raw/asl_alphabet_train/M/M16.jpg,M,train
data/raw/asl_alphabet_train/M/M1798.jpg,M,train
data/raw/asl_alphabet_train/M/M2034.jpg,M,train
data/raw/asl_alphabet_train/M/M1890.jpg,M,train
data/raw/asl_alphabet_train/M/M2445.jpg,M,train
data/raw/asl_alphabet_train/M/M2546.jpg,M,train
data/raw/asl_alphabet_train/M/M1631.jpg,M,train
data/raw/asl_alphabet_train/M/M1228.jpg,M,train
data/raw/asl_alphabet_train/M/M2111.jpg,M,train
data/raw/asl_alphabet_train/M/M2563.jpg,M,train
data/raw/asl_alphabet_train/M/M266.jpg,M,train
data/raw/asl_alphabet_train/M/M2882.jpg,M,train
data/raw/asl_alphabet_train/M/M2303.jpg,M,train
data/raw/asl_alphabet_train/M/M2637.jpg,M,train
data/raw/asl_alphabet_train/M/M2984.jpg,M,train
data/raw/asl_alphabet_train/M/M2195.jpg,M,train
data/raw/asl_alphabet_train/M/M1232.jpg,M,train
data/raw/asl_alphabet_train/M/M2489.jpg,M,train
data/raw/asl_alphabet_train/M/M892.jpg,M,train
data/raw/asl_alphabet_train/M/M468.jpg,M,train
data/raw/asl_alphabet_train/M/M698.jpg,M,train
data/raw/asl_alphabet_train/M/M991.jpg,M,train
data/raw/asl_alphabet_train/M/M1140.jpg,M,train
data/raw/asl_alphabet_train/M/M1513.jpg,M,train
data/raw/asl_alphabet_train/M/M1318.jpg,M,train
data/raw/asl_alphabet_train/M/M1446.jpg,M,train
data/raw/asl_alphabet_train/M/M1101.jpg,M,train
data/raw/asl_alphabet_train/M/M1489.jpg,M,train
data/raw/asl_alphabet_train/M/M1528.jpg,M,train
data/raw/asl_alphabet_train/M/M2075.jpg,M,train
data/raw/asl_alphabet_train/M/M1460.jpg,M,train
data/raw/asl_alphabet_train/M/M2160.jpg,M,train
data/raw/asl_alphabet_train/M/M2645.jpg,M,train
data/raw/asl_alphabet_train/M/M2875.jpg,M,train
data/raw/asl_alphabet_train/M/M1689.jpg,M,train
data/raw/asl_alphabet_train/M/M2695.jpg,M,train
data/raw/asl_alphabet_train/M/M496.jpg,M,train
data/raw/asl_alphabet_train/M/M1632.jpg,M,train
data/raw/asl_alphabet_train/M/M1838.jpg,M,train
data/raw/asl_alphabet_train/M/M1234.jpg,M,train
data/raw/asl_alphabet_train/M/M1846.jpg,M,train
data/raw/asl_alphabet_train/M/M922.jpg,M,train
data/raw/asl_alphabet_train/M/M2015.jpg,M,train
data/raw/asl_alphabet_train/M/M1724.jpg,M,train
data/raw/asl_alphabet_train/M/M2422.jpg,M,train
data/raw/asl_alphabet_train/M/M1805.jpg,M,train
data/raw/asl_alphabet_train/M/M418.jpg,M,train
data/raw/asl_alphabet_train/M/M1949.jpg,M,train
data/raw/asl_alphabet_train/M/M871.jpg,M,train
data/raw/asl_alphabet_train/M/M134.jpg,M,train
data/raw/asl_alphabet_train/M/M701.jpg,M,train
data/raw/asl_alphabet_train/M/M31.jpg,M,train
data/raw/asl_alphabet_train/M/M1933.jpg,M,train
data/raw/asl_alphabet_train/M/M887.jpg,M,train
data/raw/asl_alphabet_train/M/M829.jpg,M,train
data/raw/asl_alphabet_train/M/M467.jpg,M,train
data/raw/asl_alphabet_train/M/M505.jpg,M,train
data/raw/asl_alphabet_train/M/M926.jpg,M,train
data/raw/asl_alphabet_train/M/M1898.jpg,M,train
data/raw/asl_alphabet_train/M/M2131.jpg,M,train
data/raw/asl_alphabet_train/M/M2676.jpg,M,train
data/raw/asl_alphabet_train/M/M196.jpg,M,train
data/raw/asl_alphabet_train/M/M1568.jpg,M,train
data/raw/asl_alphabet_train/M/M1321.jpg,M,train
data/raw/asl_alphabet_train/M/M2987.jpg,M,train
data/raw/asl_alphabet_train/M/M2574.jpg,M,train
data/raw/asl_alphabet_train/M/M978.jpg,M,train
data/raw/asl_alphabet_train/M/M957.jpg,M,train
data/raw/asl_alphabet_train/M/M299.jpg,M,train
data/raw/asl_alphabet_train/M/M1434.jpg,M,train
data/raw/asl_alphabet_train/M/M2741.jpg,M,train
data/raw/asl_alphabet_train/M/M2244.jpg,M,train
data/raw/asl_alphabet_train/M/M475.jpg,M,train
data/raw/asl_alphabet_train/M/M1467.jpg,M,train
data/raw/asl_alphabet_train/M/M2570.jpg,M,train
data/raw/asl_alphabet_train/M/M569.jpg,M,train
data/raw/asl_alphabet_train/M/M1899.jpg,M,train
data/raw/asl_alphabet_train/M/M1921.jpg,M,train
data/raw/asl_alphabet_train/M/M965.jpg,M,train
data/raw/asl_alphabet_train/M/M800.jpg,M,train
data/raw/asl_alphabet_train/M/M48.jpg,M,train
data/raw/asl_alphabet_train/M/M2383.jpg,M,train
data/raw/asl_alphabet_train/M/M2142.jpg,M,train
data/raw/asl_alphabet_train/M/M193.jpg,M,train
data/raw/asl_alphabet_train/M/M1087.jpg,M,train
data/raw/asl_alphabet_train/M/M1913.jpg,M,train
data/raw/asl_alphabet_train/M/M54.jpg,M,train
data/raw/asl_alphabet_train/M/M2932.jpg,M,train
data/raw/asl_alphabet_train/M/M2974.jpg,M,train
data/raw/asl_alphabet_train/M/M73.jpg,M,train
data/raw/asl_alphabet_train/M/M2626.jpg,M,train
data/raw/asl_alphabet_train/M/M2954.jpg,M,train
data/raw/asl_alphabet_train/M/M1359.jpg,M,train
data/raw/asl_alphabet_train/M/M2009.jpg,M,train
data/raw/asl_alphabet_train/M/M2790.jpg,M,train
data/raw/asl_alphabet_train/M/M909.jpg,M,train
data/raw/asl_alphabet_train/M/M2672.jpg,M,train
data/raw/asl_alphabet_train/M/M2349.jpg,M,train
data/raw/asl_alphabet_train/M/M255.jpg,M,train
data/raw/asl_alphabet_train/M/M834.jpg,M,train
data/raw/asl_alphabet_train/M/M1961.jpg,M,train
data/raw/asl_alphabet_train/M/M2945.jpg,M,train
data/raw/asl_alphabet_train/M/M907.jpg,M,train
data/raw/asl_alphabet_train/M/M2249.jpg,M,train
data/raw/asl_alphabet_train/M/M242.jpg,M,train
data/raw/asl_alphabet_train/M/M814.jpg,M,train
data/raw/asl_alphabet_train/M/M2469.jpg,M,train
data/raw/asl_alphabet_train/M/M77.jpg,M,train
data/raw/asl_alphabet_train/M/M2378.jpg,M,train
data/raw/asl_alphabet_train/M/M1602.jpg,M,train
data/raw/asl_alphabet_train/M/M923.jpg,M,train
data/raw/asl_alphabet_train/M/M404.jpg,M,train
data/raw/asl_alphabet_train/M/M1800.jpg,M,train
data/raw/asl_alphabet_train/M/M197.jpg,M,train
data/raw/asl_alphabet_train/M/M403.jpg,M,train
data/raw/asl_alphabet_train/M/M711.jpg,M,train
data/raw/asl_alphabet_train/M/M1171.jpg,M,train
data/raw/asl_alphabet_train/M/M2449.jpg,M,train
data/raw/asl_alphabet_train/M/M2684.jpg,M,train
data/raw/asl_alphabet_train/M/M1445.jpg,M,train
data/raw/asl_alphabet_train/M/M945.jpg,M,train
data/raw/asl_alphabet_train/M/M1236.jpg,M,train
data/raw/asl_alphabet_train/M/M2630.jpg,M,train
data/raw/asl_alphabet_train/M/M504.jpg,M,train
data/raw/asl_alphabet_train/M/M2687.jpg,M,train
data/raw/asl_alphabet_train/M/M1270.jpg,M,train
data/raw/asl_alphabet_train/M/M2510.jpg,M,train
data/raw/asl_alphabet_train/M/M508.jpg,M,train
data/raw/asl_alphabet_train/M/M416.jpg,M,train
data/raw/asl_alphabet_train/M/M2251.jpg,M,train
data/raw/asl_alphabet_train/M/M1643.jpg,M,train
data/raw/asl_alphabet_train/M/M1373.jpg,M,train
data/raw/asl_alphabet_train/M/M2544.jpg,M,train
data/raw/asl_alphabet_train/M/M2261.jpg,M,train
data/raw/asl_alphabet_train/M/M2301.jpg,M,train
data/raw/asl_alphabet_train/M/M1862.jpg,M,train
data/raw/asl_alphabet_train/M/M95.jpg,M,train
data/raw/asl_alphabet_train/M/M932.jpg,M,train
data/raw/asl_alphabet_train/M/M2944.jpg,M,train
data/raw/asl_alphabet_train/M/M17.jpg,M,train
data/raw/asl_alphabet_train/M/M1848.jpg,M,train
data/raw/asl_alphabet_train/M/M1397.jpg,M,train
data/raw/asl_alphabet_train/M/M2057.jpg,M,train
data/raw/asl_alphabet_train/M/M2802.jpg,M,train
data/raw/asl_alphabet_train/M/M2748.jpg,M,train
data/raw/asl_alphabet_train/M/M2675.jpg,M,train
data/raw/asl_alphabet_train/M/M2727.jpg,M,train
data/raw/asl_alphabet_train/M/M1785.jpg,M,train
data/raw/asl_alphabet_train/M/M1922.jpg,M,train
data/raw/asl_alphabet_train/M/M1444.jpg,M,train
data/raw/asl_alphabet_train/M/M1048.jpg,M,train
data/raw/asl_alphabet_train/M/M1319.jpg,M,train
data/raw/asl_alphabet_train/M/M1476.jpg,M,train
data/raw/asl_alphabet_train/M/M459.jpg,M,train
data/raw/asl_alphabet_train/M/M1490.jpg,M,train
data/raw/asl_alphabet_train/M/M2152.jpg,M,train
data/raw/asl_alphabet_train/M/M1814.jpg,M,train
data/raw/asl_alphabet_train/M/M2419.jpg,M,train
data/raw/asl_alphabet_train/M/M961.jpg,M,train
data/raw/asl_alphabet_train/M/M2814.jpg,M,train
data/raw/asl_alphabet_train/M/M2824.jpg,M,train
data/raw/asl_alphabet_train/M/M332.jpg,M,train
data/raw/asl_alphabet_train/M/M1410.jpg,M,train
data/raw/asl_alphabet_train/M/M1133.jpg,M,train
data/raw/asl_alphabet_train/M/M1469.jpg,M,train
data/raw/asl_alphabet_train/M/M1907.jpg,M,train
data/raw/asl_alphabet_train/M/M2120.jpg,M,train
data/raw/asl_alphabet_train/M/M1501.jpg,M,train
data/raw/asl_alphabet_train/M/M648.jpg,M,train
data/raw/asl_alphabet_train/M/M113.jpg,M,train
data/raw/asl_alphabet_train/M/M547.jpg,M,train
data/raw/asl_alphabet_train/M/M2186.jpg,M,train
data/raw/asl_alphabet_train/M/M463.jpg,M,train
data/raw/asl_alphabet_train/M/M2471.jpg,M,train
data/raw/asl_alphabet_train/M/M2707.jpg,M,train
data/raw/asl_alphabet_train/M/M1264.jpg,M,train
data/raw/asl_alphabet_train/M/M2132.jpg,M,train
data/raw/asl_alphabet_train/M/M213.jpg,M,train
data/raw/asl_alphabet_train/M/M2353.jpg,M,train
data/raw/asl_alphabet_train/M/M1738.jpg,M,train
data/raw/asl_alphabet_train/M/M474.jpg,M,train
data/raw/asl_alphabet_train/M/M673.jpg,M,train
data/raw/asl_alphabet_train/M/M230.jpg,M,train
data/raw/asl_alphabet_train/M/M1718.jpg,M,train
data/raw/asl_alphabet_train/M/M735.jpg,M,train
data/raw/asl_alphabet_train/M/M2931.jpg,M,train
data/raw/asl_alphabet_train/M/M2532.jpg,M,train
data/raw/asl_alphabet_train/M/M2177.jpg,M,train
data/raw/asl_alphabet_train/M/M704.jpg,M,train
data/raw/asl_alphabet_train/M/M788.jpg,M,train
data/raw/asl_alphabet_train/M/M2023.jpg,M,train
data/raw/asl_alphabet_train/M/M155.jpg,M,train
data/raw/asl_alphabet_train/M/M2929.jpg,M,train
data/raw/asl_alphabet_train/M/M2243.jpg,M,train
data/raw/asl_alphabet_train/M/M509.jpg,M,train
data/raw/asl_alphabet_train/M/M1546.jpg,M,train
data/raw/asl_alphabet_train/M/M2076.jpg,M,train
data/raw/asl_alphabet_train/M/M2402.jpg,M,train
data/raw/asl_alphabet_train/M/M819.jpg,M,train
data/raw/asl_alphabet_train/M/M2221.jpg,M,train
data/raw/asl_alphabet_train/M/M28.jpg,M,train
data/raw/asl_alphabet_train/M/M1060.jpg,M,train
data/raw/asl_alphabet_train/M/M1015.jpg,M,train
data/raw/asl_alphabet_train/M/M2360.jpg,M,train
data/raw/asl_alphabet_train/M/M777.jpg,M,train
data/raw/asl_alphabet_train/M/M1876.jpg,M,train
data/raw/asl_alphabet_train/M/M2634.jpg,M,train
data/raw/asl_alphabet_train/M/M13.jpg,M,train
data/raw/asl_alphabet_train/M/M380.jpg,M,train
data/raw/asl_alphabet_train/M/M357.jpg,M,train
data/raw/asl_alphabet_train/M/M367.jpg,M,train
data/raw/asl_alphabet_train/M/M2912.jpg,M,train
data/raw/asl_alphabet_train/M/M1574.jpg,M,train
data/raw/asl_alphabet_train/M/M87.jpg,M,train
data/raw/asl_alphabet_train/M/M1786.jpg,M,train
data/raw/asl_alphabet_train/M/M384.jpg,M,train
data/raw/asl_alphabet_train/M/M2102.jpg,M,train
data/raw/asl_alphabet_train/M/M1302.jpg,M,train
data/raw/asl_alphabet_train/M/M3.jpg,M,train
data/raw/asl_alphabet_train/M/M719.jpg,M,train
data/raw/asl_alphabet_train/M/M1984.jpg,M,train
data/raw/asl_alphabet_train/M/M434.jpg,M,train
data/raw/asl_alphabet_train/M/M2173.jpg,M,train
data/raw/asl_alphabet_train/M/M891.jpg,M,train
data/raw/asl_alphabet_train/M/M2404.jpg,M,train
data/raw/asl_alphabet_train/M/M2451.jpg,M,train
data/raw/asl_alphabet_train/M/M2238.jpg,M,train
data/raw/asl_alphabet_train/M/M845.jpg,M,train
data/raw/asl_alphabet_train/M/M522.jpg,M,train
data/raw/asl_alphabet_train/M/M1156.jpg,M,train
data/raw/asl_alphabet_train/M/M2048.jpg,M,train
data/raw/asl_alphabet_train/M/M2280.jpg,M,train
data/raw/asl_alphabet_train/M/M807.jpg,M,train
data/raw/asl_alphabet_train/M/M454.jpg,M,train
data/raw/asl_alphabet_train/M/M2782.jpg,M,train
data/raw/asl_alphabet_train/M/M2784.jpg,M,train
data/raw/asl_alphabet_train/M/M2549.jpg,M,train
data/raw/asl_alphabet_train/M/M1143.jpg,M,train
data/raw/asl_alphabet_train/M/M1225.jpg,M,train
data/raw/asl_alphabet_train/M/M2387.jpg,M,train
data/raw/asl_alphabet_train/M/M68.jpg,M,train
data/raw/asl_alphabet_train/M/M2276.jpg,M,train
data/raw/asl_alphabet_train/M/M802.jpg,M,train
data/raw/asl_alphabet_train/M/M2071.jpg,M,train
data/raw/asl_alphabet_train/M/M2406.jpg,M,train
data/raw/asl_alphabet_train/M/M1857.jpg,M,train
data/raw/asl_alphabet_train/M/M1972.jpg,M,train
data/raw/asl_alphabet_train/M/M1164.jpg,M,train
data/raw/asl_alphabet_train/M/M1576.jpg,M,train
data/raw/asl_alphabet_train/M/M57.jpg,M,train
data/raw/asl_alphabet_train/M/M553.jpg,M,train
data/raw/asl_alphabet_train/M/M1128.jpg,M,train
data/raw/asl_alphabet_train/M/M652.jpg,M,train
data/raw/asl_alphabet_train/M/M497.jpg,M,train
data/raw/asl_alphabet_train/M/M2961.jpg,M,train
data/raw/asl_alphabet_train/M/M1027.jpg,M,train
data/raw/asl_alphabet_train/M/M2037.jpg,M,train
data/raw/asl_alphabet_train/M/M1326.jpg,M,train
data/raw/asl_alphabet_train/M/M1698.jpg,M,train
data/raw/asl_alphabet_train/M/M1900.jpg,M,train
data/raw/asl_alphabet_train/M/M2443.jpg,M,train
data/raw/asl_alphabet_train/M/M126.jpg,M,train
data/raw/asl_alphabet_train/M/M789.jpg,M,train
data/raw/asl_alphabet_train/M/M741.jpg,M,train
data/raw/asl_alphabet_train/M/M2006.jpg,M,train
data/raw/asl_alphabet_train/M/M694.jpg,M,train
data/raw/asl_alphabet_train/M/M1183.jpg,M,train
data/raw/asl_alphabet_train/M/M717.jpg,M,train
data/raw/asl_alphabet_train/M/M396.jpg,M,train
data/raw/asl_alphabet_train/M/M183.jpg,M,train
data/raw/asl_alphabet_train/M/M2340.jpg,M,train
data/raw/asl_alphabet_train/M/M2690.jpg,M,train
data/raw/asl_alphabet_train/M/M366.jpg,M,train
data/raw/asl_alphabet_train/M/M137.jpg,M,train
data/raw/asl_alphabet_train/M/M2147.jpg,M,train
data/raw/asl_alphabet_train/M/M990.jpg,M,train
data/raw/asl_alphabet_train/M/M1247.jpg,M,train
data/raw/asl_alphabet_train/M/M451.jpg,M,train
data/raw/asl_alphabet_train/M/M1737.jpg,M,train
data/raw/asl_alphabet_train/M/M1819.jpg,M,train
data/raw/asl_alphabet_train/M/M1365.jpg,M,train
data/raw/asl_alphabet_train/M/M2374.jpg,M,train
data/raw/asl_alphabet_train/M/M2365.jpg,M,train
data/raw/asl_alphabet_train/M/M2166.jpg,M,train
data/raw/asl_alphabet_train/M/M2295.jpg,M,train
data/raw/asl_alphabet_train/M/M1761.jpg,M,train
data/raw/asl_alphabet_train/M/M2308.jpg,M,train
data/raw/asl_alphabet_train/M/M2010.jpg,M,train
data/raw/asl_alphabet_train/M/M1719.jpg,M,train
data/raw/asl_alphabet_train/M/M187.jpg,M,train
data/raw/asl_alphabet_train/M/M1908.jpg,M,train
data/raw/asl_alphabet_train/M/M2245.jpg,M,train
data/raw/asl_alphabet_train/M/M1299.jpg,M,train
data/raw/asl_alphabet_train/M/M1193.jpg,M,train
data/raw/asl_alphabet_train/M/M277.jpg,M,train
data/raw/asl_alphabet_train/M/M2747.jpg,M,train
data/raw/asl_alphabet_train/M/M1861.jpg,M,train
data/raw/asl_alphabet_train/M/M960.jpg,M,train
data/raw/asl_alphabet_train/M/M1095.jpg,M,train
data/raw/asl_alphabet_train/M/M2155.jpg,M,train
data/raw/asl_alphabet_train/M/M2485.jpg,M,train
data/raw/asl_alphabet_train/M/M1970.jpg,M,train
data/raw/asl_alphabet_train/M/M2427.jpg,M,train
data/raw/asl_alphabet_train/M/M2411.jpg,M,train
data/raw/asl_alphabet_train/M/M2399.jpg,M,train
data/raw/asl_alphabet_train/M/M1347.jpg,M,train
data/raw/asl_alphabet_train/M/M1253.jpg,M,train
data/raw/asl_alphabet_train/M/M2324.jpg,M,train
data/raw/asl_alphabet_train/M/M2106.jpg,M,train
data/raw/asl_alphabet_train/M/M2898.jpg,M,train
data/raw/asl_alphabet_train/M/M293.jpg,M,train
data/raw/asl_alphabet_train/M/M1791.jpg,M,train
data/raw/asl_alphabet_train/M/M280.jpg,M,train
data/raw/asl_alphabet_train/M/M2648.jpg,M,train
data/raw/asl_alphabet_train/M/M2260.jpg,M,train
data/raw/asl_alphabet_train/M/M1189.jpg,M,train
data/raw/asl_alphabet_train/M/M1673.jpg,M,train
data/raw/asl_alphabet_train/M/M1702.jpg,M,train
data/raw/asl_alphabet_train/M/M62.jpg,M,train
data/raw/asl_alphabet_train/M/M695.jpg,M,train
data/raw/asl_alphabet_train/M/M2633.jpg,M,train
data/raw/asl_alphabet_train/M/M2794.jpg,M,train
data/raw/asl_alphabet_train/M/M1897.jpg,M,val
data/raw/asl_alphabet_train/M/M826.jpg,M,val
data/raw/asl_alphabet_train/M/M2446.jpg,M,val
data/raw/asl_alphabet_train/M/M2558.jpg,M,val
data/raw/asl_alphabet_train/M/M2927.jpg,M,val
data/raw/asl_alphabet_train/M/M1525.jpg,M,val
data/raw/asl_alphabet_train/M/M578.jpg,M,val
data/raw/asl_alphabet_train/M/M2044.jpg,M,val
data/raw/asl_alphabet_train/M/M503.jpg,M,val
data/raw/asl_alphabet_train/M/M2820.jpg,M,val
data/raw/asl_alphabet_train/M/M1155.jpg,M,val
data/raw/asl_alphabet_train/M/M1522.jpg,M,val
data/raw/asl_alphabet_train/M/M531.jpg,M,val
data/raw/asl_alphabet_train/M/M632.jpg,M,val
data/raw/asl_alphabet_train/M/M2654.jpg,M,val
data/raw/asl_alphabet_train/M/M205.jpg,M,val
data/raw/asl_alphabet_train/M/M732.jpg,M,val
data/raw/asl_alphabet_train/M/M1053.jpg,M,val
data/raw/asl_alphabet_train/M/M2255.jpg,M,val
data/raw/asl_alphabet_train/M/M1503.jpg,M,val
data/raw/asl_alphabet_train/M/M1776.jpg,M,val
data/raw/asl_alphabet_train/M/M1192.jpg,M,val
data/raw/asl_alphabet_train/M/M1653.jpg,M,val
data/raw/asl_alphabet_train/M/M2845.jpg,M,val
data/raw/asl_alphabet_train/M/M901.jpg,M,val
data/raw/asl_alphabet_train/M/M2777.jpg,M,val
data/raw/asl_alphabet_train/M/M853.jpg,M,val
data/raw/asl_alphabet_train/M/M805.jpg,M,val
data/raw/asl_alphabet_train/M/M63.jpg,M,val
data/raw/asl_alphabet_train/M/M2193.jpg,M,val
data/raw/asl_alphabet_train/M/M128.jpg,M,val
data/raw/asl_alphabet_train/M/M2756.jpg,M,val
data/raw/asl_alphabet_train/M/M1081.jpg,M,val
data/raw/asl_alphabet_train/M/M1586.jpg,M,val
data/raw/asl_alphabet_train/M/M972.jpg,M,val
data/raw/asl_alphabet_train/M/M1388.jpg,M,val
data/raw/asl_alphabet_train/M/M759.jpg,M,val
data/raw/asl_alphabet_train/M/M2745.jpg,M,val
data/raw/asl_alphabet_train/M/M2161.jpg,M,val
data/raw/asl_alphabet_train/M/M916.jpg,M,val
data/raw/asl_alphabet_train/M/M1450.jpg,M,val
data/raw/asl_alphabet_train/M/M1165.jpg,M,val
data/raw/asl_alphabet_train/M/M1314.jpg,M,val
data/raw/asl_alphabet_train/M/M2086.jpg,M,val
data/raw/asl_alphabet_train/M/M2069.jpg,M,val
data/raw/asl_alphabet_train/M/M2577.jpg,M,val
data/raw/asl_alphabet_train/M/M2417.jpg,M,val
data/raw/asl_alphabet_train/M/M350.jpg,M,val
data/raw/asl_alphabet_train/M/M1411.jpg,M,val
data/raw/asl_alphabet_train/M/M1665.jpg,M,val
data/raw/asl_alphabet_train/M/M2640.jpg,M,val
data/raw/asl_alphabet_train/M/M431.jpg,M,val
data/raw/asl_alphabet_train/M/M1762.jpg,M,val
data/raw/asl_alphabet_train/M/M2969.jpg,M,val
data/raw/asl_alphabet_train/M/M2299.jpg,M,val
data/raw/asl_alphabet_train/M/M2130.jpg,M,val
data/raw/asl_alphabet_train/M/M696.jpg,M,val
data/raw/asl_alphabet_train/M/M1194.jpg,M,val
data/raw/asl_alphabet_train/M/M1570.jpg,M,val
data/raw/asl_alphabet_train/M/M1680.jpg,M,val
data/raw/asl_alphabet_train/M/M1701.jpg,M,val
data/raw/asl_alphabet_train/M/M153.jpg,M,val
data/raw/asl_alphabet_train/M/M795.jpg,M,val
data/raw/asl_alphabet_train/M/M1925.jpg,M,val
data/raw/asl_alphabet_train/M/M2000.jpg,M,val
data/raw/asl_alphabet_train/M/M827.jpg,M,val
data/raw/asl_alphabet_train/M/M2528.jpg,M,val
data/raw/asl_alphabet_train/M/M1212.jpg,M,val
data/raw/asl_alphabet_train/M/M2384.jpg,M,val
data/raw/asl_alphabet_train/M/M1307.jpg,M,val
data/raw/asl_alphabet_train/M/M1658.jpg,M,val
data/raw/asl_alphabet_train/M/M1896.jpg,M,val
data/raw/asl_alphabet_train/M/M1563.jpg,M,val
data/raw/asl_alphabet_train/M/M2096.jpg,M,val
data/raw/asl_alphabet_train/M/M118.jpg,M,val
data/raw/asl_alphabet_train/M/M263.jpg,M,val
data/raw/asl_alphabet_train/M/M2084.jpg,M,val
data/raw/asl_alphabet_train/M/M803.jpg,M,val
data/raw/asl_alphabet_train/M/M2083.jpg,M,val
data/raw/asl_alphabet_train/M/M1334.jpg,M,val
data/raw/asl_alphabet_train/M/M239.jpg,M,val
data/raw/asl_alphabet_train/M/M473.jpg,M,val
data/raw/asl_alphabet_train/M/M1394.jpg,M,val
data/raw/asl_alphabet_train/M/M518.jpg,M,val
data/raw/asl_alphabet_train/M/M1945.jpg,M,val
data/raw/asl_alphabet_train/M/M1207.jpg,M,val
data/raw/asl_alphabet_train/M/M2807.jpg,M,val
data/raw/asl_alphabet_train/M/M2103.jpg,M,val
data/raw/asl_alphabet_train/M/M1066.jpg,M,val
data/raw/asl_alphabet_train/M/M448.jpg,M,val
data/raw/asl_alphabet_train/M/M410.jpg,M,test
data/raw/asl_alphabet_train/M/M1043.jpg,M,test
data/raw/asl_alphabet_train/M/M1452.jpg,M,test
data/raw/asl_alphabet_train/M/M1692.jpg,M,test
data/raw/asl_alphabet_train/M/M319.jpg,M,test
data/raw/asl_alphabet_train/M/M2456.jpg,M,test
data/raw/asl_alphabet_train/M/M2704.jpg,M,test
data/raw/asl_alphabet_train/M/M1893.jpg,M,test
data/raw/asl_alphabet_train/M/M1611.jpg,M,test
data/raw/asl_alphabet_train/M/M2391.jpg,M,test
data/raw/asl_alphabet_train/M/M149.jpg,M,test
data/raw/asl_alphabet_train/M/M598.jpg,M,test
data/raw/asl_alphabet_train/M/M229.jpg,M,test
data/raw/asl_alphabet_train/M/M672.jpg,M,test
data/raw/asl_alphabet_train/M/M2928.jpg,M,test
data/raw/asl_alphabet_train/M/M39.jpg,M,test
data/raw/asl_alphabet_train/M/M2923.jpg,M,test
data/raw/asl_alphabet_train/M/M557.jpg,M,test
data/raw/asl_alphabet_train/M/M515.jpg,M,test
data/raw/asl_alphabet_train/M/M140.jpg,M,test
data/raw/asl_alphabet_train/M/M1987.jpg,M,test
data/raw/asl_alphabet_train/M/M849.jpg,M,test
data/raw/asl_alphabet_train/M/M1760.jpg,M,test
data/raw/asl_alphabet_train/M/M2241.jpg,M,test
data/raw/asl_alphabet_train/M/M603.jpg,M,test
data/raw/asl_alphabet_train/M/M2352.jpg,M,test
data/raw/asl_alphabet_train/M/M519.jpg,M,test
data/raw/asl_alphabet_train/M/M2001.jpg,M,test
data/raw/asl_alphabet_train/M/M464.jpg,M,test
data/raw/asl_alphabet_train/M/M2420.jpg,M,test
data/raw/asl_alphabet_train/M/M471.jpg,M,test
data/raw/asl_alphabet_train/M/M2771.jpg,M,test
data/raw/asl_alphabet_train/M/M1379.jpg,M,test
data/raw/asl_alphabet_train/M/M2059.jpg,M,test
data/raw/asl_alphabet_train/M/M2993.jpg,M,test
data/raw/asl_alphabet_train/M/M1327.jpg,M,test
data/raw/asl_alphabet_train/M/M2497.jpg,M,test
data/raw/asl_alphabet_train/M/M2506.jpg,M,test
data/raw/asl_alphabet_train/M/M2052.jpg,M,test
data/raw/asl_alphabet_train/M/M2230.jpg,M,test
data/raw/asl_alphabet_train/M/M656.jpg,M,test
data/raw/asl_alphabet_train/M/M2555.jpg,M,test
data/raw/asl_alphabet_train/M/M888.jpg,M,test
data/raw/asl_alphabet_train/M/M562.jpg,M,test
data/raw/asl_alphabet_train/M/M586.jpg,M,test
data/raw/asl_alphabet_train/M/M2737.jpg,M,test
data/raw/asl_alphabet_train/M/M1474.jpg,M,test
data/raw/asl_alphabet_train/M/M851.jpg,M,test
data/raw/asl_alphabet_train/M/M2862.jpg,M,test
data/raw/asl_alphabet_train/M/M2703.jpg,M,test
data/raw/asl_alphabet_train/M/M729.jpg,M,test
data/raw/asl_alphabet_train/M/M1468.jpg,M,test
data/raw/asl_alphabet_train/M/M1099.jpg,M,test
data/raw/asl_alphabet_train/M/M97.jpg,M,test
data/raw/asl_alphabet_train/M/M1641.jpg,M,test
data/raw/asl_alphabet_train/M/M2185.jpg,M,test
data/raw/asl_alphabet_train/M/M2396.jpg,M,test
data/raw/asl_alphabet_train/M/M1429.jpg,M,test
data/raw/asl_alphabet_train/M/M2115.jpg,M,test
data/raw/asl_alphabet_train/M/M2479.jpg,M,test
data/raw/asl_alphabet_train/M/M2956.jpg,M,test
data/raw/asl_alphabet_train/M/M1710.jpg,M,test
data/raw/asl_alphabet_train/M/M2100.jpg,M,test
data/raw/asl_alphabet_train/M/M300.jpg,M,test
data/raw/asl_alphabet_train/M/M2150.jpg,M,test
data/raw/asl_alphabet_train/M/M224.jpg,M,test
data/raw/asl_alphabet_train/M/M2156.jpg,M,test
data/raw/asl_alphabet_train/M/M2998.jpg,M,test
data/raw/asl_alphabet_train/M/M1606.jpg,M,test
data/raw/asl_alphabet_train/M/M2886.jpg,M,test
data/raw/asl_alphabet_train/M/M2524.jpg,M,test
data/raw/asl_alphabet_train/M/M1963.jpg,M,test
data/raw/asl_alphabet_train/M/M369.jpg,M,test
data/raw/asl_alphabet_train/M/M896.jpg,M,test
data/raw/asl_alphabet_train/M/M2134.jpg,M,test
data/raw/asl_alphabet_train/M/M726.jpg,M,test
data/raw/asl_alphabet_train/M/M2884.jpg,M,test
data/raw/asl_alphabet_train/M/M2861.jpg,M,test
data/raw/asl_alphabet_train/M/M1257.jpg,M,test
data/raw/asl_alphabet_train/M/M1839.jpg,M,test
data/raw/asl_alphabet_train/M/M2883.jpg,M,test
data/raw/asl_alphabet_train/M/M69.jpg,M,test
data/raw/asl_alphabet_train/M/M458.jpg,M,test
data/raw/asl_alphabet_train/M/M1871.jpg,M,test
data/raw/asl_alphabet_train/M/M136.jpg,M,test
data/raw/asl_alphabet_train/M/M1659.jpg,M,test
data/raw/asl_alphabet_train/M/M1956.jpg,M,test
data/raw/asl_alphabet_train/M/M762.jpg,M,test
data/raw/asl_alphabet_train/M/M294.jpg,M,test
data/raw/asl_alphabet_train/M/M141.jpg,M,test
data/raw/asl_alphabet_train/N/N13.jpg,N,train
data/raw/asl_alphabet_train/N/N17.jpg,N,train
data/raw/asl_alphabet_train/N/N1800.jpg,N,train
data/raw/asl_alphabet_train/N/N2164.jpg,N,train
data/raw/asl_alphabet_train/N/N1057.jpg,N,train
data/raw/asl_alphabet_train/N/N2037.jpg,N,train
data/raw/asl_alphabet_train/N/N2477.jpg,N,train
data/raw/asl_alphabet_train/N/N1474.jpg,N,train
data/raw/asl_alphabet_train/N/N2328.jpg,N,train
data/raw/asl_alphabet_train/N/N164.jpg,N,train
data/raw/asl_alphabet_train/N/N918.jpg,N,train
data/raw/asl_alphabet_train/N/N1012.jpg,N,train
data/raw/asl_alphabet_train/N/N870.jpg,N,train
data/raw/asl_alphabet_train/N/N2743.jpg,N,train
data/raw/asl_alphabet_train/N/N1039.jpg,N,train
data/raw/asl_alphabet_train/N/N1933.jpg,N,train
data/raw/asl_alphabet_train/N/N231.jpg,N,train
data/raw/asl_alphabet_train/N/N2730.jpg,N,train
data/raw/asl_alphabet_train/N/N1345.jpg,N,train
data/raw/asl_alphabet_train/N/N1283.jpg,N,train
data/raw/asl_alphabet_train/N/N2271.jpg,N,train
data/raw/asl_alphabet_train/N/N1037.jpg,N,train
data/raw/asl_alphabet_train/N/N245.jpg,N,train
data/raw/asl_alphabet_train/N/N2607.jpg,N,train
data/raw/asl_alphabet_train/N/N2227.jpg,N,train
data/raw/asl_alphabet_train/N/N1201.jpg,N,train
data/raw/asl_alphabet_train/N/N1236.jpg,N,train
data/raw/asl_alphabet_train/N/N1587.jpg,N,train
data/raw/asl_alphabet_train/N/N744.jpg,N,train
data/raw/asl_alphabet_train/N/N2525.jpg,N,train
data/raw/asl_alphabet_train/N/N2049.jpg,N,train
data/raw/asl_alphabet_train/N/N2185.jpg,N,train
data/raw/asl_alphabet_train/N/N2493.jpg,N,train
data/raw/asl_alphabet_train/N/N345.jpg,N,train
data/raw/asl_alphabet_train/N/N1483.jpg,N,train
data/raw/asl_alphabet_train/N/N1171.jpg,N,train
data/raw/asl_alphabet_train/N/N221.jpg,N,train
data/raw/asl_alphabet_train/N/N890.jpg,N,train
data/raw/asl_alphabet_train/N/N2983.jpg,N,train
data/raw/asl_alphabet_train/N/N469.jpg,N,train
data/raw/asl_alphabet_train/N/N261.jpg,N,train
data/raw/asl_alphabet_train/N/N1804.jpg,N,train
data/raw/asl_alphabet_train/N/N1278.jpg,N,train
data/raw/asl_alphabet_train/N/N464.jpg,N,train
data/raw/asl_alphabet_train/N/N347.jpg,N,train
data/raw/asl_alphabet_train/N/N1029.jpg,N,train
data/raw/asl_alphabet_train/N/N1421.jpg,N,train
data/raw/asl_alphabet_train/N/N2374.jpg,N,train
data/raw/asl_alphabet_train/N/N1716.jpg,N,train
data/raw/asl_alphabet_train/N/N119.jpg,N,train
data/raw/asl_alphabet_train/N/N2229.jpg,N,train
data/raw/asl_alphabet_train/N/N2973.jpg,N,train
data/raw/asl_alphabet_train/N/N2428.jpg,N,train
data/raw/asl_alphabet_train/N/N1317.jpg,N,train
data/raw/asl_alphabet_train/N/N2018.jpg,N,train
data/raw/asl_alphabet_train/N/N1975.jpg,N,train
data/raw/asl_alphabet_train/N/N2646.jpg,N,train
data/raw/asl_alphabet_train/N/N1801.jpg,N,train
data/raw/asl_alphabet_train/N/N1775.jpg,N,train
data/raw/asl_alphabet_train/N/N2769.jpg,N,train
data/raw/asl_alphabet_train/N/N132.jpg,N,train
data/raw/asl_alphabet_train/N/N2681.jpg,N,train
data/raw/asl_alphabet_train/N/N2217.jpg,N,train
data/raw/asl_alphabet_train/N/N2218.jpg,N,train
data/raw/asl_alphabet_train/N/N2004.jpg,N,train
data/raw/asl_alphabet_train/N/N1877.jpg,N,train
data/raw/asl_alphabet_train/N/N1327.jpg,N,train
data/raw/asl_alphabet_train/N/N1419.jpg,N,train
data/raw/asl_alphabet_train/N/N1231.jpg,N,train
data/raw/asl_alphabet_train/N/N2821.jpg,N,train
data/raw/asl_alphabet_train/N/N2265.jpg,N,train
data/raw/asl_alphabet_train/N/N252.jpg,N,train
data/raw/asl_alphabet_train/N/N2512.jpg,N,train
data/raw/asl_alphabet_train/N/N1126.jpg,N,train
data/raw/asl_alphabet_train/N/N1266.jpg,N,train
data/raw/asl_alphabet_train/N/N2224.jpg,N,train
data/raw/asl_alphabet_train/N/N967.jpg,N,train
data/raw/asl_alphabet_train/N/N2761.jpg,N,train
data/raw/asl_alphabet_train/N/N359.jpg,N,train
data/raw/asl_alphabet_train/N/N276.jpg,N,train
data/raw/asl_alphabet_train/N/N1595.jpg,N,train
data/raw/asl_alphabet_train/N/N177.jpg,N,train
data/raw/asl_alphabet_train/N/N56.jpg,N,train
data/raw/asl_alphabet_train/N/N453.jpg,N,train
data/raw/asl_alphabet_train/N/N871.jpg,N,train
data/raw/asl_alphabet_train/N/N1880.jpg,N,train
data/raw/asl_alphabet_train/N/N748.jpg,N,train
data/raw/asl_alphabet_train/N/N2251.jpg,N,train
data/raw/asl_alphabet_train/N/N2747.jpg,N,train
data/raw/asl_alphabet_train/N/N1180.jpg,N,train
data/raw/asl_alphabet_train/N/N293.jpg,N,train
data/raw/asl_alphabet_train/N/N2731.jpg,N,train
data/raw/asl_alphabet_train/N/N1455.jpg,N,train
data/raw/asl_alphabet_train/N/N780.jpg,N,train
data/raw/asl_alphabet_train/N/N749.jpg,N,train
data/raw/asl_alphabet_train/N/N1407.jpg,N,train
data/raw/asl_alphabet_train/N/N1308.jpg,N,train
data/raw/asl_alphabet_train/N/N1737.jpg,N,train
data/raw/asl_alphabet_train/N/N1003.jpg,N,train
data/raw/asl_alphabet_train/N/N294.jpg,N,train
data/raw/asl_alphabet_train/N/N2997.jpg,N,train
data/raw/asl_alphabet_train/N/N2612.jpg,N,train
data/raw/asl_alphabet_train/N/N2615.jpg,N,train
data/raw/asl_alphabet_train/N/N1799.jpg,N,train
data/raw/asl_alphabet_train/N/N1747.jpg,N,train
data/raw/asl_alphabet_train/N/N2960.jpg,N,train
data/raw/asl_alphabet_train/N/N255.jpg,N,train
data/raw/asl_alphabet_train/N/N1847.jpg,N,train
data/raw/asl_alphabet_train/N/N98.jpg,N,train
data/raw/asl_alphabet_train/N/N553.jpg,N,train
data/raw/asl_alphabet_train/N/N2949.jpg,N,train
data/raw/asl_alphabet_train/N/N2215.jpg,N,train
data/raw/asl_alphabet_train/N/N1121.jpg,N,train
data/raw/asl_alphabet_train/N/N1733.jpg,N,train
data/raw/asl_alphabet_train/N/N2312.jpg,N,train
data/raw/asl_alphabet_train/N/N1963.jpg,N,train
data/raw/asl_alphabet_train/N/N2636.jpg,N,train
data/raw/asl_alphabet_train/N/N2888.jpg,N,train
data/raw/asl_alphabet_train/N/N2919.jpg,N,train
data/raw/asl_alphabet_train/N/N2641.jpg,N,train
data/raw/asl_alphabet_train/N/N1997.jpg,N,train
data/raw/asl_alphabet_train/N/N2451.jpg,N,train
data/raw/asl_alphabet_train/N/N859.jpg,N,train
data/raw/asl_alphabet_train/N/N2880.jpg,N,train
data/raw/asl_alphabet_train/N/N59.jpg,N,train
data/raw/asl_alphabet_train/N/N979.jpg,N,train
data/raw/asl_alphabet_train/N/N580.jpg,N,train
data/raw/asl_alphabet_train/N/N1411.jpg,N,train
data/raw/asl_alphabet_train/N/N1991.jpg,N,train
data/raw/asl_alphabet_train/N/N1194.jpg,N,train
data/raw/asl_alphabet_train/N/N1299.jpg,N,train
data/raw/asl_alphabet_train/N/N2017.jpg,N,train
data/raw/asl_alphabet_train/N/N2565.jpg,N,train
data/raw/asl_alphabet_train/N/N787.jpg,N,train
data/raw/asl_alphabet_train/N/N898.jpg,N,train
data/raw/asl_alphabet_train/N/N2853.jpg,N,train
data/raw/asl_alphabet_train/N/N1366.jpg,N,train
data/raw/asl_alphabet_train/N/N420.jpg,N,train
data/raw/asl_alphabet_train/N/N142.jpg,N,train
data/raw/asl_alphabet_train/N/N102.jpg,N,train
data/raw/asl_alphabet_train/N/N2515.jpg,N,train
data/raw/asl_alphabet_train/N/N1414.jpg,N,train
data/raw/asl_alphabet_train/N/N2744.jpg,N,train
data/raw/asl_alphabet_train/N/N1713.jpg,N,train
data/raw/asl_alphabet_train/N/N511.jpg,N,train
data/raw/asl_alphabet_train/N/N1117.jpg,N,train
data/raw/asl_alphabet_train/N/N2808.jpg,N,train
data/raw/asl_alphabet_train/N/N1158.jpg,N,train
data/raw/asl_alphabet_train/N/N546.jpg,N,train
data/raw/asl_alphabet_train/N/N1191.jpg,N,train
data/raw/asl_alphabet_train/N/N1294.jpg,N,train
data/raw/asl_alphabet_train/N/N1340.jpg,N,train
data/raw/asl_alphabet_train/N/N215.jpg,N,train
data/raw/asl_alphabet_train/N/N1288.jpg,N,train
data/raw/asl_alphabet_train/N/N1663.jpg,N,train
data/raw/asl_alphabet_train/N/N140.jpg,N,train
data/raw/asl_alphabet_train/N/N582.jpg,N,train
data/raw/asl_alphabet_train/N/N2812.jpg,N,train
data/raw/asl_alphabet_train/N/N2891.jpg,N,train
data/raw/asl_alphabet_train/N/N848.jpg,N,train
data/raw/asl_alphabet_train/N/N1766.jpg,N,train
data/raw/asl_alphabet_train/N/N2138.jpg,N,train
data/raw/asl_alphabet_train/N/N2878.jpg,N,train
data/raw/asl_alphabet_train/N/N997.jpg,N,train
data/raw/asl_alphabet_train/N/N2975.jpg,N,train
data/raw/asl_alphabet_train/N/N1245.jpg,N,train
data/raw/asl_alphabet_train/N/N224.jpg,N,train
data/raw/asl_alphabet_train/N/N863.jpg,N,train
data/raw/asl_alphabet_train/N/N172.jpg,N,train
data/raw/asl_alphabet_train/N/N95.jpg,N,train
data/raw/asl_alphabet_train/N/N1198.jpg,N,train
data/raw/asl_alphabet_train/N/N1726.jpg,N,train
data/raw/asl_alphabet_train/N/N2521.jpg,N,train
data/raw/asl_alphabet_train/N/N528.jpg,N,train
data/raw/asl_alphabet_train/N/N378.jpg,N,train
data/raw/asl_alphabet_train/N/N496.jpg,N,train
data/raw/asl_alphabet_train/N/N309.jpg,N,train
data/raw/asl_alphabet_train/N/N480.jpg,N,train
data/raw/asl_alphabet_train/N/N2838.jpg,N,train
data/raw/asl_alphabet_train/N/N416.jpg,N,train
data/raw/asl_alphabet_train/N/N1063.jpg,N,train
data/raw/asl_alphabet_train/N/N1112.jpg,N,train
data/raw/asl_alphabet_train/N/N1704.jpg,N,train
data/raw/asl_alphabet_train/N/N1379.jpg,N,train
data/raw/asl_alphabet_train/N/N2665.jpg,N,train
data/raw/asl_alphabet_train/N/N2622.jpg,N,train
data/raw/asl_alphabet_train/N/N158.jpg,N,train
data/raw/asl_alphabet_train/N/N2300.jpg,N,train
data/raw/asl_alphabet_train/N/N2504.jpg,N,train
data/raw/asl_alphabet_train/N/N1943.jpg,N,train
data/raw/asl_alphabet_train/N/N660.jpg,N,train
data/raw/asl_alphabet_train/N/N2797.jpg,N,train
data/raw/asl_alphabet_train/N/N323.jpg,N,train
data/raw/asl_alphabet_train/N/N1027.jpg,N,train
data/raw/asl_alphabet_train/N/N1109.jpg,N,train
data/raw/asl_alphabet_train/N/N512.jpg,N,train
data/raw/asl_alphabet_train/N/N915.jpg,N,train
data/raw/asl_alphabet_train/N/N1134.jpg,N,train
data/raw/asl_alphabet_train/N/N1292.jpg,N,train
data/raw/asl_alphabet_train/N/N1520.jpg,N,train
data/raw/asl_alphabet_train/N/N941.jpg,N,train
data/raw/asl_alphabet_train/N/N716.jpg,N,train
data/raw/asl_alphabet_train/N/N1955.jpg,N,train
data/raw/asl_alphabet_train/N/N1287.jpg,N,train
data/raw/asl_alphabet_train/N/N2123.jpg,N,train
data/raw/asl_alphabet_train/N/N2559.jpg,N,train
data/raw/asl_alphabet_train/N/N804.jpg,N,train
data/raw/asl_alphabet_train/N/N76.jpg,N,train
data/raw/asl_alphabet_train/N/N579.jpg,N,train
data/raw/asl_alphabet_train/N/N1770.jpg,N,train
data/raw/asl_alphabet_train/N/N1249.jpg,N,train
data/raw/asl_alphabet_train/N/N1104.jpg,N,train
data/raw/asl_alphabet_train/N/N1723.jpg,N,train
data/raw/asl_alphabet_train/N/N162.jpg,N,train
data/raw/asl_alphabet_train/N/N2311.jpg,N,train
data/raw/asl_alphabet_train/N/N1787.jpg,N,train
data/raw/asl_alphabet_train/N/N1107.jpg,N,train
data/raw/asl_alphabet_train/N/N2426.jpg,N,train
data/raw/asl_alphabet_train/N/N2228.jpg,N,train
data/raw/asl_alphabet_train/N/N2737.jpg,N,train
data/raw/asl_alphabet_train/N/N470.jpg,N,train
data/raw/asl_alphabet_train/N/N1914.jpg,N,train
data/raw/asl_alphabet_train/N/N1393.jpg,N,train
data/raw/asl_alphabet_train/N/N1061.jpg,N,train
data/raw/asl_alphabet_train/N/N757.jpg,N,train
data/raw/asl_alphabet_train/N/N550.jpg,N,train
data/raw/asl_alphabet_train/N/N1987.jpg,N,train
data/raw/asl_alphabet_train/N/N1565.jpg,N,train
data/raw/asl_alphabet_train/N/N1205.jpg,N,train
data/raw/asl_alphabet_train/N/N2590.jpg,N,train
data/raw/asl_alphabet_train/N/N2034.jpg,N,train
data/raw/asl_alphabet_train/N/N455.jpg,N,train
data/raw/asl_alphabet_train/N/N305.jpg,N,train
data/raw/asl_alphabet_train/N/N2767.jpg,N,train
data/raw/asl_alphabet_train/N/N2267.jpg,N,train
data/raw/asl_alphabet_train/N/N933.jpg,N,train
data/raw/asl_alphabet_train/N/N1435.jpg,N,train
data/raw/asl_alphabet_train/N/N2959.jpg,N,train
data/raw/asl_alphabet_train/N/N1570.jpg,N,train
data/raw/asl_alphabet_train/N/N2581.jpg,N,train
data/raw/asl_alphabet_train/N/N424.jpg,N,train
data/raw/asl_alphabet_train/N/N595.jpg,N,train
data/raw/asl_alphabet_train/N/N2659.jpg,N,train
data/raw/asl_alphabet_train/N/N822.jpg,N,train
data/raw/asl_alphabet_train/N/N2155.jpg,N,train
data/raw/asl_alphabet_train/N/N908.jpg,N,train
data/raw/asl_alphabet_train/N/N2128.jpg,N,train
data/raw/asl_alphabet_train/N/N2523.jpg,N,train
data/raw/asl_alphabet_train/N/N491.jpg,N,train
data/raw/asl_alphabet_train/N/N1303.jpg,N,train
data/raw/asl_alphabet_train/N/N1373.jpg,N,train
data/raw/asl_alphabet_train/N/N569.jpg,N,train
data/raw/asl_alphabet_train/N/N2686.jpg,N,train
data/raw/asl_alphabet_train/N/N1785.jpg,N,train
data/raw/asl_alphabet_train/N/N317.jpg,N,train
data/raw/asl_alphabet_train/N/N2600.jpg,N,train
data/raw/asl_alphabet_train/N/N1965.jpg,N,train
data/raw/asl_alphabet_train/N/N1272.jpg,N,train
data/raw/asl_alphabet_train/N/N1460.jpg,N,train
data/raw/asl_alphabet_train/N/N2048.jpg,N,train
data/raw/asl_alphabet_train/N/N2952.jpg,N,train
data/raw/asl_alphabet_train/N/N635.jpg,N,train
data/raw/asl_alphabet_train/N/N1856.jpg,N,train
data/raw/asl_alphabet_train/N/N1919.jpg,N,train
data/raw/asl_alphabet_train/N/N445.jpg,N,train
data/raw/asl_alphabet_train/N/N1430.jpg,N,train
data/raw/asl_alphabet_train/N/N745.jpg,N,train
data/raw/asl_alphabet_train/N/N650.jpg,N,train
data/raw/asl_alphabet_train/N/N2833.jpg,N,train
data/raw/asl_alphabet_train/N/N2053.jpg,N,train
data/raw/asl_alphabet_train/N/N894.jpg,N,train
data/raw/asl_alphabet_train/N/N1673.jpg,N,train
data/raw/asl_alphabet_train/N/N2617.jpg,N,train
data/raw/asl_alphabet_train/N/N1889.jpg,N,train
data/raw/asl_alphabet_train/N/N1391.jpg,N,train
data/raw/asl_alphabet_train/N/N2008.jpg,N,train
data/raw/asl_alphabet_train/N/N1222.jpg,N,train
data/raw/asl_alphabet_train/N/N2823.jpg,N,train
data/raw/asl_alphabet_train/N/N852.jpg,N,train
data/raw/asl_alphabet_train/N/N1002.jpg,N,train
data/raw/asl_alphabet_train/N/N213.jpg,N,train
data/raw/asl_alphabet_train/N/N2801.jpg,N,train
data/raw/asl_alphabet_train/N/N2078.jpg,N,train
data/raw/asl_alphabet_train/N/N2121.jpg,N,train
data/raw/asl_alphabet_train/N/N392.jpg,N,train
data/raw/asl_alphabet_train/N/N2379.jpg,N,train
data/raw/asl_alphabet_train/N/N415.jpg,N,train
data/raw/asl_alphabet_train/N/N1161.jpg,N,train
data/raw/asl_alphabet_train/N/N524.jpg,N,train
data/raw/asl_alphabet_train/N/N2616.jpg,N,train
data/raw/asl_alphabet_train/N/N2784.jpg,N,train
data/raw/asl_alphabet_train/N/N1316.jpg,N,train
data/raw/asl_alphabet_train/N/N1152.jpg,N,train
data/raw/asl_alphabet_train/N/N1857.jpg,N,train
data/raw/asl_alphabet_train/N/N1884.jpg,N,train
data/raw/asl_alphabet_train/N/N1420.jpg,N,train
data/raw/asl_alphabet_train/N/N492.jpg,N,train
data/raw/asl_alphabet_train/N/N2541.jpg,N,train
data/raw/asl_alphabet_train/N/N2951.jpg,N,train
data/raw/asl_alphabet_train/N/N510.jpg,N,train
data/raw/asl_alphabet_train/N/N2972.jpg,N,train
data/raw/asl_alphabet_train/N/N2970.jpg,N,train
data/raw/asl_alphabet_train/N/N2157.jpg,N,train
data/raw/asl_alphabet_train/N/N2892.jpg,N,train
data/raw/asl_alphabet_train/N/N712.jpg,N,train
data/raw/asl_alphabet_train/N/N2639.jpg,N,train
data/raw/asl_alphabet_train/N/N2082.jpg,N,train
data/raw/asl_alphabet_train/N/N2714.jpg,N,train
data/raw/asl_alphabet_train/N/N2986.jpg,N,train
data/raw/asl_alphabet_train/N/N1213.jpg,N,train
data/raw/asl_alphabet_train/N/N668.jpg,N,train
data/raw/asl_alphabet_train/N/N2060.jpg,N,train
data/raw/asl_alphabet_train/N/N1182.jpg,N,train
data/raw/asl_alphabet_train/N/N2623.jpg,N,train
data/raw/asl_alphabet_train/N/N2106.jpg,N,train
data/raw/asl_alphabet_train/N/N1853.jpg,N,train
data/raw/asl_alphabet_train/N/N1200.jpg,N,train
data/raw/asl_alphabet_train/N/N1786.jpg,N,train
data/raw/asl_alphabet_train/N/N2882.jpg,N,train
data/raw/asl_alphabet_train/N/N2357.jpg,N,train
data/raw/asl_alphabet_train/N/N521.jpg,N,train
data/raw/asl_alphabet_train/N/N1774.jpg,N,train
data/raw/asl_alphabet_train/N/N2325.jpg,N,train
data/raw/asl_alphabet_train/N/N5.jpg,N,train
data/raw/asl_alphabet_train/N/N325.jpg,N,train
data/raw/asl_alphabet_train/N/N1348.jpg,N,train
data/raw/asl_alphabet_train/N/N722.jpg,N,train
data/raw/asl_alphabet_train/N/N1756.jpg,N,train
data/raw/asl_alphabet_train/N/N1470.jpg,N,train
data/raw/asl_alphabet_train/N/N1337.jpg,N,train
data/raw/asl_alphabet_train/N/N2304.jpg,N,train
data/raw/asl_alphabet_train/N/N771.jpg,N,train
data/raw/asl_alphabet_train/N/N685.jpg,N,train
data/raw/asl_alphabet_train/N/N2272.jpg,N,train
data/raw/asl_alphabet_train/N/N320.jpg,N,train
data/raw/asl_alphabet_train/N/N1239.jpg,N,train
data/raw/asl_alphabet_train/N/N2529.jpg,N,train
data/raw/asl_alphabet_train/N/N110.jpg,N,train
data/raw/asl_alphabet_train/N/N1226.jpg,N,train
data/raw/asl_alphabet_train/N/N2098.jpg,N,train
data/raw/asl_alphabet_train/N/N1631.jpg,N,train
data/raw/asl_alphabet_train/N/N1082.jpg,N,train
data/raw/asl_alphabet_train/N/N1264.jpg,N,train
data/raw/asl_alphabet_train/N/N274.jpg,N,train
data/raw/asl_alphabet_train/N/N43.jpg,N,train
data/raw/asl_alphabet_train/N/N1741.jpg,N,train
data/raw/asl_alphabet_train/N/N845.jpg,N,train
data/raw/asl_alphabet_train/N/N2326.jpg,N,train
data/raw/asl_alphabet_train/N/N1768.jpg,N,train
data/raw/asl_alphabet_train/N/N2291.jpg,N,train
data/raw/asl_alphabet_train/N/N1866.jpg,N,train
data/raw/asl_alphabet_train/N/N958.jpg,N,train
data/raw/asl_alphabet_train/N/N389.jpg,N,train
data/raw/asl_alphabet_train/N/N1228.jpg,N,train
data/raw/asl_alphabet_train/N/N828.jpg,N,train
data/raw/asl_alphabet_train/N/N139.jpg,N,train
data/raw/asl_alphabet_train/N/N1425.jpg,N,train
data/raw/asl_alphabet_train/N/N2488.jpg,N,train
data/raw/asl_alphabet_train/N/N2658.jpg,N,train
data/raw/asl_alphabet_train/N/N489.jpg,N,train
data/raw/asl_alphabet_train/N/N2902.jpg,N,train
data/raw/asl_alphabet_train/N/N2757.jpg,N,train
data/raw/asl_alphabet_train/N/N928.jpg,N,train
data/raw/asl_alphabet_train/N/N395.jpg,N,train
data/raw/asl_alphabet_train/N/N1500.jpg,N,train
data/raw/asl_alphabet_train/N/N488.jpg,N,train
data/raw/asl_alphabet_train/N/N791.jpg,N,train
data/raw/asl_alphabet_train/N/N1661.jpg,N,train
data/raw/asl_alphabet_train/N/N1958.jpg,N,train
data/raw/asl_alphabet_train/N/N270.jpg,N,train
data/raw/asl_alphabet_train/N/N228.jpg,N,train
data/raw/asl_alphabet_train/N/N923.jpg,N,train
data/raw/asl_alphabet_train/N/N1604.jpg,N,train
data/raw/asl_alphabet_train/N/N2664.jpg,N,train
data/raw/asl_alphabet_train/N/N2818.jpg,N,train
data/raw/asl_alphabet_train/N/N1805.jpg,N,train
data/raw/asl_alphabet_train/N/N28.jpg,N,train
data/raw/asl_alphabet_train/N/N2009.jpg,N,train
data/raw/asl_alphabet_train/N/N1323.jpg,N,train
data/raw/asl_alphabet_train/N/N2855.jpg,N,train
data/raw/asl_alphabet_train/N/N2351.jpg,N,train
data/raw/asl_alphabet_train/N/N1849.jpg,N,train
data/raw/asl_alphabet_train/N/N1989.jpg,N,train
data/raw/asl_alphabet_train/N/N1059.jpg,N,train
data/raw/asl_alphabet_train/N/N1133.jpg,N,train
data/raw/asl_alphabet_train/N/N2775.jpg,N,train
data/raw/asl_alphabet_train/N/N278.jpg,N,train
data/raw/asl_alphabet_train/N/N2760.jpg,N,train
data/raw/asl_alphabet_train/N/N2024.jpg,N,train
data/raw/asl_alphabet_train/N/N1833.jpg,N,train
data/raw/asl_alphabet_train/N/N2789.jpg,N,train
data/raw/asl_alphabet_train/N/N1388.jpg,N,train
data/raw/asl_alphabet_train/N/N201.jpg,N,train
data/raw/asl_alphabet_train/N/N235.jpg,N,train
data/raw/asl_alphabet_train/N/N1276.jpg,N,train
data/raw/asl_alphabet_train/N/N1169.jpg,N,train
data/raw/asl_alphabet_train/N/N1718.jpg,N,train
data/raw/asl_alphabet_train/N/N330.jpg,N,train
data/raw/asl_alphabet_train/N/N2158.jpg,N,train
data/raw/asl_alphabet_train/N/N1850.jpg,N,train
data/raw/asl_alphabet_train/N/N1491.jpg,N,train
data/raw/asl_alphabet_train/N/N338.jpg,N,train
data/raw/asl_alphabet_train/N/N1731.jpg,N,train
data/raw/asl_alphabet_train/N/N1971.jpg,N,train
data/raw/asl_alphabet_train/N/N617.jpg,N,train
data/raw/asl_alphabet_train/N/N1309.jpg,N,train
data/raw/asl_alphabet_train/N/N1782.jpg,N,train
data/raw/asl_alphabet_train/N/N1007.jpg,N,train
data/raw/asl_alphabet_train/N/N535.jpg,N,train
data/raw/asl_alphabet_train/N/N1457.jpg,N,train
data/raw/asl_alphabet_train/N/N2184.jpg,N,train
data/raw/asl_alphabet_train/N/N882.jpg,N,train
data/raw/asl_alphabet_train/N/N1246.jpg,N,train
data/raw/asl_alphabet_train/N/N2181.jpg,N,train
data/raw/asl_alphabet_train/N/N2263.jpg,N,train
data/raw/asl_alphabet_train/N/N2183.jpg,N,train
data/raw/asl_alphabet_train/N/N1401.jpg,N,train
data/raw/asl_alphabet_train/N/N1978.jpg,N,train
data/raw/asl_alphabet_train/N/N2632.jpg,N,train
data/raw/asl_alphabet_train/N/N2669.jpg,N,train
data/raw/asl_alphabet_train/N/N1269.jpg,N,val
data/raw/asl_alphabet_train/N/N361.jpg,N,val
data/raw/asl_alphabet_train/N/N2469.jpg,N,val
data/raw/asl_alphabet_train/N/N1244.jpg,N,val
data/raw/asl_alphabet_train/N/N449.jpg,N,val
data/raw/asl_alphabet_train/N/N794.jpg,N,val
data/raw/asl_alphabet_train/N/N993.jpg,N,val
data/raw/asl_alphabet_train/N/N423.jpg,N,val
data/raw/asl_alphabet_train/N/N931.jpg,N,val
data/raw/asl_alphabet_train/N/N2176.jpg,N,val
data/raw/asl_alphabet_train/N/N817.jpg,N,val
data/raw/asl_alphabet_train/N/N1339.jpg,N,val
data/raw/asl_alphabet_train/N/N2245.jpg,N,val
data/raw/asl_alphabet_train/N/N2443.jpg,N,val
data/raw/asl_alphabet_train/N/N1449.jpg,N,val
data/raw/asl_alphabet_train/N/N1176.jpg,N,val
data/raw/asl_alphabet_train/N/N2628.jpg,N,val
data/raw/asl_alphabet_train/N/N1703.jpg,N,val
data/raw/asl_alphabet_train/N/N2826.jpg,N,val
data/raw/asl_alphabet_train/N/N2370.jpg,N,val
data/raw/asl_alphabet_train/N/N1257.jpg,N,val
data/raw/asl_alphabet_train/N/N1585.jpg,N,val
data/raw/asl_alphabet_train/N/N1468.jpg,N,val
data/raw/asl_alphabet_train/N/N1368.jpg,N,val
data/raw/asl_alphabet_train/N/N2773.jpg,N,val
data/raw/asl_alphabet_train/N/N385.jpg,N,val
data/raw/asl_alphabet_train/N/N2742.jpg,N,val
data/raw/asl_alphabet_train/N/N1178.jpg,N,val
data/raw/asl_alphabet_train/N/N1155.jpg,N,val
data/raw/asl_alphabet_train/N/N1140.jpg,N,val
data/raw/asl_alphabet_train/N/N1719.jpg,N,val
data/raw/asl_alphabet_train/N/N2070.jpg,N,val
data/raw/asl_alphabet_train/N/N2829.jpg,N,val
data/raw/asl_alphabet_train/N/N825.jpg,N,val
data/raw/asl_alphabet_train/N/N2167.jpg,N,val
data/raw/asl_alphabet_train/N/N1189.jpg,N,val
data/raw/asl_alphabet_train/N/N435.jpg,N,val
data/raw/asl_alphabet_train/N/N675.jpg,N,val
data/raw/asl_alphabet_train/N/N2222.jpg,N,val
data/raw/asl_alphabet_train/N/N652.jpg,N,val
data/raw/asl_alphabet_train/N/N2610.jpg,N,val
data/raw/asl_alphabet_train/N/N517.jpg,N,val
data/raw/asl_alphabet_train/N/N1839.jpg,N,val
data/raw/asl_alphabet_train/N/N9.jpg,N,val
data/raw/asl_alphabet_train/N/N2069.jpg,N,val
data/raw/asl_alphabet_train/N/N1961.jpg,N,val
data/raw/asl_alphabet_train/N/N1640.jpg,N,val
data/raw/asl_alphabet_train/N/N2025.jpg,N,val
data/raw/asl_alphabet_train/N/N1436.jpg,N,val
data/raw/asl_alphabet_train/N/N2435.jpg,N,val
data/raw/asl_alphabet_train/N/N1651.jpg,N,val
data/raw/asl_alphabet_train/N/N654.jpg,N,val
data/raw/asl_alphabet_train/N/N1045.jpg,N,val
data/raw/asl_alphabet_train/N/N1545.jpg,N,val
data/raw/asl_alphabet_train/N/N2380.jpg,N,val
data/raw/asl_alphabet_train/N/N2360.jpg,N,val
data/raw/asl_alphabet_train/N/N2506.jpg,N,val
data/raw/asl_alphabet_train/N/N2927.jpg,N,val
data/raw/asl_alphabet_train/N/N946.jpg,N,val
data/raw/asl_alphabet_train/N/N2922.jpg,N,val
data/raw/asl_alphabet_train/N/N1004.jpg,N,val
data/raw/asl_alphabet_train/N/N664.jpg,N,val
data/raw/asl_alphabet_train/N/N671.jpg,N,val
data/raw/asl_alphabet_train/N/N974.jpg,N,val
data/raw/asl_alphabet_train/N/N2383.jpg,N,val
data/raw/asl_alphabet_train/N/N2423.jpg,N,val
data/raw/asl_alphabet_train/N/N494.jpg,N,val
data/raw/asl_alphabet_train/N/N2213.jpg,N,val
data/raw/asl_alphabet_train/N/N1147.jpg,N,val
data/raw/asl_alphabet_train/N/N2633.jpg,N,val
data/raw/asl_alphabet_train/N/N196.jpg,N,val
data/raw/asl_alphabet_train/N/N614.jpg,N,val
data/raw/asl_alphabet_train/N/N2086.jpg,N,val
data/raw/asl_alphabet_train/N/N1497.jpg,N,val
data/raw/asl_alphabet_train/N/N1982.jpg,N,val
data/raw/asl_alphabet_train/N/N1618.jpg,N,val
data/raw/asl_alphabet_train/N/N1136.jpg,N,val
data/raw/asl_alphabet_train/N/N2792.jpg,N,val
data/raw/asl_alphabet_train/N/N2063.jpg,N,val
data/raw/asl_alphabet_train/N/N573.jpg,N,val
data/raw/asl_alphabet_train/N/N2052.jpg,N,val
data/raw/asl_alphabet_train/N/N1259.jpg,N,val
data/raw/asl_alphabet_train/N/N2619.jpg,N,val
data/raw/asl_alphabet_train/N/N1945.jpg,N,val
data/raw/asl_alphabet_train/N/N112.jpg,N,val
data/raw/asl_alphabet_train/N/N1390.jpg,N,val
data/raw/asl_alphabet_train/N/N2816.jpg,N,val
data/raw/asl_alphabet_train/N/N1046.jpg,N,val
data/raw/asl_alphabet_train/N/N2253.jpg,N,val
data/raw/asl_alphabet_train/N/N1636.jpg,N,val
data/raw/asl_alphabet_train/N/N916.jpg,N,test
data/raw/asl_alphabet_train/N/N1872.jpg,N,test
data/raw/asl_alphabet_train/N/N2849.jpg,N,test
data/raw/asl_alphabet_train/N/N1571.jpg,N,test
data/raw/asl_alphabet_train/N/N264.jpg,N,test
data/raw/asl_alphabet_train/N/N2989.jpg,N,test
data/raw/asl_alphabet_train/N/N1736.jpg,N,test
data/raw/asl_alphabet_train/N/N1680.jpg,N,test
data/raw/asl_alphabet_train/N/N1739.jpg,N,test
data/raw/asl_alphabet_train/N/N1128.jpg,N,test
data/raw/asl_alphabet_train/N/N798.jpg,N,test
data/raw/asl_alphabet_train/N/N2860.jpg,N,test
data/raw/asl_alphabet_train/N/N613.jpg,N,test
data/raw/asl_alphabet_train/N/N2464.jpg,N,test
data/raw/asl_alphabet_train/N/N2107.jpg,N,test
data/raw/asl_alphabet_train/N/N2687.jpg,N,test
data/raw/asl_alphabet_train/N/N2327.jpg,N,test
data/raw/asl_alphabet_train/N/N498.jpg,N,test
data/raw/asl_alphabet_train/N/N969.jpg,N,test
data/raw/asl_alphabet_train/N/N267.jpg,N,test
data/raw/asl_alphabet_train/N/N344.jpg,N,test
data/raw/asl_alphabet_train/N/N68.jpg,N,test
data/raw/asl_alphabet_train/N/N1343.jpg,N,test
data/raw/asl_alphabet_train/N/N1156.jpg,N,test
data/raw/asl_alphabet_train/N/N823.jpg,N,test
data/raw/asl_alphabet_train/N/N1324.jpg,N,test
data/raw/asl_alphabet_train/N/N841.jpg,N,test
data/raw/asl_alphabet_train/N/N46.jpg,N,test
data/raw/asl_alphabet_train/N/N1267.jpg,N,test
data/raw/asl_alphabet_train/N/N281.jpg,N,test
data/raw/asl_alphabet_train/N/N2310.jpg,N,test
data/raw/asl_alphabet_train/N/N2507.jpg,N,test
data/raw/asl_alphabet_train/N/N1552.jpg,N,test
data/raw/asl_alphabet_train/N/N2863.jpg,N,test
data/raw/asl_alphabet_train/N/N80.jpg,N,test
data/raw/asl_alphabet_train/N/N1255.jpg,N,test
data/raw/asl_alphabet_train/N/N2745.jpg,N,test
data/raw/asl_alphabet_train/N/N2837.jpg,N,test
data/raw/asl_alphabet_train/N/N1831.jpg,N,test
data/raw/asl_alphabet_train/N/N1289.jpg,N,test
data/raw/asl_alphabet_train/N/N2180.jpg,N,test
data/raw/asl_alphabet_train/N/N2397.jpg,N,test
data/raw/asl_alphabet_train/N/N26.jpg,N,test
data/raw/asl_alphabet_train/N/N2108.jpg,N,test
data/raw/asl_alphabet_train/N/N1341.jpg,N,test
data/raw/asl_alphabet_train/N/N425.jpg,N,test
data/raw/asl_alphabet_train/N/N971.jpg,N,test
data/raw/asl_alphabet_train/N/N1916.jpg,N,test
data/raw/asl_alphabet_train/N/N578.jpg,N,test
data/raw/asl_alphabet_train/N/N2097.jpg,N,test
data/raw/asl_alphabet_train/N/N968.jpg,N,test
data/raw/asl_alphabet_train/N/N33.jpg,N,test
data/raw/asl_alphabet_train/N/N1089.jpg,N,test
data/raw/asl_alphabet_train/N/N1838.jpg,N,test
data/raw/asl_alphabet_train/N/N683.jpg,N,test
data/raw/asl_alphabet_train/N/N1042.jpg,N,test
data/raw/asl_alphabet_train/N/N2424.jpg,N,test
data/raw/asl_alphabet_train/N/N1717.jpg,N,test
data/raw/asl_alphabet_train/N/N837.jpg,N,test
data/raw/asl_alphabet_train/N/N865.jpg,N,test
data/raw/asl_alphabet_train/N/N83.jpg,N,test
data/raw/asl_alphabet_train/N/N2113.jpg,N,test
data/raw/asl_alphabet_train/N/N2231.jpg,N,test
data/raw/asl_alphabet_train/N/N647.jpg,N,test
data/raw/asl_alphabet_train/N/N2039.jpg,N,test
data/raw/asl_alphabet_train/N/N2350.jpg,N,test
data/raw/asl_alphabet_train/N/N766.jpg,N,test
data/raw/asl_alphabet_train/N/N1544.jpg,N,test
data/raw/asl_alphabet_train/N/N474.jpg,N,test
data/raw/asl_alphabet_train/N/N1503.jpg,N,test
data/raw/asl_alphabet_train/N/N1124.jpg,N,test
data/raw/asl_alphabet_train/N/N2237.jpg,N,test
data/raw/asl_alphabet_train/N/N1620.jpg,N,test
data/raw/asl_alphabet_train/N/N1513.jpg,N,test
data/raw/asl_alphabet_train/N/N2844.jpg,N,test
data/raw/asl_alphabet_train/N/N610.jpg,N,test
data/raw/asl_alphabet_train/N/N355.jpg,N,test
data/raw/asl_alphabet_train/N/N254.jpg,N,test
data/raw/asl_alphabet_train/N/N1761.jpg,N,test
data/raw/asl_alphabet_train/N/N1577.jpg,N,test
data/raw/asl_alphabet_train/N/N1837.jpg,N,test
data/raw/asl_alphabet_train/N/N2260.jpg,N,test
data/raw/asl_alphabet_train/N/N2468.jpg,N,test
data/raw/asl_alphabet_train/N/N120.jpg,N,test
data/raw/asl_alphabet_train/N/N1433.jpg,N,test
data/raw/asl_alphabet_train/N/N1936.jpg,N,test
data/raw/asl_alphabet_train/N/N1422.jpg,N,test
data/raw/asl_alphabet_train/N/N1297.jpg,N,test
data/raw/asl_alphabet_train/N/N1409.jpg,N,test
data/raw/asl_alphabet_train/N/N827.jpg,N,test
data/raw/asl_alphabet_train/O/O620.jpg,O,train
data/raw/asl_alphabet_train/O/O1986.jpg,O,train
data/raw/asl_alphabet_train/O/O2956.jpg,O,train
data/raw/asl_alphabet_train/O/O772.jpg,O,train
data/raw/asl_alphabet_train/O/O363.jpg,O,train
data/raw/asl_alphabet_train/O/O2652.jpg,O,train
data/raw/asl_alphabet_train/O/O428.jpg,O,train
data/raw/asl_alphabet_train/O/O1033.jpg,O,train
data/raw/asl_alphabet_train/O/O31.jpg,O,train
data/raw/asl_alphabet_train/O/O2512.jpg,O,train
data/raw/asl_alphabet_train/O/O100.jpg,O,train
data/raw/asl_alphabet_train/O/O291.jpg,O,train
data/raw/asl_alphabet_train/O/O1444.jpg,O,train
data/raw/asl_alphabet_train/O/O2650.jpg,O,train
data/raw/asl_alphabet_train/O/O19.jpg,O,train
data/raw/asl_alphabet_train/O/O1750.jpg,O,train
data/raw/asl_alphabet_train/O/O1664.jpg,O,train
data/raw/asl_alphabet_train/O/O2403.jpg,O,train
data/raw/asl_alphabet_train/O/O2173.jpg,O,train
data/raw/asl_alphabet_train/O/O2881.jpg,O,train
data/raw/asl_alphabet_train/O/O1800.jpg,O,train
data/raw/asl_alphabet_train/O/O657.jpg,O,train
data/raw/asl_alphabet_train/O/O2571.jpg,O,train
data/raw/asl_alphabet_train/O/O226.jpg,O,train
data/raw/asl_alphabet_train/O/O1452.jpg,O,train
data/raw/asl_alphabet_train/O/O1697.jpg,O,train
data/raw/asl_alphabet_train/O/O2108.jpg,O,train
data/raw/asl_alphabet_train/O/O910.jpg,O,train
data/raw/asl_alphabet_train/O/O2347.jpg,O,train
data/raw/asl_alphabet_train/O/O2913.jpg,O,train
data/raw/asl_alphabet_train/O/O271.jpg,O,train
data/raw/asl_alphabet_train/O/O1847.jpg,O,train
data/raw/asl_alphabet_train/O/O2330.jpg,O,train
data/raw/asl_alphabet_train/O/O2482.jpg,O,train
data/raw/asl_alphabet_train/O/O958.jpg,O,train
data/raw/asl_alphabet_train/O/O1275.jpg,O,train
data/raw/asl_alphabet_train/O/O2496.jpg,O,train
data/raw/asl_alphabet_train/O/O952.jpg,O,train
data/raw/asl_alphabet_train/O/O2866.jpg,O,train
data/raw/asl_alphabet_train/O/O2075.jpg,O,train
data/raw/asl_alphabet_train/O/O287.jpg,O,train
data/raw/asl_alphabet_train/O/O2717.jpg,O,train
data/raw/asl_alphabet_train/O/O2236.jpg,O,train
data/raw/asl_alphabet_train/O/O88.jpg,O,train
data/raw/asl_alphabet_train/O/O530.jpg,O,train
data/raw/asl_alphabet_train/O/O603.jpg,O,train
data/raw/asl_alphabet_train/O/O528.jpg,O,train
data/raw/asl_alphabet_train/O/O1454.jpg,O,train
data/raw/asl_alphabet_train/O/O2758.jpg,O,train
data/raw/asl_alphabet_train/O/O17.jpg,O,train
data/raw/asl_alphabet_train/O/O979.jpg,O,train
data/raw/asl_alphabet_train/O/O1026.jpg,O,train
data/raw/asl_alphabet_train/O/O1158.jpg,O,train
data/raw/asl_alphabet_train/O/O1367.jpg,O,train
data/raw/asl_alphabet_train/O/O387.jpg,O,train
data/raw/asl_alphabet_train/O/O1989.jpg,O,train
data/raw/asl_alphabet_train/O/O1619.jpg,O,train
data/raw/asl_alphabet_train/O/O1411.jpg,O,train
data/raw/asl_alphabet_train/O/O1939.jpg,O,train
data/raw/asl_alphabet_train/O/O681.jpg,O,train
data/raw/asl_alphabet_train/O/O2520.jpg,O,train
data/raw/asl_alphabet_train/O/O2767.jpg,O,train
data/raw/asl_alphabet_train/O/O1101.jpg,O,train
data/raw/asl_alphabet_train/O/O2324.jpg,O,train
data/raw/asl_alphabet_train/O/O146.jpg,O,train
data/raw/asl_alphabet_train/O/O2294.jpg,O,train
data/raw/asl_alphabet_train/O/O1713.jpg,O,train
data/raw/asl_alphabet_train/O/O524.jpg,O,train
data/raw/asl_alphabet_train/O/O2643.jpg,O,train
data/raw/asl_alphabet_train/O/O425.jpg,O,train
data/raw/asl_alphabet_train/O/O2671.jpg,O,train
data/raw/asl_alphabet_train/O/O119.jpg,O,train
data/raw/asl_alphabet_train/O/O2263.jpg,O,train
data/raw/asl_alphabet_train/O/O994.jpg,O,train
data/raw/asl_alphabet_train/O/O1687.jpg,O,train
data/raw/asl_alphabet_train/O/O150.jpg,O,train
data/raw/asl_alphabet_train/O/O1430.jpg,O,train
data/raw/asl_alphabet_train/O/O2905.jpg,O,train
data/raw/asl_alphabet_train/O/O2026.jpg,O,train
data/raw/asl_alphabet_train/O/O963.jpg,O,train
data/raw/asl_alphabet_train/O/O1011.jpg,O,train
data/raw/asl_alphabet_train/O/O1533.jpg,O,train
data/raw/asl_alphabet_train/O/O1346.jpg,O,train
data/raw/asl_alphabet_train/O/O2518.jpg,O,train
data/raw/asl_alphabet_train/O/O562.jpg,O,train
data/raw/asl_alphabet_train/O/O1384.jpg,O,train
data/raw/asl_alphabet_train/O/O2056.jpg,O,train
data/raw/asl_alphabet_train/O/O906.jpg,O,train
data/raw/asl_alphabet_train/O/O2113.jpg,O,train
data/raw/asl_alphabet_train/O/O131.jpg,O,train
data/raw/asl_alphabet_train/O/O1988.jpg,O,train
data/raw/asl_alphabet_train/O/O2784.jpg,O,train
data/raw/asl_alphabet_train/O/O218.jpg,O,train
data/raw/asl_alphabet_train/O/O2938.jpg,O,train
data/raw/asl_alphabet_train/O/O1096.jpg,O,train
data/raw/asl_alphabet_train/O/O2156.jpg,O,train
data/raw/asl_alphabet_train/O/O2777.jpg,O,train
data/raw/asl_alphabet_train/O/O489.jpg,O,train
data/raw/asl_alphabet_train/O/O933.jpg,O,train
data/raw/asl_alphabet_train/O/O616.jpg,O,train
data/raw/asl_alphabet_train/O/O1246.jpg,O,train
data/raw/asl_alphabet_train/O/O785.jpg,O,train
data/raw/asl_alphabet_train/O/O517.jpg,O,train
data/raw/asl_alphabet_train/O/O1748.jpg,O,train
data/raw/asl_alphabet_train/O/O2074.jpg,O,train
data/raw/asl_alphabet_train/O/O2282.jpg,O,train
data/raw/asl_alphabet_train/O/O388.jpg,O,train
data/raw/asl_alphabet_train/O/O1787.jpg,O,train
data/raw/asl_alphabet_train/O/O2390.jpg,O,train
data/raw/asl_alphabet_train/O/O1283.jpg,O,train
data/raw/asl_alphabet_train/O/O2080.jpg,O,train
data/raw/asl_alphabet_train/O/O1578.jpg,O,train
data/raw/asl_alphabet_train/O/O2471.jpg,O,train
data/raw/asl_alphabet_train/O/O1516.jpg,O,train
data/raw/asl_alphabet_train/O/O1416.jpg,O,train
data/raw/asl_alphabet_train/O/O123.jpg,O,train
data/raw/asl_alphabet_train/O/O2018.jpg,O,train
data/raw/asl_alphabet_train/O/O1871.jpg,O,train
data/raw/asl_alphabet_train/O/O1836.jpg,O,train
data/raw/asl_alphabet_train/O/O1830.jpg,O,train
data/raw/asl_alphabet_train/O/O355.jpg,O,train
data/raw/asl_alphabet_train/O/O380.jpg,O,train
data/raw/asl_alphabet_train/O/O2843.jpg,O,train
data/raw/asl_alphabet_train/O/O382.jpg,O,train
data/raw/asl_alphabet_train/O/O1260.jpg,O,train
data/raw/asl_alphabet_train/O/O816.jpg,O,train
data/raw/asl_alphabet_train/O/O148.jpg,O,train
data/raw/asl_alphabet_train/O/O1164.jpg,O,train
data/raw/asl_alphabet_train/O/O2564.jpg,O,train
data/raw/asl_alphabet_train/O/O2262.jpg,O,train
data/raw/asl_alphabet_train/O/O53.jpg,O,train
data/raw/asl_alphabet_train/O/O983.jpg,O,train
data/raw/asl_alphabet_train/O/O2053.jpg,O,train
data/raw/asl_alphabet_train/O/O2813.jpg,O,train
data/raw/asl_alphabet_train/O/O2974.jpg,O,train
data/raw/asl_alphabet_train/O/O670.jpg,O,train
data/raw/asl_alphabet_train/O/O1261.jpg,O,train
data/raw/asl_alphabet_train/O/O2003.jpg,O,train
data/raw/asl_alphabet_train/O/O2414.jpg,O,train
data/raw/asl_alphabet_train/O/O310.jpg,O,train
data/raw/asl_alphabet_train/O/O200.jpg,O,train
data/raw/asl_alphabet_train/O/O2780.jpg,O,train
data/raw/asl_alphabet_train/O/O2284.jpg,O,train
data/raw/asl_alphabet_train/O/O2300.jpg,O,train
data/raw/asl_alphabet_train/O/O846.jpg,O,train
data/raw/asl_alphabet_train/O/O1964.jpg,O,train
data/raw/asl_alphabet_train/O/O980.jpg,O,train
data/raw/asl_alphabet_train/O/O2684.jpg,O,train
data/raw/asl_alphabet_train/O/O491.jpg,O,train
data/raw/asl_alphabet_train/O/O234.jpg,O,train
data/raw/asl_alphabet_train/O/O1154.jpg,O,train
data/raw/asl_alphabet_train/O/O342.jpg,O,train
data/raw/asl_alphabet_train/O/O457.jpg,O,train
data/raw/asl_alphabet_train/O/O2912.jpg,O,train
data/raw/asl_alphabet_train/O/O1804.jpg,O,train
data/raw/asl_alphabet_train/O/O1738.jpg,O,train
data/raw/asl_alphabet_train/O/O988.jpg,O,train
data/raw/asl_alphabet_train/O/O235.jpg,O,train
data/raw/asl_alphabet_train/O/O1895.jpg,O,train
data/raw/asl_alphabet_train/O/O1707.jpg,O,train
data/raw/asl_alphabet_train/O/O460.jpg,O,train
data/raw/asl_alphabet_train/O/O2472.jpg,O,train
data/raw/asl_alphabet_train/O/O1692.jpg,O,train
data/raw/asl_alphabet_train/O/O559.jpg,O,train
data/raw/asl_alphabet_train/O/O1570.jpg,O,train
data/raw/asl_alphabet_train/O/O364.jpg,O,train
data/raw/asl_alphabet_train/O/O1534.jpg,O,train
data/raw/asl_alphabet_train/O/O346.jpg,O,train
data/raw/asl_alphabet_train/O/O2386.jpg,O,train
data/raw/asl_alphabet_train/O/O596.jpg,O,train
data/raw/asl_alphabet_train/O/O2412.jpg,O,train
data/raw/asl_alphabet_train/O/O813.jpg,O,train
data/raw/asl_alphabet_train/O/O2975.jpg,O,train
data/raw/asl_alphabet_train/O/O1350.jpg,O,train
data/raw/asl_alphabet_train/O/O2585.jpg,O,train
data/raw/asl_alphabet_train/O/O54.jpg,O,train
data/raw/asl_alphabet_train/O/O1215.jpg,O,train
data/raw/asl_alphabet_train/O/O2648.jpg,O,train
data/raw/asl_alphabet_train/O/O2999.jpg,O,train
data/raw/asl_alphabet_train/O/O458.jpg,O,train
data/raw/asl_alphabet_train/O/O871.jpg,O,train
data/raw/asl_alphabet_train/O/O2715.jpg,O,train
data/raw/asl_alphabet_train/O/O494.jpg,O,train
data/raw/asl_alphabet_train/O/O2980.jpg,O,train
data/raw/asl_alphabet_train/O/O2785.jpg,O,train
data/raw/asl_alphabet_train/O/O2153.jpg,O,train
data/raw/asl_alphabet_train/O/O723.jpg,O,train
data/raw/asl_alphabet_train/O/O1641.jpg,O,train
data/raw/asl_alphabet_train/O/O1867.jpg,O,train
data/raw/asl_alphabet_train/O/O2037.jpg,O,train
data/raw/asl_alphabet_train/O/O210.jpg,O,train
data/raw/asl_alphabet_train/O/O780.jpg,O,train
data/raw/asl_alphabet_train/O/O2812.jpg,O,train
data/raw/asl_alphabet_train/O/O38.jpg,O,train
data/raw/asl_alphabet_train/O/O1241.jpg,O,train
data/raw/asl_alphabet_train/O/O2794.jpg,O,train
data/raw/asl_alphabet_train/O/O1277.jpg,O,train
data/raw/asl_alphabet_train/O/O1661.jpg,O,train
data/raw/asl_alphabet_train/O/O171.jpg,O,train
data/raw/asl_alphabet_train/O/O147.jpg,O,train
data/raw/asl_alphabet_train/O/O540.jpg,O,train
data/raw/asl_alphabet_train/O/O1295.jpg,O,train
data/raw/asl_alphabet_train/O/O2517.jpg,O,train
data/raw/asl_alphabet_train/O/O386.jpg,O,train
data/raw/asl_alphabet_train/O/O640.jpg,O,train
data/raw/asl_alphabet_train/O/O1163.jpg,O,train
data/raw/asl_alphabet_train/O/O1436.jpg,O,train
data/raw/asl_alphabet_train/O/O721.jpg,O,train
data/raw/asl_alphabet_train/O/O1893.jpg,O,train
data/raw/asl_alphabet_train/O/O1593.jpg,O,train
data/raw/asl_alphabet_train/O/O1685.jpg,O,train
data/raw/asl_alphabet_train/O/O1563.jpg,O,train
data/raw/asl_alphabet_train/O/O2349.jpg,O,train
data/raw/asl_alphabet_train/O/O611.jpg,O,train
data/raw/asl_alphabet_train/O/O2963.jpg,O,train
data/raw/asl_alphabet_train/O/O2313.jpg,O,train
data/raw/asl_alphabet_train/O/O1290.jpg,O,train
data/raw/asl_alphabet_train/O/O1287.jpg,O,train
data/raw/asl_alphabet_train/O/O974.jpg,O,train
data/raw/asl_alphabet_train/O/O2478.jpg,O,train
data/raw/asl_alphabet_train/O/O2380.jpg,O,train
data/raw/asl_alphabet_train/O/O1412.jpg,O,train
data/raw/asl_alphabet_train/O/O1971.jpg,O,train
data/raw/asl_alphabet_train/O/O2985.jpg,O,train
data/raw/asl_alphabet_train/O/O2751.jpg,O,train
data/raw/asl_alphabet_train/O/O94.jpg,O,train
data/raw/asl_alphabet_train/O/O2260.jpg,O,train
data/raw/asl_alphabet_train/O/O1274.jpg,O,train
data/raw/asl_alphabet_train/O/O84.jpg,O,train
data/raw/asl_alphabet_train/O/O2993.jpg,O,train
data/raw/asl_alphabet_train/O/O2966.jpg,O,train
data/raw/asl_alphabet_train/O/O1802.jpg,O,train
data/raw/asl_alphabet_train/O/O2466.jpg,O,train
data/raw/asl_alphabet_train/O/O632.jpg,O,train
data/raw/asl_alphabet_train/O/O99.jpg,O,train
data/raw/asl_alphabet_train/O/O202.jpg,O,train
data/raw/asl_alphabet_train/O/O2586.jpg,O,train
data/raw/asl_alphabet_train/O/O605.jpg,O,train
data/raw/asl_alphabet_train/O/O1999.jpg,O,train
data/raw/asl_alphabet_train/O/O956.jpg,O,train
data/raw/asl_alphabet_train/O/O2248.jpg,O,train
data/raw/asl_alphabet_train/O/O527.jpg,O,train
data/raw/asl_alphabet_train/O/O1354.jpg,O,train
data/raw/asl_alphabet_train/O/O2430.jpg,O,train
data/raw/asl_alphabet_train/O/O1595.jpg,O,train
data/raw/asl_alphabet_train/O/O2293.jpg,O,train
data/raw/asl_alphabet_train/O/O2299.jpg,O,train
data/raw/asl_alphabet_train/O/O139.jpg,O,train
data/raw/asl_alphabet_train/O/O295.jpg,O,train
data/raw/asl_alphabet_train/O/O1228.jpg,O,train
data/raw/asl_alphabet_train/O/O2801.jpg,O,train
data/raw/asl_alphabet_train/O/O2091.jpg,O,train
data/raw/asl_alphabet_train/O/O1645.jpg,O,train
data/raw/asl_alphabet_train/O/O1008.jpg,O,train
data/raw/asl_alphabet_train/O/O592.jpg,O,train
data/raw/asl_alphabet_train/O/O80.jpg,O,train
data/raw/asl_alphabet_train/O/O2310.jpg,O,train
data/raw/asl_alphabet_train/O/O1938.jpg,O,train
data/raw/asl_alphabet_train/O/O1035.jpg,O,train
data/raw/asl_alphabet_train/O/O1980.jpg,O,train
data/raw/asl_alphabet_train/O/O2226.jpg,O,train
data/raw/asl_alphabet_train/O/O1135.jpg,O,train
data/raw/asl_alphabet_train/O/O905.jpg,O,train
data/raw/asl_alphabet_train/O/O760.jpg,O,train
data/raw/asl_alphabet_train/O/O788.jpg,O,train
data/raw/asl_alphabet_train/O/O2388.jpg,O,train
data/raw/asl_alphabet_train/O/O2703.jpg,O,train
data/raw/asl_alphabet_train/O/O1628.jpg,O,train
data/raw/asl_alphabet_train/O/O1296.jpg,O,train
data/raw/asl_alphabet_train/O/O323.jpg,O,train
data/raw/asl_alphabet_train/O/O532.jpg,O,train
data/raw/asl_alphabet_train/O/O759.jpg,O,train
data/raw/asl_alphabet_train/O/O2428.jpg,O,train
data/raw/asl_alphabet_train/O/O1453.jpg,O,train
data/raw/asl_alphabet_train/O/O62.jpg,O,train
data/raw/asl_alphabet_train/O/O1180.jpg,O,train
data/raw/asl_alphabet_train/O/O429.jpg,O,train
data/raw/asl_alphabet_train/O/O981.jpg,O,train
data/raw/asl_alphabet_train/O/O2089.jpg,O,train
data/raw/asl_alphabet_train/O/O156.jpg,O,train
data/raw/asl_alphabet_train/O/O2231.jpg,O,train
data/raw/asl_alphabet_train/O/O1717.jpg,O,train
data/raw/asl_alphabet_train/O/O1632.jpg,O,train
data/raw/asl_alphabet_train/O/O224.jpg,O,train
data/raw/asl_alphabet_train/O/O1558.jpg,O,train
data/raw/asl_alphabet_train/O/O1216.jpg,O,train
data/raw/asl_alphabet_train/O/O2629.jpg,O,train
data/raw/asl_alphabet_train/O/O1865.jpg,O,train
data/raw/asl_alphabet_train/O/O2833.jpg,O,train
data/raw/asl_alphabet_train/O/O1877.jpg,O,train
data/raw/asl_alphabet_train/O/O812.jpg,O,train
data/raw/asl_alphabet_train/O/O1846.jpg,O,train
data/raw/asl_alphabet_train/O/O2137.jpg,O,train
data/raw/asl_alphabet_train/O/O44.jpg,O,train
data/raw/asl_alphabet_train/O/O2698.jpg,O,train
data/raw/asl_alphabet_train/O/O2582.jpg,O,train
data/raw/asl_alphabet_train/O/O1034.jpg,O,train
data/raw/asl_alphabet_train/O/O2192.jpg,O,train
data/raw/asl_alphabet_train/O/O1293.jpg,O,train
data/raw/asl_alphabet_train/O/O1537.jpg,O,train
data/raw/asl_alphabet_train/O/O1181.jpg,O,train
data/raw/asl_alphabet_train/O/O1540.jpg,O,train
data/raw/asl_alphabet_train/O/O2407.jpg,O,train
data/raw/asl_alphabet_train/O/O645.jpg,O,train
data/raw/asl_alphabet_train/O/O1791.jpg,O,train
data/raw/asl_alphabet_train/O/O104.jpg,O,train
data/raw/asl_alphabet_train/O/O1470.jpg,O,train
data/raw/asl_alphabet_train/O/O1937.jpg,O,train
data/raw/asl_alphabet_train/O/O220.jpg,O,train
data/raw/asl_alphabet_train/O/O885.jpg,O,train
data/raw/asl_alphabet_train/O/O349.jpg,O,train
data/raw/asl_alphabet_train/O/O39.jpg,O,train
data/raw/asl_alphabet_train/O/O1585.jpg,O,train
data/raw/asl_alphabet_train/O/O2317.jpg,O,train
data/raw/asl_alphabet_train/O/O2584.jpg,O,train
data/raw/asl_alphabet_train/O/O5.jpg,O,train
data/raw/asl_alphabet_train/O/O350.jpg,O,train
data/raw/asl_alphabet_train/O/O2683.jpg,O,train
data/raw/asl_alphabet_train/O/O609.jpg,O,train
data/raw/asl_alphabet_train/O/O1404.jpg,O,train
data/raw/asl_alphabet_train/O/O2510.jpg,O,train
data/raw/asl_alphabet_train/O/O179.jpg,O,train
data/raw/asl_alphabet_train/O/O106.jpg,O,train
data/raw/asl_alphabet_train/O/O857.jpg,O,train
data/raw/asl_alphabet_train/O/O692.jpg,O,train
data/raw/asl_alphabet_train/O/O2570.jpg,O,train
data/raw/asl_alphabet_train/O/O2596.jpg,O,train
data/raw/asl_alphabet_train/O/O2031.jpg,O,train
data/raw/asl_alphabet_train/O/O1652.jpg,O,train
data/raw/asl_alphabet_train/O/O604.jpg,O,train
data/raw/asl_alphabet_train/O/O2196.jpg,O,train
data/raw/asl_alphabet_train/O/O2198.jpg,O,train
data/raw/asl_alphabet_train/O/O1742.jpg,O,train
data/raw/asl_alphabet_train/O/O2892.jpg,O,train
data/raw/asl_alphabet_train/O/O2645.jpg,O,train
data/raw/asl_alphabet_train/O/O617.jpg,O,train
data/raw/asl_alphabet_train/O/O2259.jpg,O,train
data/raw/asl_alphabet_train/O/O162.jpg,O,train
data/raw/asl_alphabet_train/O/O1695.jpg,O,train
data/raw/asl_alphabet_train/O/O2174.jpg,O,train
data/raw/asl_alphabet_train/O/O1868.jpg,O,train
data/raw/asl_alphabet_train/O/O1596.jpg,O,train
data/raw/asl_alphabet_train/O/O567.jpg,O,train
data/raw/asl_alphabet_train/O/O231.jpg,O,train
data/raw/asl_alphabet_train/O/O2327.jpg,O,train
data/raw/asl_alphabet_train/O/O2602.jpg,O,train
data/raw/asl_alphabet_train/O/O2470.jpg,O,train
data/raw/asl_alphabet_train/O/O1761.jpg,O,train
data/raw/asl_alphabet_train/O/O2594.jpg,O,train
data/raw/asl_alphabet_train/O/O2992.jpg,O,train
data/raw/asl_alphabet_train/O/O858.jpg,O,train
data/raw/asl_alphabet_train/O/O2591.jpg,O,train
data/raw/asl_alphabet_train/O/O867.jpg,O,train
data/raw/asl_alphabet_train/O/O829.jpg,O,train
data/raw/asl_alphabet_train/O/O2245.jpg,O,train
data/raw/asl_alphabet_train/O/O664.jpg,O,train
data/raw/asl_alphabet_train/O/O435.jpg,O,train
data/raw/asl_alphabet_train/O/O1564.jpg,O,train
data/raw/asl_alphabet_train/O/O2183.jpg,O,train
data/raw/asl_alphabet_train/O/O2120.jpg,O,train
data/raw/asl_alphabet_train/O/O675.jpg,O,train
data/raw/asl_alphabet_train/O/O1243.jpg,O,train
data/raw/asl_alphabet_train/O/O1169.jpg,O,train
data/raw/asl_alphabet_train/O/O1913.jpg,O,train
data/raw/asl_alphabet_train/O/O2363.jpg,O,train
data/raw/asl_alphabet_train/O/O1566.jpg,O,train
data/raw/asl_alphabet_train/O/O2437.jpg,O,train
data/raw/asl_alphabet_train/O/O1636.jpg,O,train
data/raw/asl_alphabet_train/O/O2542.jpg,O,train
data/raw/asl_alphabet_train/O/O2689.jpg,O,train
data/raw/asl_alphabet_train/O/O1072.jpg,O,train
data/raw/asl_alphabet_train/O/O639.jpg,O,train
data/raw/asl_alphabet_train/O/O1082.jpg,O,train
data/raw/asl_alphabet_train/O/O125.jpg,O,train
data/raw/asl_alphabet_train/O/O1919.jpg,O,train
data/raw/asl_alphabet_train/O/O2484.jpg,O,train
data/raw/asl_alphabet_train/O/O581.jpg,O,train
data/raw/asl_alphabet_train/O/O2142.jpg,O,train
data/raw/asl_alphabet_train/O/O184.jpg,O,train
data/raw/asl_alphabet_train/O/O1349.jpg,O,train
data/raw/asl_alphabet_train/O/O2644.jpg,O,train
data/raw/asl_alphabet_train/O/O2079.jpg,O,train
data/raw/asl_alphabet_train/O/O1377.jpg,O,train
data/raw/asl_alphabet_train/O/O937.jpg,O,train
data/raw/asl_alphabet_train/O/O1250.jpg,O,train
data/raw/asl_alphabet_train/O/O876.jpg,O,train
data/raw/asl_alphabet_train/O/O2331.jpg,O,train
data/raw/asl_alphabet_train/O/O70.jpg,O,train
data/raw/asl_alphabet_train/O/O245.jpg,O,train
data/raw/asl_alphabet_train/O/O533.jpg,O,train
data/raw/asl_alphabet_train/O/O298.jpg,O,train
data/raw/asl_alphabet_train/O/O1439.jpg,O,train
data/raw/asl_alphabet_train/O/O913.jpg,O,train
data/raw/asl_alphabet_train/O/O1321.jpg,O,train
data/raw/asl_alphabet_train/O/O176.jpg,O,train
data/raw/asl_alphabet_train/O/O1966.jpg,O,train
data/raw/asl_alphabet_train/O/O1806.jpg,O,train
data/raw/asl_alphabet_train/O/O1522.jpg,O,train
data/raw/asl_alphabet_train/O/O1387.jpg,O,train
data/raw/asl_alphabet_train/O/O898.jpg,O,train
data/raw/asl_alphabet_train/O/O1819.jpg,O,train
data/raw/asl_alphabet_train/O/O2351.jpg,O,train
data/raw/asl_alphabet_train/O/O619.jpg,O,train
data/raw/asl_alphabet_train/O/O261.jpg,O,train
data/raw/asl_alphabet_train/O/O1157.jpg,O,train
data/raw/asl_alphabet_train/O/O1255.jpg,O,train
data/raw/asl_alphabet_train/O/O1651.jpg,O,train
data/raw/asl_alphabet_train/O/O1903.jpg,O,train
data/raw/asl_alphabet_train/O/O613.jpg,O,train
data/raw/asl_alphabet_train/O/O2061.jpg,O,train
data/raw/asl_alphabet_train/O/O72.jpg,O,train
data/raw/asl_alphabet_train/O/O629.jpg,O,train
data/raw/asl_alphabet_train/O/O378.jpg,O,train
data/raw/asl_alphabet_train/O/O2314.jpg,O,train
data/raw/asl_alphabet_train/O/O754.jpg,O,train
data/raw/asl_alphabet_train/O/O2063.jpg,O,train
data/raw/asl_alphabet_train/O/O2566.jpg,O,train
data/raw/asl_alphabet_train/O/O1128.jpg,O,train
data/raw/asl_alphabet_train/O/O892.jpg,O,train
data/raw/asl_alphabet_train/O/O2561.jpg,O,train
data/raw/asl_alphabet_train/O/O2090.jpg,O,val
data/raw/asl_alphabet_train/O/O1733.jpg,O,val
data/raw/asl_alphabet_train/O/O2315.jpg,O,val
data/raw/asl_alphabet_train/O/O2725.jpg,O,val
data/raw/asl_alphabet_train/O/O2277.jpg,O,val
data/raw/asl_alphabet_train/O/O339.jpg,O,val
data/raw/asl_alphabet_train/O/O891.jpg,O,val
data/raw/asl_alphabet_train/O/O2220.jpg,O,val
data/raw/asl_alphabet_train/O/O1624.jpg,O,val
data/raw/asl_alphabet_train/O/O2182.jpg,O,val
data/raw/asl_alphabet_train/O/O1735.jpg,O,val
data/raw/asl_alphabet_train/O/O2081.jpg,O,val
data/raw/asl_alphabet_train/O/O2998.jpg,O,val
data/raw/asl_alphabet_train/O/O2316.jpg,O,val
data/raw/asl_alphabet_train/O/O2457.jpg,O,val
data/raw/asl_alphabet_train/O/O312.jpg,O,val
data/raw/asl_alphabet_train/O/O1535.jpg,O,val
data/raw/asl_alphabet_train/O/O1828.jpg,O,val
data/raw/asl_alphabet_train/O/O238.jpg,O,val
data/raw/asl_alphabet_train/O/O82.jpg,O,val
data/raw/asl_alphabet_train/O/O854.jpg,O,val
data/raw/asl_alphabet_train/O/O1151.jpg,O,val
data/raw/asl_alphabet_train/O/O1649.jpg,O,val
data/raw/asl_alphabet_train/O/O2333.jpg,O,val
data/raw/asl_alphabet_train/O/O2748.jpg,O,val
data/raw/asl_alphabet_train/O/O1038.jpg,O,val
data/raw/asl_alphabet_train/O/O1513.jpg,O,val
data/raw/asl_alphabet_train/O/O233.jpg,O,val
data/raw/asl_alphabet_train/O/O1776.jpg,O,val
data/raw/asl_alphabet_train/O/O1805.jpg,O,val
data/raw/asl_alphabet_train/O/O422.jpg,O,val
data/raw/asl_alphabet_train/O/O2525.jpg,O,val
data/raw/asl_alphabet_train/O/O642.jpg,O,val
data/raw/asl_alphabet_train/O/O1309.jpg,O,val
data/raw/asl_alphabet_train/O/O516.jpg,O,val
data/raw/asl_alphabet_train/O/O615.jpg,O,val
data/raw/asl_alphabet_train/O/O2012.jpg,O,val
data/raw/asl_alphabet_train/O/O873.jpg,O,val
data/raw/asl_alphabet_train/O/O11.jpg,O,val
data/raw/asl_alphabet_train/O/O852.jpg,O,val
data/raw/asl_alphabet_train/O/O2884.jpg,O,val
data/raw/asl_alphabet_train/O/O2961.jpg,O,val
data/raw/asl_alphabet_train/O/O2342.jpg,O,val
data/raw/asl_alphabet_train/O/O2746.jpg,O,val
data/raw/asl_alphabet_train/O/O138.jpg,O,val
data/raw/asl_alphabet_train/O/O2439.jpg,O,val
data/raw/asl_alphabet_train/O/O2820.jpg,O,val
data/raw/asl_alphabet_train/O/O1620.jpg,O,val
data/raw/asl_alphabet_train/O/O659.jpg,O,val
data/raw/asl_alphabet_train/O/O1288.jpg,O,val
data/raw/asl_alphabet_train/O/O782.jpg,O,val
data/raw/asl_alphabet_train/O/O1376.jpg,O,val
data/raw/asl_alphabet_train/O/O1693.jpg,O,val
data/raw/asl_alphabet_train/O/O1548.jpg,O,val
data/raw/asl_alphabet_train/O/O1879.jpg,O,val
data/raw/asl_alphabet_train/O/O345.jpg,O,val
data/raw/asl_alphabet_train/O/O2143.jpg,O,val
data/raw/asl_alphabet_train/O/O2087.jpg,O,val
data/raw/asl_alphabet_train/O/O2620.jpg,O,val
data/raw/asl_alphabet_train/O/O2268.jpg,O,val
data/raw/asl_alphabet_train/O/O395.jpg,O,val
data/raw/asl_alphabet_train/O/O2207.jpg,O,val
data/raw/asl_alphabet_train/O/O1244.jpg,O,val
data/raw/asl_alphabet_train/O/O2040.jpg,O,val
data/raw/asl_alphabet_train/O/O1811.jpg,O,val
data/raw/asl_alphabet_train/O/O198.jpg,O,val
data/raw/asl_alphabet_train/O/O1355.jpg,O,val
data/raw/asl_alphabet_train/O/O751.jpg,O,val
data/raw/asl_alphabet_train/O/O2950.jpg,O,val
data/raw/asl_alphabet_train/O/O2203.jpg,O,val
data/raw/asl_alphabet_train/O/O2580.jpg,O,val
data/raw/asl_alphabet_train/O/O1042.jpg,O,val
data/raw/asl_alphabet_train/O/O1010.jpg,O,val
data/raw/asl_alphabet_train/O/O2379.jpg,O,val
data/raw/asl_alphabet_train/O/O1433.jpg,O,val
data/raw/asl_alphabet_train/O/O1654.jpg,O,val
data/raw/asl_alphabet_train/O/O482.jpg,O,val
data/raw/asl_alphabet_train/O/O1699.jpg,O,val
data/raw/asl_alphabet_train/O/O227.jpg,O,val
data/raw/asl_alphabet_train/O/O1031.jpg,O,val
data/raw/asl_alphabet_train/O/O2753.jpg,O,val
data/raw/asl_alphabet_train/O/O1736.jpg,O,val
data/raw/asl_alphabet_train/O/O2193.jpg,O,val
data/raw/asl_alphabet_train/O/O977.jpg,O,val
data/raw/asl_alphabet_train/O/O406.jpg,O,val
data/raw/asl_alphabet_train/O/O1947.jpg,O,val
data/raw/asl_alphabet_train/O/O2232.jpg,O,val
data/raw/asl_alphabet_train/O/O2694.jpg,O,val
data/raw/asl_alphabet_train/O/O1730.jpg,O,val
data/raw/asl_alphabet_train/O/O2249.jpg,O,val
data/raw/asl_alphabet_train/O/O1088.jpg,O,test
data/raw/asl_alphabet_train/O/O1681.jpg,O,test
data/raw/asl_alphabet_train/O/O1484.jpg,O,test
data/raw/asl_alphabet_train/O/O2433.jpg,O,test
data/raw/asl_alphabet_train/O/O2250.jpg,O,test
data/raw/asl_alphabet_train/O/O1356.jpg,O,test
data/raw/asl_alphabet_train/O/O656.jpg,O,test
data/raw/asl_alphabet_train/O/O669.jpg,O,test
data/raw/asl_alphabet_train/O/O1840.jpg,O,test
data/raw/asl_alphabet_train/O/O1044.jpg,O,test
data/raw/asl_alphabet_train/O/O2773.jpg,O,test
data/raw/asl_alphabet_train/O/O341.jpg,O,test
data/raw/asl_alphabet_train/O/O1792.jpg,O,test
data/raw/asl_alphabet_train/O/O1510.jpg,O,test
data/raw/asl_alphabet_train/O/O2634.jpg,O,test
data/raw/asl_alphabet_train/O/O1153.jpg,O,test
data/raw/asl_alphabet_train/O/O2856.jpg,O,test
data/raw/asl_alphabet_train/O/O2665.jpg,O,test
data/raw/asl_alphabet_train/O/O2043.jpg,O,test
data/raw/asl_alphabet_train/O/O1166.jpg,O,test
data/raw/asl_alphabet_train/O/O704.jpg,O,test
data/raw/asl_alphabet_train/O/O2908.jpg,O,test
data/raw/asl_alphabet_train/O/O672.jpg,O,test
data/raw/asl_alphabet_train/O/O2514.jpg,O,test
data/raw/asl_alphabet_train/O/O1755.jpg,O,test
data/raw/asl_alphabet_train/O/O1931.jpg,O,test
data/raw/asl_alphabet_train/O/O1102.jpg,O,test
data/raw/asl_alphabet_train/O/O1058.jpg,O,test
data/raw/asl_alphabet_train/O/O1254.jpg,O,test
data/raw/asl_alphabet_train/O/O1861.jpg,O,test
data/raw/asl_alphabet_train/O/O944.jpg,O,test
data/raw/asl_alphabet_train/O/O2576.jpg,O,test
data/raw/asl_alphabet_train/O/O716.jpg,O,test
data/raw/asl_alphabet_train/O/O266.jpg,O,test
data/raw/asl_alphabet_train/O/O362.jpg,O,test
data/raw/asl_alphabet_train/O/O36.jpg,O,test
data/raw/asl_alphabet_train/O/O1503.jpg,O,test
data/raw/asl_alphabet_train/O/O1772.jpg,O,test
data/raw/asl_alphabet_train/O/O1112.jpg,O,test
data/raw/asl_alphabet_train/O/O2240.jpg,O,test
data/raw/asl_alphabet_train/O/O2964.jpg,O,test
data/raw/asl_alphabet_train/O/O2355.jpg,O,test
data/raw/asl_alphabet_train/O/O278.jpg,O,test
data/raw/asl_alphabet_train/O/O918.jpg,O,test
data/raw/asl_alphabet_train/O/O797.jpg,O,test
data/raw/asl_alphabet_train/O/O2165.jpg,O,test
data/raw/asl_alphabet_train/O/O2622.jpg,O,test
data/raw/asl_alphabet_train/O/O1370.jpg,O,test
data/raw/asl_alphabet_train/O/O2042.jpg,O,test
data/raw/asl_alphabet_train/O/O1530.jpg,O,test
data/raw/asl_alphabet_train/O/O2851.jpg,O,test
data/raw/asl_alphabet_train/O/O690.jpg,O,test
data/raw/asl_alphabet_train/O/O1960.jpg,O,test
data/raw/asl_alphabet_train/O/O1006.jpg,O,test
data/raw/asl_alphabet_train/O/O1368.jpg,O,test
data/raw/asl_alphabet_train/O/O68.jpg,O,test
data/raw/asl_alphabet_train/O/O1094.jpg,O,test
data/raw/asl_alphabet_train/O/O79.jpg,O,test
data/raw/asl_alphabet_train/O/O2453.jpg,O,test
data/raw/asl_alphabet_train/O/O2446.jpg,O,test
data/raw/asl_alphabet_train/O/O2278.jpg,O,test
data/raw/asl_alphabet_train/O/O986.jpg,O,test
data/raw/asl_alphabet_train/O/O1665.jpg,O,test
data/raw/asl_alphabet_train/O/O1675.jpg,O,test
data/raw/asl_alphabet_train/O/O2199.jpg,O,test
data/raw/asl_alphabet_train/O/O1794.jpg,O,test
data/raw/asl_alphabet_train/O/O2654.jpg,O,test
data/raw/asl_alphabet_train/O/O13.jpg,O,test
data/raw/asl_alphabet_train/O/O283.jpg,O,test
data/raw/asl_alphabet_train/O/O1214.jpg,O,test
data/raw/asl_alphabet_train/O/O1875.jpg,O,test
data/raw/asl_alphabet_train/O/O850.jpg,O,test
data/raw/asl_alphabet_train/O/O1319.jpg,O,test
data/raw/asl_alphabet_train/O/O2402.jpg,O,test
data/raw/asl_alphabet_train/O/O1539.jpg,O,test
data/raw/asl_alphabet_train/O/O306.jpg,O,test
data/raw/asl_alphabet_train/O/O2274.jpg,O,test
data/raw/asl_alphabet_train/O/O1322.jpg,O,test
data/raw/asl_alphabet_train/O/O2139.jpg,O,test
data/raw/asl_alphabet_train/O/O183.jpg,O,test
data/raw/asl_alphabet_train/O/O1107.jpg,O,test
data/raw/asl_alphabet_train/O/O1039.jpg,O,test
data/raw/asl_alphabet_train/O/O1276.jpg,O,test
data/raw/asl_alphabet_train/O/O2943.jpg,O,test
data/raw/asl_alphabet_train/O/O1864.jpg,O,test
data/raw/asl_alphabet_train/O/O1573.jpg,O,test
data/raw/asl_alphabet_train/O/O2770.jpg,O,test
data/raw/asl_alphabet_train/O/O1668.jpg,O,test
data/raw/asl_alphabet_train/O/O1887.jpg,O,test
data/raw/asl_alphabet_train/O/O2565.jpg,O,test
data/raw/asl_alphabet_train/P/P848.jpg,P,train
data/raw/asl_alphabet_train/P/P1113.jpg,P,train
data/raw/asl_alphabet_train/P/P2402.jpg,P,train
data/raw/asl_alphabet_train/P/P282.jpg,P,train
data/raw/asl_alphabet_train/P/P553.jpg,P,train
data/raw/asl_alphabet_train/P/P100.jpg,P,train
data/raw/asl_alphabet_train/P/P2077.jpg,P,train
data/raw/asl_alphabet_train/P/P704.jpg,P,train
data/raw/asl_alphabet_train/P/P173.jpg,P,train
data/raw/asl_alphabet_train/P/P2310.jpg,P,train
data/raw/asl_alphabet_train/P/P1106.jpg,P,train
data/raw/asl_alphabet_train/P/P1115.jpg,P,train
data/raw/asl_alphabet_train/P/P2718.jpg,P,train
data/raw/asl_alphabet_train/P/P1504.jpg,P,train
data/raw/asl_alphabet_train/P/P2872.jpg,P,train
data/raw/asl_alphabet_train/P/P2231.jpg,P,train
data/raw/asl_alphabet_train/P/P16.jpg,P,train
data/raw/asl_alphabet_train/P/P84.jpg,P,train
data/raw/asl_alphabet_train/P/P2936.jpg,P,train
data/raw/asl_alphabet_train/P/P2063.jpg,P,train
data/raw/asl_alphabet_train/P/P2172.jpg,P,train
data/raw/asl_alphabet_train/P/P1243.jpg,P,train
data/raw/asl_alphabet_train/P/P1814.jpg,P,train
data/raw/asl_alphabet_train/P/P906.jpg,P,train
data/raw/asl_alphabet_train/P/P1851.jpg,P,train
data/raw/asl_alphabet_train/P/P244.jpg,P,train
data/raw/asl_alphabet_train/P/P2586.jpg,P,train
data/raw/asl_alphabet_train/P/P1520.jpg,P,train
data/raw/asl_alphabet_train/P/P2812.jpg,P,train
data/raw/asl_alphabet_train/P/P437.jpg,P,train
data/raw/asl_alphabet_train/P/P589.jpg,P,train
data/raw/asl_alphabet_train/P/P621.jpg,P,train
data/raw/asl_alphabet_train/P/P1266.jpg,P,train
data/raw/asl_alphabet_train/P/P66.jpg,P,train
data/raw/asl_alphabet_train/P/P2780.jpg,P,train
data/raw/asl_alphabet_train/P/P306.jpg,P,train
data/raw/asl_alphabet_train/P/P671.jpg,P,train
data/raw/asl_alphabet_train/P/P922.jpg,P,train
data/raw/asl_alphabet_train/P/P910.jpg,P,train
data/raw/asl_alphabet_train/P/P2977.jpg,P,train
data/raw/asl_alphabet_train/P/P260.jpg,P,train
data/raw/asl_alphabet_train/P/P1289.jpg,P,train
data/raw/asl_alphabet_train/P/P1348.jpg,P,train
data/raw/asl_alphabet_train/P/P2146.jpg,P,train
data/raw/asl_alphabet_train/P/P2265.jpg,P,train
data/raw/asl_alphabet_train/P/P1501.jpg,P,train
data/raw/asl_alphabet_train/P/P132.jpg,P,train
data/raw/asl_alphabet_train/P/P1124.jpg,P,train
data/raw/asl_alphabet_train/P/P710.jpg,P,train
data/raw/asl_alphabet_train/P/P1109.jpg,P,train
data/raw/asl_alphabet_train/P/P1625.jpg,P,train
data/raw/asl_alphabet_train/P/P64.jpg,P,train
data/raw/asl_alphabet_train/P/P1119.jpg,P,train
data/raw/asl_alphabet_train/P/P986.jpg,P,train
data/raw/asl_alphabet_train/P/P1147.jpg,P,train
data/raw/asl_alphabet_train/P/P2211.jpg,P,train
data/raw/asl_alphabet_train/P/P1769.jpg,P,train
data/raw/asl_alphabet_train/P/P528.jpg,P,train
data/raw/asl_alphabet_train/P/P2394.jpg,P,train
data/raw/asl_alphabet_train/P/P43.jpg,P,train
data/raw/asl_alphabet_train/P/P976.jpg,P,train
data/raw/asl_alphabet_train/P/P804.jpg,P,train
data/raw/asl_alphabet_train/P/P1059.jpg,P,train
data/raw/asl_alphabet_train/P/P1299.jpg,P,train
data/raw/asl_alphabet_train/P/P805.jpg,P,train
data/raw/asl_alphabet_train/P/P1925.jpg,P,train
data/raw/asl_alphabet_train/P/P110.jpg,P,train
data/raw/asl_alphabet_train/P/P2522.jpg,P,train
data/raw/asl_alphabet_train/P/P2464.jpg,P,train
data/raw/asl_alphabet_train/P/P1487.jpg,P,train
data/raw/asl_alphabet_train/P/P493.jpg,P,train
data/raw/asl_alphabet_train/P/P2055.jpg,P,train
data/raw/asl_alphabet_train/P/P2681.jpg,P,train
data/raw/asl_alphabet_train/P/P686.jpg,P,train
data/raw/asl_alphabet_train/P/P1872.jpg,P,train
data/raw/asl_alphabet_train/P/P383.jpg,P,train
data/raw/asl_alphabet_train/P/P75.jpg,P,train
data/raw/asl_alphabet_train/P/P825.jpg,P,train
data/raw/asl_alphabet_train/P/P689.jpg,P,train
data/raw/asl_alphabet_train/P/P703.jpg,P,train
data/raw/asl_alphabet_train/P/P494.jpg,P,train
data/raw/asl_alphabet_train/P/P691.jpg,P,train
data/raw/asl_alphabet_train/P/P446.jpg,P,train
data/raw/asl_alphabet_train/P/P2902.jpg,P,train
data/raw/asl_alphabet_train/P/P1495.jpg,P,train
data/raw/asl_alphabet_train/P/P353.jpg,P,train
data/raw/asl_alphabet_train/P/P1401.jpg,P,train
data/raw/asl_alphabet_train/P/P687.jpg,P,train
data/raw/asl_alphabet_train/P/P1354.jpg,P,train
data/raw/asl_alphabet_train/P/P497.jpg,P,train
data/raw/asl_alphabet_train/P/P501.jpg,P,train
data/raw/asl_alphabet_train/P/P1804.jpg,P,train
data/raw/asl_alphabet_train/P/P2447.jpg,P,train
data/raw/asl_alphabet_train/P/P2734.jpg,P,train
data/raw/asl_alphabet_train/P/P1692.jpg,P,train
data/raw/asl_alphabet_train/P/P2740.jpg,P,train
data/raw/asl_alphabet_train/P/P453.jpg,P,train
data/raw/asl_alphabet_train/P/P1056.jpg,P,train
data/raw/asl_alphabet_train/P/P281.jpg,P,train
data/raw/asl_alphabet_train/P/P2209.jpg,P,train
data/raw/asl_alphabet_train/P/P982.jpg,P,train
data/raw/asl_alphabet_train/P/P1747.jpg,P,train
data/raw/asl_alphabet_train/P/P2929.jpg,P,train
data/raw/asl_alphabet_train/P/P2227.jpg,P,train
data/raw/asl_alphabet_train/P/P1361.jpg,P,train
data/raw/asl_alphabet_train/P/P2702.jpg,P,train
data/raw/asl_alphabet_train/P/P721.jpg,P,train
data/raw/asl_alphabet_train/P/P2232.jpg,P,train
data/raw/asl_alphabet_train/P/P1007.jpg,P,train
data/raw/asl_alphabet_train/P/P2386.jpg,P,train
data/raw/asl_alphabet_train/P/P1588.jpg,P,train
data/raw/asl_alphabet_train/P/P733.jpg,P,train
data/raw/asl_alphabet_train/P/P207.jpg,P,train
data/raw/asl_alphabet_train/P/P1547.jpg,P,train
data/raw/asl_alphabet_train/P/P1790.jpg,P,train
data/raw/asl_alphabet_train/P/P2767.jpg,P,train
data/raw/asl_alphabet_train/P/P2858.jpg,P,train
data/raw/asl_alphabet_train/P/P1177.jpg,P,train
data/raw/asl_alphabet_train/P/P1060.jpg,P,train
data/raw/asl_alphabet_train/P/P2002.jpg,P,train
data/raw/asl_alphabet_train/P/P1192.jpg,P,train
data/raw/asl_alphabet_train/P/P936.jpg,P,train
data/raw/asl_alphabet_train/P/P2979.jpg,P,train
data/raw/asl_alphabet_train/P/P1149.jpg,P,train
data/raw/asl_alphabet_train/P/P249.jpg,P,train
data/raw/asl_alphabet_train/P/P508.jpg,P,train
data/raw/asl_alphabet_train/P/P1658.jpg,P,train
data/raw/asl_alphabet_train/P/P1638.jpg,P,train
data/raw/asl_alphabet_train/P/P896.jpg,P,train
data/raw/asl_alphabet_train/P/P116.jpg,P,train
data/raw/asl_alphabet_train/P/P274.jpg,P,train
data/raw/asl_alphabet_train/P/P428.jpg,P,train
data/raw/asl_alphabet_train/P/P420.jpg,P,train
data/raw/asl_alphabet_train/P/P1488.jpg,P,train
data/raw/asl_alphabet_train/P/P754.jpg,P,train
data/raw/asl_alphabet_train/P/P1393.jpg,P,train
data/raw/asl_alphabet_train/P/P1893.jpg,P,train
data/raw/asl_alphabet_train/P/P801.jpg,P,train
data/raw/asl_alphabet_train/P/P6.jpg,P,train
data/raw/asl_alphabet_train/P/P883.jpg,P,train
data/raw/asl_alphabet_train/P/P813.jpg,P,train
data/raw/asl_alphabet_train/P/P2388.jpg,P,train
data/raw/asl_alphabet_train/P/P874.jpg,P,train
data/raw/asl_alphabet_train/P/P459.jpg,P,train
data/raw/asl_alphabet_train/P/P1690.jpg,P,train
data/raw/asl_alphabet_train/P/P2082.jpg,P,train
data/raw/asl_alphabet_train/P/P942.jpg,P,train
data/raw/asl_alphabet_train/P/P641.jpg,P,train
data/raw/asl_alphabet_train/P/P164.jpg,P,train
data/raw/asl_alphabet_train/P/P539.jpg,P,train
data/raw/asl_alphabet_train/P/P2415.jpg,P,train
data/raw/asl_alphabet_train/P/P2759.jpg,P,train
data/raw/asl_alphabet_train/P/P2434.jpg,P,train
data/raw/asl_alphabet_train/P/P2090.jpg,P,train
data/raw/asl_alphabet_train/P/P1656.jpg,P,train
data/raw/asl_alphabet_train/P/P2703.jpg,P,train
data/raw/asl_alphabet_train/P/P1128.jpg,P,train
data/raw/asl_alphabet_train/P/P1446.jpg,P,train
data/raw/asl_alphabet_train/P/P385.jpg,P,train
data/raw/asl_alphabet_train/P/P1797.jpg,P,train
data/raw/asl_alphabet_train/P/P1801.jpg,P,train
data/raw/asl_alphabet_train/P/P2640.jpg,P,train
data/raw/asl_alphabet_train/P/P2309.jpg,P,train
data/raw/asl_alphabet_train/P/P1746.jpg,P,train
data/raw/asl_alphabet_train/P/P2289.jpg,P,train
data/raw/asl_alphabet_train/P/P1394.jpg,P,train
data/raw/asl_alphabet_train/P/P2648.jpg,P,train
data/raw/asl_alphabet_train/P/P1213.jpg,P,train
data/raw/asl_alphabet_train/P/P2993.jpg,P,train
data/raw/asl_alphabet_train/P/P311.jpg,P,train
data/raw/asl_alphabet_train/P/P139.jpg,P,train
data/raw/asl_alphabet_train/P/P1981.jpg,P,train
data/raw/asl_alphabet_train/P/P1760.jpg,P,train
data/raw/asl_alphabet_train/P/P2304.jpg,P,train
data/raw/asl_alphabet_train/P/P364.jpg,P,train
data/raw/asl_alphabet_train/P/P465.jpg,P,train
data/raw/asl_alphabet_train/P/P346.jpg,P,train
data/raw/asl_alphabet_train/P/P822.jpg,P,train
data/raw/asl_alphabet_train/P/P1205.jpg,P,train
data/raw/asl_alphabet_train/P/P1970.jpg,P,train
data/raw/asl_alphabet_train/P/P723.jpg,P,train
data/raw/asl_alphabet_train/P/P2821.jpg,P,train
data/raw/asl_alphabet_train/P/P1554.jpg,P,train
data/raw/asl_alphabet_train/P/P1697.jpg,P,train
data/raw/asl_alphabet_train/P/P1290.jpg,P,train
data/raw/asl_alphabet_train/P/P2036.jpg,P,train
data/raw/asl_alphabet_train/P/P2213.jpg,P,train
data/raw/asl_alphabet_train/P/P1937.jpg,P,train
data/raw/asl_alphabet_train/P/P1962.jpg,P,train
data/raw/asl_alphabet_train/P/P2046.jpg,P,train
data/raw/asl_alphabet_train/P/P1569.jpg,P,train
data/raw/asl_alphabet_train/P/P2940.jpg,P,train
data/raw/asl_alphabet_train/P/P1346.jpg,P,train
data/raw/asl_alphabet_train/P/P2569.jpg,P,train
data/raw/asl_alphabet_train/P/P2730.jpg,P,train
data/raw/asl_alphabet_train/P/P2761.jpg,P,train
data/raw/asl_alphabet_train/P/P992.jpg,P,train
data/raw/asl_alphabet_train/P/P1698.jpg,P,train
data/raw/asl_alphabet_train/P/P856.jpg,P,train
data/raw/asl_alphabet_train/P/P2300.jpg,P,train
data/raw/asl_alphabet_train/P/P379.jpg,P,train
data/raw/asl_alphabet_train/P/P2403.jpg,P,train
data/raw/asl_alphabet_train/P/P2078.jpg,P,train
data/raw/asl_alphabet_train/P/P2654.jpg,P,train
data/raw/asl_alphabet_train/P/P2688.jpg,P,train
data/raw/asl_alphabet_train/P/P482.jpg,P,train
data/raw/asl_alphabet_train/P/P2924.jpg,P,train
data/raw/asl_alphabet_train/P/P1627.jpg,P,train
data/raw/asl_alphabet_train/P/P572.jpg,P,train
data/raw/asl_alphabet_train/P/P199.jpg,P,train
data/raw/asl_alphabet_train/P/P1423.jpg,P,train
data/raw/asl_alphabet_train/P/P1603.jpg,P,train
data/raw/asl_alphabet_train/P/P1724.jpg,P,train
data/raw/asl_alphabet_train/P/P716.jpg,P,train
data/raw/asl_alphabet_train/P/P2156.jpg,P,train
data/raw/asl_alphabet_train/P/P218.jpg,P,train
data/raw/asl_alphabet_train/P/P1249.jpg,P,train
data/raw/asl_alphabet_train/P/P1710.jpg,P,train
data/raw/asl_alphabet_train/P/P2831.jpg,P,train
data/raw/asl_alphabet_train/P/P133.jpg,P,train
data/raw/asl_alphabet_train/P/P2001.jpg,P,train
data/raw/asl_alphabet_train/P/P1169.jpg,P,train
data/raw/asl_alphabet_train/P/P2575.jpg,P,train
data/raw/asl_alphabet_train/P/P1559.jpg,P,train
data/raw/asl_alphabet_train/P/P8.jpg,P,train
data/raw/asl_alphabet_train/P/P2421.jpg,P,train
data/raw/asl_alphabet_train/P/P1832.jpg,P,train
data/raw/asl_alphabet_train/P/P1967.jpg,P,train
data/raw/asl_alphabet_train/P/P1324.jpg,P,train
data/raw/asl_alphabet_train/P/P2879.jpg,P,train
data/raw/asl_alphabet_train/P/P2512.jpg,P,train
data/raw/asl_alphabet_train/P/P659.jpg,P,train
data/raw/asl_alphabet_train/P/P1954.jpg,P,train
data/raw/asl_alphabet_train/P/P1551.jpg,P,train
data/raw/asl_alphabet_train/P/P2808.jpg,P,train
data/raw/asl_alphabet_train/P/P2150.jpg,P,train
data/raw/asl_alphabet_train/P/P1754.jpg,P,train
data/raw/asl_alphabet_train/P/P371.jpg,P,train
data/raw/asl_alphabet_train/P/P1197.jpg,P,train
data/raw/asl_alphabet_train/P/P72.jpg,P,train
data/raw/asl_alphabet_train/P/P1973.jpg,P,train
data/raw/asl_alphabet_train/P/P2695.jpg,P,train
data/raw/asl_alphabet_train/P/P14.jpg,P,train
data/raw/asl_alphabet_train/P/P2079.jpg,P,train
data/raw/asl_alphabet_train/P/P2606.jpg,P,train
data/raw/asl_alphabet_train/P/P2287.jpg,P,train
data/raw/asl_alphabet_train/P/P1823.jpg,P,train
data/raw/asl_alphabet_train/P/P701.jpg,P,train
data/raw/asl_alphabet_train/P/P656.jpg,P,train
data/raw/asl_alphabet_train/P/P2951.jpg,P,train
data/raw/asl_alphabet_train/P/P2315.jpg,P,train
data/raw/asl_alphabet_train/P/P46.jpg,P,train
data/raw/asl_alphabet_train/P/P381.jpg,P,train
data/raw/asl_alphabet_train/P/P1780.jpg,P,train
data/raw/asl_alphabet_train/P/P1829.jpg,P,train
data/raw/asl_alphabet_train/P/P1138.jpg,P,train
data/raw/asl_alphabet_train/P/P1022.jpg,P,train
data/raw/asl_alphabet_train/P/P783.jpg,P,train
data/raw/asl_alphabet_train/P/P2212.jpg,P,train
data/raw/asl_alphabet_train/P/P294.jpg,P,train
data/raw/asl_alphabet_train/P/P466.jpg,P,train
data/raw/asl_alphabet_train/P/P1141.jpg,P,train
data/raw/asl_alphabet_train/P/P1489.jpg,P,train
data/raw/asl_alphabet_train/P/P276.jpg,P,train
data/raw/asl_alphabet_train/P/P478.jpg,P,train
data/raw/asl_alphabet_train/P/P2298.jpg,P,train
data/raw/asl_alphabet_train/P/P2101.jpg,P,train
data/raw/asl_alphabet_train/P/P574.jpg,P,train
data/raw/asl_alphabet_train/P/P1762.jpg,P,train
data/raw/asl_alphabet_train/P/P2842.jpg,P,train
data/raw/asl_alphabet_train/P/P113.jpg,P,train
data/raw/asl_alphabet_train/P/P1602.jpg,P,train
data/raw/asl_alphabet_train/P/P192.jpg,P,train
data/raw/asl_alphabet_train/P/P2601.jpg,P,train
data/raw/asl_alphabet_train/P/P551.jpg,P,train
data/raw/asl_alphabet_train/P/P1519.jpg,P,train
data/raw/asl_alphabet_train/P/P590.jpg,P,train
data/raw/asl_alphabet_train/P/P2711.jpg,P,train
data/raw/asl_alphabet_train/P/P2895.jpg,P,train
data/raw/asl_alphabet_train/P/P2683.jpg,P,train
data/raw/asl_alphabet_train/P/P1856.jpg,P,train
data/raw/asl_alphabet_train/P/P542.jpg,P,train
data/raw/asl_alphabet_train/P/P2049.jpg,P,train
data/raw/asl_alphabet_train/P/P2277.jpg,P,train
data/raw/asl_alphabet_train/P/P1358.jpg,P,train
data/raw/asl_alphabet_train/P/P217.jpg,P,train
data/raw/asl_alphabet_train/P/P130.jpg,P,train
data/raw/asl_alphabet_train/P/P347.jpg,P,train
data/raw/asl_alphabet_train/P/P1219.jpg,P,train
data/raw/asl_alphabet_train/P/P1467.jpg,P,train
data/raw/asl_alphabet_train/P/P384.jpg,P,train
data/raw/asl_alphabet_train/P/P2568.jpg,P,train
data/raw/asl_alphabet_train/P/P2024.jpg,P,train
data/raw/asl_alphabet_train/P/P884.jpg,P,train
data/raw/asl_alphabet_train/P/P1612.jpg,P,train
data/raw/asl_alphabet_train/P/P2167.jpg,P,train
data/raw/asl_alphabet_train/P/P1617.jpg,P,train
data/raw/asl_alphabet_train/P/P2942.jpg,P,train
data/raw/asl_alphabet_train/P/P1194.jpg,P,train
data/raw/asl_alphabet_train/P/P1064.jpg,P,train
data/raw/asl_alphabet_train/P/P213.jpg,P,train
data/raw/asl_alphabet_train/P/P2628.jpg,P,train
data/raw/asl_alphabet_train/P/P809.jpg,P,train
data/raw/asl_alphabet_train/P/P1375.jpg,P,train
data/raw/asl_alphabet_train/P/P1752.jpg,P,train
data/raw/asl_alphabet_train/P/P745.jpg,P,train
data/raw/asl_alphabet_train/P/P2005.jpg,P,train
data/raw/asl_alphabet_train/P/P2433.jpg,P,train
data/raw/asl_alphabet_train/P/P2313.jpg,P,train
data/raw/asl_alphabet_train/P/P1309.jpg,P,train
data/raw/asl_alphabet_train/P/P2561.jpg,P,train
data/raw/asl_alphabet_train/P/P1990.jpg,P,train
data/raw/asl_alphabet_train/P/P1254.jpg,P,train
data/raw/asl_alphabet_train/P/P2033.jpg,P,train
data/raw/asl_alphabet_train/P/P2850.jpg,P,train
data/raw/asl_alphabet_train/P/P1855.jpg,P,train
data/raw/asl_alphabet_train/P/P2851.jpg,P,train
data/raw/asl_alphabet_train/P/P318.jpg,P,train
data/raw/asl_alphabet_train/P/P2294.jpg,P,train
data/raw/asl_alphabet_train/P/P202.jpg,P,train
data/raw/asl_alphabet_train/P/P2134.jpg,P,train
data/raw/asl_alphabet_train/P/P422.jpg,P,train
data/raw/asl_alphabet_train/P/P2179.jpg,P,train
data/raw/asl_alphabet_train/P/P638.jpg,P,train
data/raw/asl_alphabet_train/P/P1864.jpg,P,train
data/raw/asl_alphabet_train/P/P562.jpg,P,train
data/raw/asl_alphabet_train/P/P534.jpg,P,train
data/raw/asl_alphabet_train/P/P839.jpg,P,train
data/raw/asl_alphabet_train/P/P2058.jpg,P,train
data/raw/asl_alphabet_train/P/P844.jpg,P,train
data/raw/asl_alphabet_train/P/P2268.jpg,P,train
data/raw/asl_alphabet_train/P/P1630.jpg,P,train
data/raw/asl_alphabet_train/P/P283.jpg,P,train
data/raw/asl_alphabet_train/P/P1328.jpg,P,train
data/raw/asl_alphabet_train/P/P45.jpg,P,train
data/raw/asl_alphabet_train/P/P1844.jpg,P,train
data/raw/asl_alphabet_train/P/P1419.jpg,P,train
data/raw/asl_alphabet_train/P/P195.jpg,P,train
data/raw/asl_alphabet_train/P/P1874.jpg,P,train
data/raw/asl_alphabet_train/P/P303.jpg,P,train
data/raw/asl_alphabet_train/P/P104.jpg,P,train
data/raw/asl_alphabet_train/P/P1910.jpg,P,train
data/raw/asl_alphabet_train/P/P449.jpg,P,train
data/raw/asl_alphabet_train/P/P1555.jpg,P,train
data/raw/asl_alphabet_train/P/P1442.jpg,P,train
data/raw/asl_alphabet_train/P/P1009.jpg,P,train
data/raw/asl_alphabet_train/P/P1738.jpg,P,train
data/raw/asl_alphabet_train/P/P2486.jpg,P,train
data/raw/asl_alphabet_train/P/P1451.jpg,P,train
data/raw/asl_alphabet_train/P/P2535.jpg,P,train
data/raw/asl_alphabet_train/P/P2607.jpg,P,train
data/raw/asl_alphabet_train/P/P1217.jpg,P,train
data/raw/asl_alphabet_train/P/P2476.jpg,P,train
data/raw/asl_alphabet_train/P/P2269.jpg,P,train
data/raw/asl_alphabet_train/P/P2576.jpg,P,train
data/raw/asl_alphabet_train/P/P2168.jpg,P,train
data/raw/asl_alphabet_train/P/P722.jpg,P,train
data/raw/asl_alphabet_train/P/P2293.jpg,P,train
data/raw/asl_alphabet_train/P/P2546.jpg,P,train
data/raw/asl_alphabet_train/P/P70.jpg,P,train
data/raw/asl_alphabet_train/P/P924.jpg,P,train
data/raw/asl_alphabet_train/P/P19.jpg,P,train
data/raw/asl_alphabet_train/P/P165.jpg,P,train
data/raw/asl_alphabet_train/P/P2637.jpg,P,train
data/raw/asl_alphabet_train/P/P2870.jpg,P,train
data/raw/asl_alphabet_train/P/P2246.jpg,P,train
data/raw/asl_alphabet_train/P/P373.jpg,P,train
data/raw/asl_alphabet_train/P/P2352.jpg,P,train
data/raw/asl_alphabet_train/P/P1572.jpg,P,train
data/raw/asl_alphabet_train/P/P833.jpg,P,train
data/raw/asl_alphabet_train/P/P996.jpg,P,train
data/raw/asl_alphabet_train/P/P2820.jpg,P,train
data/raw/asl_alphabet_train/P/P960.jpg,P,train
data/raw/asl_alphabet_train/P/P1653.jpg,P,train
data/raw/asl_alphabet_train/P/P301.jpg,P,train
data/raw/asl_alphabet_train/P/P2237.jpg,P,train
data/raw/asl_alphabet_train/P/P2411.jpg,P,train
data/raw/asl_alphabet_train/P/P79.jpg,P,train
data/raw/asl_alphabet_train/P/P1246.jpg,P,train
data/raw/asl_alphabet_train/P/P1611.jpg,P,train
data/raw/asl_alphabet_train/P/P1310.jpg,P,train
data/raw/asl_alphabet_train/P/P1296.jpg,P,train
data/raw/asl_alphabet_train/P/P2362.jpg,P,train
data/raw/asl_alphabet_train/P/P2969.jpg,P,train
data/raw/asl_alphabet_train/P/P2475.jpg,P,train
data/raw/asl_alphabet_train/P/P578.jpg,P,train
data/raw/asl_alphabet_train/P/P409.jpg,P,train
data/raw/asl_alphabet_train/P/P2140.jpg,P,train
data/raw/asl_alphabet_train/P/P1977.jpg,P,train
data/raw/asl_alphabet_train/P/P886.jpg,P,train
data/raw/asl_alphabet_train/P/P2370.jpg,P,train
data/raw/asl_alphabet_train/P/P1944.jpg,P,train
data/raw/asl_alphabet_train/P/P2286.jpg,P,train
data/raw/asl_alphabet_train/P/P1779.jpg,P,train
data/raw/asl_alphabet_train/P/P1889.jpg,P,train
data/raw/asl_alphabet_train/P/P2038.jpg,P,train
data/raw/asl_alphabet_train/P/P835.jpg,P,train
data/raw/asl_alphabet_train/P/P2509.jpg,P,train
data/raw/asl_alphabet_train/P/P592.jpg,P,train
data/raw/asl_alphabet_train/P/P2489.jpg,P,train
data/raw/asl_alphabet_train/P/P1648.jpg,P,train
data/raw/asl_alphabet_train/P/P1245.jpg,P,train
data/raw/asl_alphabet_train/P/P487.jpg,P,train
data/raw/asl_alphabet_train/P/P557.jpg,P,train
data/raw/asl_alphabet_train/P/P846.jpg,P,train
data/raw/asl_alphabet_train/P/P2537.jpg,P,train
data/raw/asl_alphabet_train/P/P1913.jpg,P,train
data/raw/asl_alphabet_train/P/P1678.jpg,P,train
data/raw/asl_alphabet_train/P/P299.jpg,P,train
data/raw/asl_alphabet_train/P/P2867.jpg,P,train
data/raw/asl_alphabet_train/P/P2865.jpg,P,train
data/raw/asl_alphabet_train/P/P1222.jpg,P,train
data/raw/asl_alphabet_train/P/P1072.jpg,P,train
data/raw/asl_alphabet_train/P/P2810.jpg,P,train
data/raw/asl_alphabet_train/P/P938.jpg,P,train
data/raw/asl_alphabet_train/P/P2458.jpg,P,train
data/raw/asl_alphabet_train/P/P2267.jpg,P,train
data/raw/asl_alphabet_train/P/P560.jpg,P,train
data/raw/asl_alphabet_train/P/P894.jpg,P,train
data/raw/asl_alphabet_train/P/P933.jpg,P,train
data/raw/asl_alphabet_train/P/P2395.jpg,P,val
data/raw/asl_alphabet_train/P/P1853.jpg,P,val
data/raw/asl_alphabet_train/P/P1107.jpg,P,val
data/raw/asl_alphabet_train/P/P2516.jpg,P,val
data/raw/asl_alphabet_train/P/P1971.jpg,P,val
data/raw/asl_alphabet_train/P/P263.jpg,P,val
data/raw/asl_alphabet_train/P/P1645.jpg,P,val
data/raw/asl_alphabet_train/P/P59.jpg,P,val
data/raw/asl_alphabet_train/P/P1637.jpg,P,val
data/raw/asl_alphabet_train/P/P2538.jpg,P,val
data/raw/asl_alphabet_train/P/P1642.jpg,P,val
data/raw/asl_alphabet_train/P/P432.jpg,P,val
data/raw/asl_alphabet_train/P/P345.jpg,P,val
data/raw/asl_alphabet_train/P/P1121.jpg,P,val
data/raw/asl_alphabet_train/P/P670.jpg,P,val
data/raw/asl_alphabet_train/P/P2282.jpg,P,val
data/raw/asl_alphabet_train/P/P208.jpg,P,val
data/raw/asl_alphabet_train/P/P582.jpg,P,val
data/raw/asl_alphabet_train/P/P2316.jpg,P,val
data/raw/asl_alphabet_train/P/P1818.jpg,P,val
data/raw/asl_alphabet_train/P/P2739.jpg,P,val
data/raw/asl_alphabet_train/P/P832.jpg,P,val
data/raw/asl_alphabet_train/P/P2073.jpg,P,val
data/raw/asl_alphabet_train/P/P176.jpg,P,val
data/raw/asl_alphabet_train/P/P1444.jpg,P,val
data/raw/asl_alphabet_train/P/P1880.jpg,P,val
data/raw/asl_alphabet_train/P/P1770.jpg,P,val
data/raw/asl_alphabet_train/P/P767.jpg,P,val
data/raw/asl_alphabet_train/P/P1279.jpg,P,val
data/raw/asl_alphabet_train/P/P2779.jpg,P,val
data/raw/asl_alphabet_train/P/P1718.jpg,P,val
data/raw/asl_alphabet_train/P/P1668.jpg,P,val
data/raw/asl_alphabet_train/P/P179.jpg,P,val
data/raw/asl_alphabet_train/P/P1247.jpg,P,val
data/raw/asl_alphabet_train/P/P1983.jpg,P,val
data/raw/asl_alphabet_train/P/P728.jpg,P,val
data/raw/asl_alphabet_train/P/P194.jpg,P,val
data/raw/asl_alphabet_train/P/P2980.jpg,P,val
data/raw/asl_alphabet_train/P/P1481.jpg,P,val
data/raw/asl_alphabet_train/P/P394.jpg,P,val
data/raw/asl_alphabet_train/P/P277.jpg,P,val
data/raw/asl_alphabet_train/P/P851.jpg,P,val
data/raw/asl_alphabet_train/P/P80.jpg,P,val
data/raw/asl_alphabet_train/P/P2588.jpg,P,val
data/raw/asl_alphabet_train/P/P2444.jpg,P,val
data/raw/asl_alphabet_train/P/P692.jpg,P,val
data/raw/asl_alphabet_train/P/P523.jpg,P,val
data/raw/asl_alphabet_train/P/P898.jpg,P,val
data/raw/asl_alphabet_train/P/P1172.jpg,P,val
data/raw/asl_alphabet_train/P/P1122.jpg,P,val
data/raw/asl_alphabet_train/P/P2301.jpg,P,val
data/raw/asl_alphabet_train/P/P975.jpg,P,val
data/raw/asl_alphabet_train/P/P395.jpg,P,val
data/raw/asl_alphabet_train/P/P2111.jpg,P,val
data/raw/asl_alphabet_train/P/P549.jpg,P,val
data/raw/asl_alphabet_train/P/P1314.jpg,P,val
data/raw/asl_alphabet_train/P/P2984.jpg,P,val
data/raw/asl_alphabet_train/P/P521.jpg,P,val
data/raw/asl_alphabet_train/P/P1139.jpg,P,val
data/raw/asl_alphabet_train/P/P92.jpg,P,val
data/raw/asl_alphabet_train/P/P918.jpg,P,val
data/raw/asl_alphabet_train/P/P1883.jpg,P,val
data/raw/asl_alphabet_train/P/P2169.jpg,P,val
data/raw/asl_alphabet_train/P/P2762.jpg,P,val
data/raw/asl_alphabet_train/P/P1673.jpg,P,val
data/raw/asl_alphabet_train/P/P780.jpg,P,val
data/raw/asl_alphabet_train/P/P1003.jpg,P,val
data/raw/asl_alphabet_train/P/P1927.jpg,P,val
data/raw/asl_alphabet_train/P/P1449.jpg,P,val
data/raw/asl_alphabet_train/P/P837.jpg,P,val
data/raw/asl_alphabet_train/P/P1391.jpg,P,val
data/raw/asl_alphabet_train/P/P2121.jpg,P,val
data/raw/asl_alphabet_train/P/P338.jpg,P,val
data/raw/asl_alphabet_train/P/P2803.jpg,P,val
data/raw/asl_alphabet_train/P/P519.jpg,P,val
data/raw/asl_alphabet_train/P/P1661.jpg,P,val
data/raw/asl_alphabet_train/P/P1439.jpg,P,val
data/raw/asl_alphabet_train/P/P1712.jpg,P,val
data/raw/asl_alphabet_train/P/P2750.jpg,P,val
data/raw/asl_alphabet_train/P/P1549.jpg,P,val
data/raw/asl_alphabet_train/P/P1561.jpg,P,val
data/raw/asl_alphabet_train/P/P2409.jpg,P,val
data/raw/asl_alphabet_train/P/P468.jpg,P,val
data/raw/asl_alphabet_train/P/P1901.jpg,P,val
data/raw/asl_alphabet_train/P/P741.jpg,P,val
data/raw/asl_alphabet_train/P/P2880.jpg,P,val
data/raw/asl_alphabet_train/P/P2052.jpg,P,val
data/raw/asl_alphabet_train/P/P1647.jpg,P,val
data/raw/asl_alphabet_train/P/P587.jpg,P,val
data/raw/asl_alphabet_train/P/P1775.jpg,P,val
data/raw/asl_alphabet_train/P/P2236.jpg,P,test
data/raw/asl_alphabet_train/P/P913.jpg,P,test
data/raw/asl_alphabet_train/P/P512.jpg,P,test
data/raw/asl_alphabet_train/P/P41.jpg,P,test
data/raw/asl_alphabet_train/P/P900.jpg,P,test
data/raw/asl_alphabet_train/P/P2618.jpg,P,test
data/raw/asl_alphabet_train/P/P1227.jpg,P,test
data/raw/asl_alphabet_train/P/P1505.jpg,P,test
data/raw/asl_alphabet_train/P/P1963.jpg,P,test
data/raw/asl_alphabet_train/P/P1886.jpg,P,test
data/raw/asl_alphabet_train/P/P334.jpg,P,test
data/raw/asl_alphabet_train/P/P746.jpg,P,test
data/raw/asl_alphabet_train/P/P1899.jpg,P,test
data/raw/asl_alphabet_train/P/P1300.jpg,P,test
data/raw/asl_alphabet_train/P/P1244.jpg,P,test
data/raw/asl_alphabet_train/P/P1271.jpg,P,test
data/raw/asl_alphabet_train/P/P273.jpg,P,test
data/raw/asl_alphabet_train/P/P627.jpg,P,test
data/raw/asl_alphabet_train/P/P1748.jpg,P,test
data/raw/asl_alphabet_train/P/P387.jpg,P,test
data/raw/asl_alphabet_train/P/P461.jpg,P,test
data/raw/asl_alphabet_train/P/P1644.jpg,P,test
data/raw/asl_alphabet_train/P/P2382.jpg,P,test
data/raw/asl_alphabet_train/P/P1640.jpg,P,test
data/raw/asl_alphabet_train/P/P772.jpg,P,test
data/raw/asl_alphabet_train/P/P2883.jpg,P,test
data/raw/asl_alphabet_train/P/P2067.jpg,P,test
data/raw/asl_alphabet_train/P/P2890.jpg,P,test
data/raw/asl_alphabet_train/P/P1077.jpg,P,test
data/raw/asl_alphabet_train/P/P2048.jpg,P,test
data/raw/asl_alphabet_train/P/P1434.jpg,P,test
data/raw/asl_alphabet_train/P/P2439.jpg,P,test
data/raw/asl_alphabet_train/P/P1938.jpg,P,test
data/raw/asl_alphabet_train/P/P612.jpg,P,test
data/raw/asl_alphabet_train/P/P1604.jpg,P,test
data/raw/asl_alphabet_train/P/P2789.jpg,P,test
data/raw/asl_alphabet_train/P/P1992.jpg,P,test
data/raw/asl_alphabet_train/P/P2564.jpg,P,test
data/raw/asl_alphabet_train/P/P698.jpg,P,test
data/raw/asl_alphabet_train/P/P1241.jpg,P,test
data/raw/asl_alphabet_train/P/P708.jpg,P,test
data/raw/asl_alphabet_train/P/P1860.jpg,P,test
data/raw/asl_alphabet_train/P/P1517.jpg,P,test
data/raw/asl_alphabet_train/P/P1018.jpg,P,test
data/raw/asl_alphabet_train/P/P2273.jpg,P,test
data/raw/asl_alphabet_train/P/P2567.jpg,P,test
data/raw/asl_alphabet_train/P/P1414.jpg,P,test
data/raw/asl_alphabet_train/P/P2432.jpg,P,test
data/raw/asl_alphabet_train/P/P262.jpg,P,test
data/raw/asl_alphabet_train/P/P2771.jpg,P,test
data/raw/asl_alphabet_train/P/P232.jpg,P,test
data/raw/asl_alphabet_train/P/P1323.jpg,P,test
data/raw/asl_alphabet_train/P/P673.jpg,P,test
data/raw/asl_alphabet_train/P/P2371.jpg,P,test
data/raw/asl_alphabet_train/P/P599.jpg,P,test
data/raw/asl_alphabet_train/P/P23.jpg,P,test
data/raw/asl_alphabet_train/P/P525.jpg,P,test
data/raw/asl_alphabet_train/P/P2138.jpg,P,test
data/raw/asl_alphabet_train/P/P2970.jpg,P,test
data/raw/asl_alphabet_train/P/P2598.jpg,P,test
data/raw/asl_alphabet_train/P/P2585.jpg,P,test
data/raw/asl_alphabet_train/P/P1533.jpg,P,test
data/raw/asl_alphabet_train/P/P786.jpg,P,test
data/raw/asl_alphabet_train/P/P1580.jpg,P,test
data/raw/asl_alphabet_train/P/P2109.jpg,P,test
data/raw/asl_alphabet_train/P/P890.jpg,P,test
data/raw/asl_alphabet_train/P/P766.jpg,P,test
data/raw/asl_alphabet_train/P/P49.jpg,P,test
data/raw/asl_alphabet_train/P/P1686.jpg,P,test
data/raw/asl_alphabet_train/P/P161.jpg,P,test
data/raw/asl_alphabet_train/P/P2602.jpg,P,test
data/raw/asl_alphabet_train/P/P2997.jpg,P,test
data/raw/asl_alphabet_train/P/P2946.jpg,P,test
data/raw/asl_alphabet_train/P/P785.jpg,P,test
data/raw/asl_alphabet_train/P/P87.jpg,P,test
data/raw/asl_alphabet_train/P/P1934.jpg,P,test
data/raw/asl_alphabet_train/P/P2769.jpg,P,test
data/raw/asl_alphabet_train/P/P1881.jpg,P,test
data/raw/asl_alphabet_train/P/P2442.jpg,P,test
data/raw/asl_alphabet_train/P/P563.jpg,P,test
data/raw/asl_alphabet_train/P/P355.jpg,P,test
data/raw/asl_alphabet_train/P/P242.jpg,P,test
data/raw/asl_alphabet_train/P/P1325.jpg,P,test
data/raw/asl_alphabet_train/P/P965.jpg,P,test
data/raw/asl_alphabet_train/P/P2194.jpg,P,test
data/raw/asl_alphabet_train/P/P1277.jpg,P,test
data/raw/asl_alphabet_train/P/P1186.jpg,P,test
data/raw/asl_alphabet_train/P/P1260.jpg,P,test
data/raw/asl_alphabet_train/P/P1097.jpg,P,test
data/raw/asl_alphabet_train/P/P1964.jpg,P,test
data/raw/asl_alphabet_train/Q/Q2523.jpg,Q,train
data/raw/asl_alphabet_train/Q/Q2728.jpg,Q,train
data/raw/asl_alphabet_train/Q/Q1777.jpg,Q,train
data/raw/asl_alphabet_train/Q/Q804.jpg,Q,train
data/raw/asl_alphabet_train/Q/Q796.jpg,Q,train
data/raw/asl_alphabet_train/Q/Q1180.jpg,Q,train
data/raw/asl_alphabet_train/Q/Q2605.jpg,Q,train
data/raw/asl_alphabet_train/Q/Q771.jpg,Q,train
data/raw/asl_alphabet_train/Q/Q695.jpg,Q,train
data/raw/asl_alphabet_train/Q/Q3000.jpg,Q,train
data/raw/asl_alphabet_train/Q/Q656.jpg,Q,train
data/raw/asl_alphabet_train/Q/Q345.jpg,Q,train
data/raw/asl_alphabet_train/Q/Q2634.jpg,Q,train
data/raw/asl_alphabet_train/Q/Q1033.jpg,Q,train
data/raw/asl_alphabet_train/Q/Q1085.jpg,Q,train
data/raw/asl_alphabet_train/Q/Q2460.jpg,Q,train
data/raw/asl_alphabet_train/Q/Q1698.jpg,Q,train
data/raw/asl_alphabet_train/Q/Q1754.jpg,Q,train
data/raw/asl_alphabet_train/Q/Q1757.jpg,Q,train
data/raw/asl_alphabet_train/Q/Q1394.jpg,Q,train
data/raw/asl_alphabet_train/Q/Q761.jpg,Q,train
data/raw/asl_alphabet_train/Q/Q1240.jpg,Q,train
data/raw/asl_alphabet_train/Q/Q250.jpg,Q,train
data/raw/asl_alphabet_train/Q/Q588.jpg,Q,train
data/raw/asl_alphabet_train/Q/Q2174.jpg,Q,train
data/raw/asl_alphabet_train/Q/Q2168.jpg,Q,train
data/raw/asl_alphabet_train/Q/Q2698.jpg,Q,train
data/raw/asl_alphabet_train/Q/Q1623.jpg,Q,train
data/raw/asl_alphabet_train/Q/Q1711.jpg,Q,train
data/raw/asl_alphabet_train/Q/Q2390.jpg,Q,train
data/raw/asl_alphabet_train/Q/Q546.jpg,Q,train
data/raw/asl_alphabet_train/Q/Q2237.jpg,Q,train
data/raw/asl_alphabet_train/Q/Q596.jpg,Q,train
data/raw/asl_alphabet_train/Q/Q1227.jpg,Q,train
data/raw/asl_alphabet_train/Q/Q1122.jpg,Q,train
data/raw/asl_alphabet_train/Q/Q2612.jpg,Q,train
data/raw/asl_alphabet_train/Q/Q2823.jpg,Q,train
data/raw/asl_alphabet_train/Q/Q664.jpg,Q,train
data/raw/asl_alphabet_train/Q/Q1714.jpg,Q,train
data/raw/asl_alphabet_train/Q/Q390.jpg,Q,train
data/raw/asl_alphabet_train/Q/Q675.jpg,Q,train
data/raw/asl_alphabet_train/Q/Q1115.jpg,Q,train
data/raw/asl_alphabet_train/Q/Q2341.jpg,Q,train
data/raw/asl_alphabet_train/Q/Q2297.jpg,Q,train
data/raw/asl_alphabet_train/Q/Q2528.jpg,Q,train
data/raw/asl_alphabet_train/Q/Q2486.jpg,Q,train
data/raw/asl_alphabet_train/Q/Q581.jpg,Q,train
data/raw/asl_alphabet_train/Q/Q356.jpg,Q,train
data/raw/asl_alphabet_train/Q/Q952.jpg,Q,train
data/raw/asl_alphabet_train/Q/Q781.jpg,Q,train
data/raw/asl_alphabet_train/Q/Q837.jpg,Q,train
data/raw/asl_alphabet_train/Q/Q2997.jpg,Q,train
data/raw/asl_alphabet_train/Q/Q725.jpg,Q,train
data/raw/asl_alphabet_train/Q/Q2603.jpg,Q,train
data/raw/asl_alphabet_train/Q/Q2647.jpg,Q,train
data/raw/asl_alphabet_train/Q/Q823.jpg,Q,train
data/raw/asl_alphabet_train/Q/Q1850.jpg,Q,train
data/raw/asl_alphabet_train/Q/Q1562.jpg,Q,train
data/raw/asl_alphabet_train/Q/Q209.jpg,Q,train
data/raw/asl_alphabet_train/Q/Q783.jpg,Q,train
data/raw/asl_alphabet_train/Q/Q617.jpg,Q,train
data/raw/asl_alphabet_train/Q/Q405.jpg,Q,train
data/raw/asl_alphabet_train/Q/Q201.jpg,Q,train
data/raw/asl_alphabet_train/Q/Q1048.jpg,Q,train
data/raw/asl_alphabet_train/Q/Q1412.jpg,Q,train
data/raw/asl_alphabet_train/Q/Q937.jpg,Q,train
data/raw/asl_alphabet_train/Q/Q765.jpg,Q,train
data/raw/asl_alphabet_train/Q/Q1881.jpg,Q,train
data/raw/asl_alphabet_train/Q/Q2898.jpg,Q,train
data/raw/asl_alphabet_train/Q/Q2525.jpg,Q,train
data/raw/asl_alphabet_train/Q/Q1454.jpg,Q,train
data/raw/asl_alphabet_train/Q/Q2727.jpg,Q,train
data/raw/asl_alphabet_train/Q/Q635.jpg,Q,train
data/raw/asl_alphabet_train/Q/Q2887.jpg,Q,train
data/raw/asl_alphabet_train/Q/Q1655.jpg,Q,train
data/raw/asl_alphabet_train/Q/Q2057.jpg,Q,train
data/raw/asl_alphabet_train/Q/Q667.jpg,Q,train
data/raw/asl_alphabet_train/Q/Q113.jpg,Q,train
data/raw/asl_alphabet_train/Q/Q2175.jpg,Q,train
data/raw/asl_alphabet_train/Q/Q2874.jpg,Q,train
data/raw/asl_alphabet_train/Q/Q2764.jpg,Q,train
data/raw/asl_alphabet_train/Q/Q956.jpg,Q,train
data/raw/asl_alphabet_train/Q/Q1635.jpg,Q,train
data/raw/asl_alphabet_train/Q/Q1505.jpg,Q,train
data/raw/asl_alphabet_train/Q/Q2389.jpg,Q,train
data/raw/asl_alphabet_train/Q/Q700.jpg,Q,train
data/raw/asl_alphabet_train/Q/Q526.jpg,Q,train
data/raw/asl_alphabet_train/Q/Q204.jpg,Q,train
data/raw/asl_alphabet_train/Q/Q2212.jpg,Q,train
data/raw/asl_alphabet_train/Q/Q1433.jpg,Q,train
data/raw/asl_alphabet_train/Q/Q2144.jpg,Q,train
data/raw/asl_alphabet_train/Q/Q2592.jpg,Q,train
data/raw/asl_alphabet_train/Q/Q616.jpg,Q,train
data/raw/asl_alphabet_train/Q/Q2992.jpg,Q,train
data/raw/asl_alphabet_train/Q/Q1496.jpg,Q,train
data/raw/asl_alphabet_train/Q/Q2383.jpg,Q,train
data/raw/asl_alphabet_train/Q/Q1844.jpg,Q,train
data/raw/asl_alphabet_train/Q/Q244.jpg,Q,train
data/raw/asl_alphabet_train/Q/Q2703.jpg,Q,train
data/raw/asl_alphabet_train/Q/Q1399.jpg,Q,train
data/raw/asl_alphabet_train/Q/Q454.jpg,Q,train
data/raw/asl_alphabet_train/Q/Q2147.jpg,Q,train
data/raw/asl_alphabet_train/Q/Q997.jpg,Q,train
data/raw/asl_alphabet_train/Q/Q2709.jpg,Q,train
data/raw/asl_alphabet_train/Q/Q2786.jpg,Q,train
data/raw/asl_alphabet_train/Q/Q2267.jpg,Q,train
data/raw/asl_alphabet_train/Q/Q2045.jpg,Q,train
data/raw/asl_alphabet_train/Q/Q1332.jpg,Q,train
data/raw/asl_alphabet_train/Q/Q789.jpg,Q,train
data/raw/asl_alphabet_train/Q/Q2939.jpg,Q,train
data/raw/asl_alphabet_train/Q/Q1299.jpg,Q,train
data/raw/asl_alphabet_train/Q/Q1468.jpg,Q,train
data/raw/asl_alphabet_train/Q/Q2689.jpg,Q,train
data/raw/asl_alphabet_train/Q/Q605.jpg,Q,train
data/raw/asl_alphabet_train/Q/Q2474.jpg,Q,train
data/raw/asl_alphabet_train/Q/Q1462.jpg,Q,train
data/raw/asl_alphabet_train/Q/Q1805.jpg,Q,train
data/raw/asl_alphabet_train/Q/Q2993.jpg,Q,train
data/raw/asl_alphabet_train/Q/Q926.jpg,Q,train
data/raw/asl_alphabet_train/Q/Q316.jpg,Q,train
data/raw/asl_alphabet_train/Q/Q1361.jpg,Q,train
data/raw/asl_alphabet_train/Q/Q1267.jpg,Q,train
data/raw/asl_alphabet_train/Q/Q65.jpg,Q,train
data/raw/asl_alphabet_train/Q/Q2930.jpg,Q,train
data/raw/asl_alphabet_train/Q/Q468.jpg,Q,train
data/raw/asl_alphabet_train/Q/Q639.jpg,Q,train
data/raw/asl_alphabet_train/Q/Q1851.jpg,Q,train
data/raw/asl_alphabet_train/Q/Q1020.jpg,Q,train
data/raw/asl_alphabet_train/Q/Q1257.jpg,Q,train
data/raw/asl_alphabet_train/Q/Q1591.jpg,Q,train
data/raw/asl_alphabet_train/Q/Q2536.jpg,Q,train
data/raw/asl_alphabet_train/Q/Q174.jpg,Q,train
data/raw/asl_alphabet_train/Q/Q499.jpg,Q,train
data/raw/asl_alphabet_train/Q/Q1898.jpg,Q,train
data/raw/asl_alphabet_train/Q/Q2287.jpg,Q,train
data/raw/asl_alphabet_train/Q/Q256.jpg,Q,train
data/raw/asl_alphabet_train/Q/Q706.jpg,Q,train
data/raw/asl_alphabet_train/Q/Q293.jpg,Q,train
data/raw/asl_alphabet_train/Q/Q1725.jpg,Q,train
data/raw/asl_alphabet_train/Q/Q1430.jpg,Q,train
data/raw/asl_alphabet_train/Q/Q486.jpg,Q,train
data/raw/asl_alphabet_train/Q/Q1367.jpg,Q,train
data/raw/asl_alphabet_train/Q/Q2031.jpg,Q,train
data/raw/asl_alphabet_train/Q/Q1480.jpg,Q,train
data/raw/asl_alphabet_train/Q/Q1082.jpg,Q,train
data/raw/asl_alphabet_train/Q/Q26.jpg,Q,train
data/raw/asl_alphabet_train/Q/Q2821.jpg,Q,train
data/raw/asl_alphabet_train/Q/Q2259.jpg,Q,train
data/raw/asl_alphabet_train/Q/Q819.jpg,Q,train
data/raw/asl_alphabet_train/Q/Q993.jpg,Q,train
data/raw/asl_alphabet_train/Q/Q1990.jpg,Q,train
data/raw/asl_alphabet_train/Q/Q4.jpg,Q,train
data/raw/asl_alphabet_train/Q/Q215.jpg,Q,train
data/raw/asl_alphabet_train/Q/Q1069.jpg,Q,train
data/raw/asl_alphabet_train/Q/Q2805.jpg,Q,train
data/raw/asl_alphabet_train/Q/Q1863.jpg,Q,train
data/raw/asl_alphabet_train/Q/Q493.jpg,Q,train
data/raw/asl_alphabet_train/Q/Q2508.jpg,Q,train
data/raw/asl_alphabet_train/Q/Q1508.jpg,Q,train
data/raw/asl_alphabet_train/Q/Q2560.jpg,Q,train
data/raw/asl_alphabet_train/Q/Q1657.jpg,Q,train
data/raw/asl_alphabet_train/Q/Q1913.jpg,Q,train
data/raw/asl_alphabet_train/Q/Q1316.jpg,Q,train
data/raw/asl_alphabet_train/Q/Q196.jpg,Q,train
data/raw/asl_alphabet_train/Q/Q216.jpg,Q,train
data/raw/asl_alphabet_train/Q/Q2885.jpg,Q,train
data/raw/asl_alphabet_train/Q/Q998.jpg,Q,train
data/raw/asl_alphabet_train/Q/Q2687.jpg,Q,train
data/raw/asl_alphabet_train/Q/Q1427.jpg,Q,train
data/raw/asl_alphabet_train/Q/Q1371.jpg,Q,train
data/raw/asl_alphabet_train/Q/Q2153.jpg,Q,train
data/raw/asl_alphabet_train/Q/Q2833.jpg,Q,train
data/raw/asl_alphabet_train/Q/Q885.jpg,Q,train
data/raw/asl_alphabet_train/Q/Q2925.jpg,Q,train
data/raw/asl_alphabet_train/Q/Q2940.jpg,Q,train
data/raw/asl_alphabet_train/Q/Q1262.jpg,Q,train
data/raw/asl_alphabet_train/Q/Q1944.jpg,Q,train
data/raw/asl_alphabet_train/Q/Q2396.jpg,Q,train
data/raw/asl_alphabet_train/Q/Q1872.jpg,Q,train
data/raw/asl_alphabet_train/Q/Q1490.jpg,Q,train
data/raw/asl_alphabet_train/Q/Q896.jpg,Q,train
data/raw/asl_alphabet_train/Q/Q2441.jpg,Q,train
data/raw/asl_alphabet_train/Q/Q2425.jpg,Q,train
data/raw/asl_alphabet_train/Q/Q1417.jpg,Q,train
data/raw/asl_alphabet_train/Q/Q1815.jpg,Q,train
data/raw/asl_alphabet_train/Q/Q1346.jpg,Q,train
data/raw/asl_alphabet_train/Q/Q1137.jpg,Q,train
data/raw/asl_alphabet_train/Q/Q2695.jpg,Q,train
data/raw/asl_alphabet_train/Q/Q1953.jpg,Q,train
data/raw/asl_alphabet_train/Q/Q438.jpg,Q,train
data/raw/asl_alphabet_train/Q/Q1064.jpg,Q,train
data/raw/asl_alphabet_train/Q/Q2948.jpg,Q,train
data/raw/asl_alphabet_train/Q/Q1515.jpg,Q,train
data/raw/asl_alphabet_train/Q/Q1887.jpg,Q,train
data/raw/asl_alphabet_train/Q/Q359.jpg,Q,train
data/raw/asl_alphabet_train/Q/Q2760.jpg,Q,train
data/raw/asl_alphabet_train/Q/Q2256.jpg,Q,train
data/raw/asl_alphabet_train/Q/Q2222.jpg,Q,train
data/raw/asl_alphabet_train/Q/Q686.jpg,Q,train
data/raw/asl_alphabet_train/Q/Q378.jpg,Q,train
data/raw/asl_alphabet_train/Q/Q2303.jpg,Q,train
data/raw/asl_alphabet_train/Q/Q1861.jpg,Q,train
data/raw/asl_alphabet_train/Q/Q2654.jpg,Q,train
data/raw/asl_alphabet_train/Q/Q2598.jpg,Q,train
data/raw/asl_alphabet_train/Q/Q2370.jpg,Q,train
data/raw/asl_alphabet_train/Q/Q2076.jpg,Q,train
data/raw/asl_alphabet_train/Q/Q2945.jpg,Q,train
data/raw/asl_alphabet_train/Q/Q91.jpg,Q,train
data/raw/asl_alphabet_train/Q/Q769.jpg,Q,train
data/raw/asl_alphabet_train/Q/Q371.jpg,Q,train
data/raw/asl_alphabet_train/Q/Q1664.jpg,Q,train
data/raw/asl_alphabet_train/Q/Q1199.jpg,Q,train
data/raw/asl_alphabet_train/Q/Q402.jpg,Q,train
data/raw/asl_alphabet_train/Q/Q165.jpg,Q,train
data/raw/asl_alphabet_train/Q/Q2969.jpg,Q,train
data/raw/asl_alphabet_train/Q/Q2542.jpg,Q,train
data/raw/asl_alphabet_train/Q/Q990.jpg,Q,train
data/raw/asl_alphabet_train/Q/Q311.jpg,Q,train
data/raw/asl_alphabet_train/Q/Q1269.jpg,Q,train
data/raw/asl_alphabet_train/Q/Q2714.jpg,Q,train
data/raw/asl_alphabet_train/Q/Q2079.jpg,Q,train
data/raw/asl_alphabet_train/Q/Q893.jpg,Q,train
data/raw/asl_alphabet_train/Q/Q2251.jpg,Q,train
data/raw/asl_alphabet_train/Q/Q1406.jpg,Q,train
data/raw/asl_alphabet_train/Q/Q479.jpg,Q,train
data/raw/asl_alphabet_train/Q/Q767.jpg,Q,train
data/raw/asl_alphabet_train/Q/Q2652.jpg,Q,train
data/raw/asl_alphabet_train/Q/Q2101.jpg,Q,train
data/raw/asl_alphabet_train/Q/Q844.jpg,Q,train
data/raw/asl_alphabet_train/Q/Q739.jpg,Q,train
data/raw/asl_alphabet_train/Q/Q1256.jpg,Q,train
data/raw/asl_alphabet_train/Q/Q717.jpg,Q,train
data/raw/asl_alphabet_train/Q/Q1640.jpg,Q,train
data/raw/asl_alphabet_train/Q/Q285.jpg,Q,train
data/raw/asl_alphabet_train/Q/Q2236.jpg,Q,train
data/raw/asl_alphabet_train/Q/Q891.jpg,Q,train
data/raw/asl_alphabet_train/Q/Q127.jpg,Q,train
data/raw/asl_alphabet_train/Q/Q2132.jpg,Q,train
data/raw/asl_alphabet_train/Q/Q2535.jpg,Q,train
data/raw/asl_alphabet_train/Q/Q2008.jpg,Q,train
data/raw/asl_alphabet_train/Q/Q1746.jpg,Q,train
data/raw/asl_alphabet_train/Q/Q1019.jpg,Q,train
data/raw/asl_alphabet_train/Q/Q591.jpg,Q,train
data/raw/asl_alphabet_train/Q/Q2180.jpg,Q,train
data/raw/asl_alphabet_train/Q/Q2963.jpg,Q,train
data/raw/asl_alphabet_train/Q/Q219.jpg,Q,train
data/raw/asl_alphabet_train/Q/Q2584.jpg,Q,train
data/raw/asl_alphabet_train/Q/Q2340.jpg,Q,train
data/raw/asl_alphabet_train/Q/Q1029.jpg,Q,train
data/raw/asl_alphabet_train/Q/Q1455.jpg,Q,train
data/raw/asl_alphabet_train/Q/Q2473.jpg,Q,train
data/raw/asl_alphabet_train/Q/Q1644.jpg,Q,train
data/raw/asl_alphabet_train/Q/Q1709.jpg,Q,train
data/raw/asl_alphabet_train/Q/Q490.jpg,Q,train
data/raw/asl_alphabet_train/Q/Q1157.jpg,Q,train
data/raw/asl_alphabet_train/Q/Q1319.jpg,Q,train
data/raw/asl_alphabet_train/Q/Q2888.jpg,Q,train
data/raw/asl_alphabet_train/Q/Q906.jpg,Q,train
data/raw/asl_alphabet_train/Q/Q2798.jpg,Q,train
data/raw/asl_alphabet_train/Q/Q2981.jpg,Q,train
data/raw/asl_alphabet_train/Q/Q5.jpg,Q,train
data/raw/asl_alphabet_train/Q/Q2565.jpg,Q,train
data/raw/asl_alphabet_train/Q/Q749.jpg,Q,train
data/raw/asl_alphabet_train/Q/Q1663.jpg,Q,train
data/raw/asl_alphabet_train/Q/Q187.jpg,Q,train
data/raw/asl_alphabet_train/Q/Q1055.jpg,Q,train
data/raw/asl_alphabet_train/Q/Q1355.jpg,Q,train
data/raw/asl_alphabet_train/Q/Q1482.jpg,Q,train
data/raw/asl_alphabet_train/Q/Q1081.jpg,Q,train
data/raw/asl_alphabet_train/Q/Q529.jpg,Q,train
data/raw/asl_alphabet_train/Q/Q205.jpg,Q,train
data/raw/asl_alphabet_train/Q/Q496.jpg,Q,train
data/raw/asl_alphabet_train/Q/Q1334.jpg,Q,train
data/raw/asl_alphabet_train/Q/Q265.jpg,Q,train
data/raw/asl_alphabet_train/Q/Q949.jpg,Q,train
data/raw/asl_alphabet_train/Q/Q2245.jpg,Q,train
data/raw/asl_alphabet_train/Q/Q2998.jpg,Q,train
data/raw/asl_alphabet_train/Q/Q982.jpg,Q,train
data/raw/asl_alphabet_train/Q/Q928.jpg,Q,train
data/raw/asl_alphabet_train/Q/Q1169.jpg,Q,train
data/raw/asl_alphabet_train/Q/Q1632.jpg,Q,train
data/raw/asl_alphabet_train/Q/Q2133.jpg,Q,train
data/raw/asl_alphabet_train/Q/Q2432.jpg,Q,train
data/raw/asl_alphabet_train/Q/Q788.jpg,Q,train
data/raw/asl_alphabet_train/Q/Q1957.jpg,Q,train
data/raw/asl_alphabet_train/Q/Q1057.jpg,Q,train
data/raw/asl_alphabet_train/Q/Q1220.jpg,Q,train
data/raw/asl_alphabet_train/Q/Q1062.jpg,Q,train
data/raw/asl_alphabet_train/Q/Q2893.jpg,Q,train
data/raw/asl_alphabet_train/Q/Q2661.jpg,Q,train
data/raw/asl_alphabet_train/Q/Q679.jpg,Q,train
data/raw/asl_alphabet_train/Q/Q2007.jpg,Q,train
data/raw/asl_alphabet_train/Q/Q817.jpg,Q,train
data/raw/asl_alphabet_train/Q/Q1637.jpg,Q,train
data/raw/asl_alphabet_train/Q/Q2972.jpg,Q,train
data/raw/asl_alphabet_train/Q/Q1550.jpg,Q,train
data/raw/asl_alphabet_train/Q/Q497.jpg,Q,train
data/raw/asl_alphabet_train/Q/Q1372.jpg,Q,train
data/raw/asl_alphabet_train/Q/Q2952.jpg,Q,train
data/raw/asl_alphabet_train/Q/Q1413.jpg,Q,train
data/raw/asl_alphabet_train/Q/Q1163.jpg,Q,train
data/raw/asl_alphabet_train/Q/Q2124.jpg,Q,train
data/raw/asl_alphabet_train/Q/Q1093.jpg,Q,train
data/raw/asl_alphabet_train/Q/Q2281.jpg,Q,train
data/raw/asl_alphabet_train/Q/Q2054.jpg,Q,train
data/raw/asl_alphabet_train/Q/Q1304.jpg,Q,train
data/raw/asl_alphabet_train/Q/Q1991.jpg,Q,train
data/raw/asl_alphabet_train/Q/Q2240.jpg,Q,train
data/raw/asl_alphabet_train/Q/Q247.jpg,Q,train
data/raw/asl_alphabet_train/Q/Q726.jpg,Q,train
data/raw/asl_alphabet_train/Q/Q1842.jpg,Q,train
data/raw/asl_alphabet_train/Q/Q543.jpg,Q,train
data/raw/asl_alphabet_train/Q/Q2231.jpg,Q,train
data/raw/asl_alphabet_train/Q/Q323.jpg,Q,train
data/raw/asl_alphabet_train/Q/Q1712.jpg,Q,train
data/raw/asl_alphabet_train/Q/Q775.jpg,Q,train
data/raw/asl_alphabet_train/Q/Q642.jpg,Q,train
data/raw/asl_alphabet_train/Q/Q367.jpg,Q,train
data/raw/asl_alphabet_train/Q/Q874.jpg,Q,train
data/raw/asl_alphabet_train/Q/Q723.jpg,Q,train
data/raw/asl_alphabet_train/Q/Q1949.jpg,Q,train
data/raw/asl_alphabet_train/Q/Q633.jpg,Q,train
data/raw/asl_alphabet_train/Q/Q1385.jpg,Q,train
data/raw/asl_alphabet_train/Q/Q1147.jpg,Q,train
data/raw/asl_alphabet_train/Q/Q1563.jpg,Q,train
data/raw/asl_alphabet_train/Q/Q1518.jpg,Q,train
data/raw/asl_alphabet_train/Q/Q1955.jpg,Q,train
data/raw/asl_alphabet_train/Q/Q1838.jpg,Q,train
data/raw/asl_alphabet_train/Q/Q2524.jpg,Q,train
data/raw/asl_alphabet_train/Q/Q964.jpg,Q,train
data/raw/asl_alphabet_train/Q/Q68.jpg,Q,train
data/raw/asl_alphabet_train/Q/Q1947.jpg,Q,train
data/raw/asl_alphabet_train/Q/Q351.jpg,Q,train
data/raw/asl_alphabet_train/Q/Q1325.jpg,Q,train
data/raw/asl_alphabet_train/Q/Q2475.jpg,Q,train
data/raw/asl_alphabet_train/Q/Q1379.jpg,Q,train
data/raw/asl_alphabet_train/Q/Q1598.jpg,Q,train
data/raw/asl_alphabet_train/Q/Q1848.jpg,Q,train
data/raw/asl_alphabet_train/Q/Q1507.jpg,Q,train
data/raw/asl_alphabet_train/Q/Q582.jpg,Q,train
data/raw/asl_alphabet_train/Q/Q1962.jpg,Q,train
data/raw/asl_alphabet_train/Q/Q813.jpg,Q,train
data/raw/asl_alphabet_train/Q/Q709.jpg,Q,train
data/raw/asl_alphabet_train/Q/Q2904.jpg,Q,train
data/raw/asl_alphabet_train/Q/Q994.jpg,Q,train
data/raw/asl_alphabet_train/Q/Q846.jpg,Q,train
data/raw/asl_alphabet_train/Q/Q563.jpg,Q,train
data/raw/asl_alphabet_train/Q/Q2248.jpg,Q,train
data/raw/asl_alphabet_train/Q/Q37.jpg,Q,train
data/raw/asl_alphabet_train/Q/Q142.jpg,Q,train
data/raw/asl_alphabet_train/Q/Q684.jpg,Q,train
data/raw/asl_alphabet_train/Q/Q1224.jpg,Q,train
data/raw/asl_alphabet_train/Q/Q2623.jpg,Q,train
data/raw/asl_alphabet_train/Q/Q2336.jpg,Q,train
data/raw/asl_alphabet_train/Q/Q1511.jpg,Q,train
data/raw/asl_alphabet_train/Q/Q82.jpg,Q,train
data/raw/asl_alphabet_train/Q/Q1800.jpg,Q,train
data/raw/asl_alphabet_train/Q/Q2409.jpg,Q,train
data/raw/asl_alphabet_train/Q/Q2973.jpg,Q,train
data/raw/asl_alphabet_train/Q/Q678.jpg,Q,train
data/raw/asl_alphabet_train/Q/Q1311.jpg,Q,train
data/raw/asl_alphabet_train/Q/Q1833.jpg,Q,train
data/raw/asl_alphabet_train/Q/Q2793.jpg,Q,train
data/raw/asl_alphabet_train/Q/Q713.jpg,Q,train
data/raw/asl_alphabet_train/Q/Q1450.jpg,Q,train
data/raw/asl_alphabet_train/Q/Q2025.jpg,Q,train
data/raw/asl_alphabet_train/Q/Q1330.jpg,Q,train
data/raw/asl_alphabet_train/Q/Q1542.jpg,Q,train
data/raw/asl_alphabet_train/Q/Q862.jpg,Q,train
data/raw/asl_alphabet_train/Q/Q2159.jpg,Q,train
data/raw/asl_alphabet_train/Q/Q2421.jpg,Q,train
data/raw/asl_alphabet_train/Q/Q435.jpg,Q,train
data/raw/asl_alphabet_train/Q/Q2665.jpg,Q,train
data/raw/asl_alphabet_train/Q/Q1130.jpg,Q,train
data/raw/asl_alphabet_train/Q/Q742.jpg,Q,train
data/raw/asl_alphabet_train/Q/Q2273.jpg,Q,train
data/raw/asl_alphabet_train/Q/Q1098.jpg,Q,train
data/raw/asl_alphabet_train/Q/Q353.jpg,Q,train
data/raw/asl_alphabet_train/Q/Q2190.jpg,Q,train
data/raw/asl_alphabet_train/Q/Q1092.jpg,Q,train
data/raw/asl_alphabet_train/Q/Q1670.jpg,Q,train
data/raw/asl_alphabet_train/Q/Q1012.jpg,Q,train
data/raw/asl_alphabet_train/Q/Q1576.jpg,Q,train
data/raw/asl_alphabet_train/Q/Q501.jpg,Q,train
data/raw/asl_alphabet_train/Q/Q1397.jpg,Q,train
data/raw/asl_alphabet_train/Q/Q384.jpg,Q,train
data/raw/asl_alphabet_train/Q/Q192.jpg,Q,train
data/raw/asl_alphabet_train/Q/Q17.jpg,Q,train
data/raw/asl_alphabet_train/Q/Q904.jpg,Q,train
data/raw/asl_alphabet_train/Q/Q763.jpg,Q,train
data/raw/asl_alphabet_train/Q/Q1877.jpg,Q,train
data/raw/asl_alphabet_train/Q/Q2901.jpg,Q,train
data/raw/asl_alphabet_train/Q/Q392.jpg,Q,train
data/raw/asl_alphabet_train/Q/Q2860.jpg,Q,train
data/raw/asl_alphabet_train/Q/Q372.jpg,Q,train
data/raw/asl_alphabet_train/Q/Q610.jpg,Q,train
data/raw/asl_alphabet_train/Q/Q107.jpg,Q,train
data/raw/asl_alphabet_train/Q/Q1853.jpg,Q,train
data/raw/asl_alphabet_train/Q/Q2481.jpg,Q,train
data/raw/asl_alphabet_train/Q/Q2830.jpg,Q,train
data/raw/asl_alphabet_train/Q/Q2856.jpg,Q,train
data/raw/asl_alphabet_train/Q/Q1178.jpg,Q,train
data/raw/asl_alphabet_train/Q/Q257.jpg,Q,train
data/raw/asl_alphabet_train/Q/Q416.jpg,Q,train
data/raw/asl_alphabet_train/Q/Q1665.jpg,Q,train
data/raw/asl_alphabet_train/Q/Q1341.jpg,Q,train
data/raw/asl_alphabet_train/Q/Q850.jpg,Q,train
data/raw/asl_alphabet_train/Q/Q1161.jpg,Q,train
data/raw/asl_alphabet_train/Q/Q1059.jpg,Q,train
data/raw/asl_alphabet_train/Q/Q927.jpg,Q,train
data/raw/asl_alphabet_train/Q/Q969.jpg,Q,train
data/raw/asl_alphabet_train/Q/Q124.jpg,Q,train
data/raw/asl_alphabet_train/Q/Q1484.jpg,Q,train
data/raw/asl_alphabet_train/Q/Q953.jpg,Q,train
data/raw/asl_alphabet_train/Q/Q847.jpg,Q,train
data/raw/asl_alphabet_train/Q/Q1120.jpg,Q,train
data/raw/asl_alphabet_train/Q/Q1982.jpg,Q,train
data/raw/asl_alphabet_train/Q/Q752.jpg,Q,train
data/raw/asl_alphabet_train/Q/Q557.jpg,Q,train
data/raw/asl_alphabet_train/Q/Q491.jpg,Q,train
data/raw/asl_alphabet_train/Q/Q2099.jpg,Q,val
data/raw/asl_alphabet_train/Q/Q2985.jpg,Q,val
data/raw/asl_alphabet_train/Q/Q1068.jpg,Q,val
data/raw/asl_alphabet_train/Q/Q2867.jpg,Q,val
data/raw/asl_alphabet_train/Q/Q2556.jpg,Q,val
data/raw/asl_alphabet_train/Q/Q2582.jpg,Q,val
data/raw/asl_alphabet_train/Q/Q333.jpg,Q,val
data/raw/asl_alphabet_train/Q/Q2641.jpg,Q,val
data/raw/asl_alphabet_train/Q/Q1183.jpg,Q,val
data/raw/asl_alphabet_train/Q/Q1290.jpg,Q,val
data/raw/asl_alphabet_train/Q/Q229.jpg,Q,val
data/raw/asl_alphabet_train/Q/Q867.jpg,Q,val
data/raw/asl_alphabet_train/Q/Q104.jpg,Q,val
data/raw/asl_alphabet_train/Q/Q1156.jpg,Q,val
data/raw/asl_alphabet_train/Q/Q912.jpg,Q,val
data/raw/asl_alphabet_train/Q/Q508.jpg,Q,val
data/raw/asl_alphabet_train/Q/Q659.jpg,Q,val
data/raw/asl_alphabet_train/Q/Q699.jpg,Q,val
data/raw/asl_alphabet_train/Q/Q2691.jpg,Q,val
data/raw/asl_alphabet_train/Q/Q276.jpg,Q,val
data/raw/asl_alphabet_train/Q/Q2976.jpg,Q,val
data/raw/asl_alphabet_train/Q/Q1905.jpg,Q,val
data/raw/asl_alphabet_train/Q/Q1368.jpg,Q,val
data/raw/asl_alphabet_train/Q/Q2633.jpg,Q,val
data/raw/asl_alphabet_train/Q/Q2014.jpg,Q,val
data/raw/asl_alphabet_train/Q/Q132.jpg,Q,val
data/raw/asl_alphabet_train/Q/Q2814.jpg,Q,val
data/raw/asl_alphabet_train/Q/Q1083.jpg,Q,val
data/raw/asl_alphabet_train/Q/Q2510.jpg,Q,val
data/raw/asl_alphabet_train/Q/Q835.jpg,Q,val
data/raw/asl_alphabet_train/Q/Q25.jpg,Q,val
data/raw/asl_alphabet_train/Q/Q2149.jpg,Q,val
data/raw/asl_alphabet_train/Q/Q439.jpg,Q,val
data/raw/asl_alphabet_train/Q/Q881.jpg,Q,val
data/raw/asl_alphabet_train/Q/Q2480.jpg,Q,val
data/raw/asl_alphabet_train/Q/Q1415.jpg,Q,val
data/raw/asl_alphabet_train/Q/Q2385.jpg,Q,val
data/raw/asl_alphabet_train/Q/Q2.jpg,Q,val
data/raw/asl_alphabet_train/Q/Q1176.jpg,Q,val
data/raw/asl_alphabet_train/Q/Q326.jpg,Q,val
data/raw/asl_alphabet_train/Q/Q2742.jpg,Q,val
data/raw/asl_alphabet_train/Q/Q2617.jpg,Q,val
data/raw/asl_alphabet_train/Q/Q918.jpg,Q,val
data/raw/asl_alphabet_train/Q/Q130.jpg,Q,val
data/raw/asl_alphabet_train/Q/Q2768.jpg,Q,val
data/raw/asl_alphabet_train/Q/Q200.jpg,Q,val
data/raw/asl_alphabet_train/Q/Q1358.jpg,Q,val
data/raw/asl_alphabet_train/Q/Q2487.jpg,Q,val
data/raw/asl_alphabet_train/Q/Q1938.jpg,Q,val
data/raw/asl_alphabet_train/Q/Q1855.jpg,Q,val
data/raw/asl_alphabet_train/Q/Q1565.jpg,Q,val
data/raw/asl_alphabet_train/Q/Q2214.jpg,Q,val
data/raw/asl_alphabet_train/Q/Q1927.jpg,Q,val
data/raw/asl_alphabet_train/Q/Q445.jpg,Q,val
data/raw/asl_alphabet_train/Q/Q2350.jpg,Q,val
data/raw/asl_alphabet_train/Q/Q513.jpg,Q,val
data/raw/asl_alphabet_train/Q/Q2868.jpg,Q,val
data/raw/asl_alphabet_train/Q/Q2785.jpg,Q,val
data/raw/asl_alphabet_train/Q/Q444.jpg,Q,val
data/raw/asl_alphabet_train/Q/Q487.jpg,Q,val
data/raw/asl_alphabet_train/Q/Q2509.jpg,Q,val
data/raw/asl_alphabet_train/Q/Q47.jpg,Q,val
data/raw/asl_alphabet_train/Q/Q1253.jpg,Q,val
data/raw/asl_alphabet_train/Q/Q2702.jpg,Q,val
data/raw/asl_alphabet_train/Q/Q1742.jpg,Q,val
data/raw/asl_alphabet_train/Q/Q1894.jpg,Q,val
data/raw/asl_alphabet_train/Q/Q2534.jpg,Q,val
data/raw/asl_alphabet_train/Q/Q2502.jpg,Q,val
data/raw/asl_alphabet_train/Q/Q1618.jpg,Q,val
data/raw/asl_alphabet_train/Q/Q647.jpg,Q,val
data/raw/asl_alphabet_train/Q/Q1103.jpg,Q,val
data/raw/asl_alphabet_train/Q/Q2468.jpg,Q,val
data/raw/asl_alphabet_train/Q/Q1662.jpg,Q,val
data/raw/asl_alphabet_train/Q/Q711.jpg,Q,val
data/raw/asl_alphabet_train/Q/Q43.jpg,Q,val
data/raw/asl_alphabet_train/Q/Q2788.jpg,Q,val
data/raw/asl_alphabet_train/Q/Q2966.jpg,Q,val
data/raw/asl_alphabet_train/Q/Q602.jpg,Q,val
data/raw/asl_alphabet_train/Q/Q1641.jpg,Q,val
data/raw/asl_alphabet_train/Q/Q2720.jpg,Q,val
data/raw/asl_alphabet_train/Q/Q337.jpg,Q,val
data/raw/asl_alphabet_train/Q/Q2991.jpg,Q,val
data/raw/asl_alphabet_train/Q/Q2498.jpg,Q,val
data/raw/asl_alphabet_train/Q/Q2956.jpg,Q,val
data/raw/asl_alphabet_train/Q/Q118.jpg,Q,val
data/raw/asl_alphabet_train/Q/Q2443.jpg,Q,val
data/raw/asl_alphabet_train/Q/Q313.jpg,Q,val
data/raw/asl_alphabet_train/Q/Q1771.jpg,Q,val
data/raw/asl_alphabet_train/Q/Q1171.jpg,Q,val
data/raw/asl_alphabet_train/Q/Q528.jpg,Q,val
data/raw/asl_alphabet_train/Q/Q1276.jpg,Q,test
data/raw/asl_alphabet_train/Q/Q494.jpg,Q,test
data/raw/asl_alphabet_train/Q/Q650.jpg,Q,test
data/raw/asl_alphabet_train/Q/Q1407.jpg,Q,test
data/raw/asl_alphabet_train/Q/Q2204.jpg,Q,test
data/raw/asl_alphabet_train/Q/Q227.jpg,Q,test
data/raw/asl_alphabet_train/Q/Q2732.jpg,Q,test
data/raw/asl_alphabet_train/Q/Q460.jpg,Q,test
data/raw/asl_alphabet_train/Q/Q1876.jpg,Q,test
data/raw/asl_alphabet_train/Q/Q458.jpg,Q,test
data/raw/asl_alphabet_train/Q/Q2567.jpg,Q,test
data/raw/asl_alphabet_train/Q/Q1981.jpg,Q,test
data/raw/asl_alphabet_train/Q/Q151.jpg,Q,test
data/raw/asl_alphabet_train/Q/Q2625.jpg,Q,test
data/raw/asl_alphabet_train/Q/Q117.jpg,Q,test
data/raw/asl_alphabet_train/Q/Q2787.jpg,Q,test
data/raw/asl_alphabet_train/Q/Q1535.jpg,Q,test
data/raw/asl_alphabet_train/Q/Q1434.jpg,Q,test
data/raw/asl_alphabet_train/Q/Q882.jpg,Q,test
data/raw/asl_alphabet_train/Q/Q1117.jpg,Q,test
data/raw/asl_alphabet_train/Q/Q1096.jpg,Q,test
data/raw/asl_alphabet_train/Q/Q1750.jpg,Q,test
data/raw/asl_alphabet_train/Q/Q2688.jpg,Q,test
data/raw/asl_alphabet_train/Q/Q1073.jpg,Q,test
data/raw/asl_alphabet_train/Q/Q856.jpg,Q,test
data/raw/asl_alphabet_train/Q/Q1210.jpg,Q,test
data/raw/asl_alphabet_train/Q/Q1589.jpg,Q,test
data/raw/asl_alphabet_train/Q/Q168.jpg,Q,test
data/raw/asl_alphabet_train/Q/Q884.jpg,Q,test
data/raw/asl_alphabet_train/Q/Q2926.jpg,Q,test
data/raw/asl_alphabet_train/Q/Q1141.jpg,Q,test
data/raw/asl_alphabet_train/Q/Q89.jpg,Q,test
data/raw/asl_alphabet_train/Q/Q2372.jpg,Q,test
data/raw/asl_alphabet_train/Q/Q2402.jpg,Q,test
data/raw/asl_alphabet_train/Q/Q2577.jpg,Q,test
data/raw/asl_alphabet_train/Q/Q386.jpg,Q,test
data/raw/asl_alphabet_train/Q/Q1693.jpg,Q,test
data/raw/asl_alphabet_train/Q/Q1522.jpg,Q,test
data/raw/asl_alphabet_train/Q/Q110.jpg,Q,test
data/raw/asl_alphabet_train/Q/Q1824.jpg,Q,test
data/raw/asl_alphabet_train/Q/Q1060.jpg,Q,test
data/raw/asl_alphabet_train/Q/Q2353.jpg,Q,test
data/raw/asl_alphabet_train/Q/Q1175.jpg,Q,test
data/raw/asl_alphabet_train/Q/Q1532.jpg,Q,test
data/raw/asl_alphabet_train/Q/Q1387.jpg,Q,test
data/raw/asl_alphabet_train/Q/Q1611.jpg,Q,test
data/raw/asl_alphabet_train/Q/Q1622.jpg,Q,test
data/raw/asl_alphabet_train/Q/Q2338.jpg,Q,test
data/raw/asl_alphabet_train/Q/Q2909.jpg,Q,test
data/raw/asl_alphabet_train/Q/Q21.jpg,Q,test
data/raw/asl_alphabet_train/Q/Q461.jpg,Q,test
data/raw/asl_alphabet_train/Q/Q653.jpg,Q,test
data/raw/asl_alphabet_train/Q/Q593.jpg,Q,test
data/raw/asl_alphabet_train/Q/Q1392.jpg,Q,test
data/raw/asl_alphabet_train/Q/Q682.jpg,Q,test
data/raw/asl_alphabet_train/Q/Q640.jpg,Q,test
data/raw/asl_alphabet_train/Q/Q779.jpg,Q,test
data/raw/asl_alphabet_train/Q/Q985.jpg,Q,test
data/raw/asl_alphabet_train/Q/Q793.jpg,Q,test
data/raw/asl_alphabet_train/Q/Q2408.jpg,Q,test
data/raw/asl_alphabet_train/Q/Q1963.jpg,Q,test
data/raw/asl_alphabet_train/Q/Q2065.jpg,Q,test
data/raw/asl_alphabet_train/Q/Q913.jpg,Q,test
data/raw/asl_alphabet_train/Q/Q318.jpg,Q,test
data/raw/asl_alphabet_train/Q/Q225.jpg,Q,test
data/raw/asl_alphabet_train/Q/Q738.jpg,Q,test
data/raw/asl_alphabet_train/Q/Q2036.jpg,Q,test
data/raw/asl_alphabet_train/Q/Q297.jpg,Q,test
data/raw/asl_alphabet_train/Q/Q1919.jpg,Q,test
data/raw/asl_alphabet_train/Q/Q159.jpg,Q,test
data/raw/asl_alphabet_train/Q/Q2449.jpg,Q,test
data/raw/asl_alphabet_train/Q/Q986.jpg,Q,test
data/raw/asl_alphabet_train/Q/Q1296.jpg,Q,test
data/raw/asl_alphabet_train/Q/Q2250.jpg,Q,test
data/raw/asl_alphabet_train/Q/Q1135.jpg,Q,test
data/raw/asl_alphabet_train/Q/Q841.jpg,Q,test
data/raw/asl_alphabet_train/Q/Q1396.jpg,Q,test
data/raw/asl_alphabet_train/Q/Q824.jpg,Q,test
data/raw/asl_alphabet_train/Q/Q1452.jpg,Q,test
data/raw/asl_alphabet_train/Q/Q2585.jpg,Q,test
data/raw/asl_alphabet_train/Q/Q262.jpg,Q,test
data/raw/asl_alphabet_train/Q/Q1580.jpg,Q,test
data/raw/asl_alphabet_train/Q/Q1265.jpg,Q,test
data/raw/asl_alphabet_train/Q/Q1650.jpg,Q,test
data/raw/asl_alphabet_train/Q/Q489.jpg,Q,test
data/raw/asl_alphabet_train/Q/Q417.jpg,Q,test
data/raw/asl_alphabet_train/Q/Q365.jpg,Q,test
data/raw/asl_alphabet_train/Q/Q2779.jpg,Q,test
data/raw/asl_alphabet_train/Q/Q2583.jpg,Q,test
data/raw/asl_alphabet_train/Q/Q545.jpg,Q,test
data/raw/asl_alphabet_train/R/R1236.jpg,R,train
data/raw/asl_alphabet_train/R/R1795.jpg,R,train
data/raw/asl_alphabet_train/R/R2793.jpg,R,train
data/raw/asl_alphabet_train/R/R1773.jpg,R,train
data/raw/asl_alphabet_train/R/R1680.jpg,R,train
data/raw/asl_alphabet_train/R/R84.jpg,R,train
data/raw/asl_alphabet_train/R/R2418.jpg,R,train
data/raw/asl_alphabet_train/R/R195.jpg,R,train
data/raw/asl_alphabet_train/R/R1233.jpg,R,train
data/raw/asl_alphabet_train/R/R837.jpg,R,train
data/raw/asl_alphabet_train/R/R2170.jpg,R,train
data/raw/asl_alphabet_train/R/R2598.jpg,R,train
data/raw/asl_alphabet_train/R/R1003.jpg,R,train
data/raw/asl_alphabet_train/R/R2296.jpg,R,train
data/raw/asl_alphabet_train/R/R396.jpg,R,train
data/raw/asl_alphabet_train/R/R2511.jpg,R,train
data/raw/asl_alphabet_train/R/R785.jpg,R,train
data/raw/asl_alphabet_train/R/R699.jpg,R,train
data/raw/asl_alphabet_train/R/R1910.jpg,R,train
data/raw/asl_alphabet_train/R/R1091.jpg,R,train
data/raw/asl_alphabet_train/R/R2751.jpg,R,train
data/raw/asl_alphabet_train/R/R430.jpg,R,train
data/raw/asl_alphabet_train/R/R2427.jpg,R,train
data/raw/asl_alphabet_train/R/R1777.jpg,R,train
data/raw/asl_alphabet_train/R/R2599.jpg,R,train
data/raw/asl_alphabet_train/R/R1779.jpg,R,train
data/raw/asl_alphabet_train/R/R1388.jpg,R,train
data/raw/asl_alphabet_train/R/R1269.jpg,R,train
data/raw/asl_alphabet_train/R/R2701.jpg,R,train
data/raw/asl_alphabet_train/R/R72.jpg,R,train
data/raw/asl_alphabet_train/R/R2310.jpg,R,train
data/raw/asl_alphabet_train/R/R2153.jpg,R,train
data/raw/asl_alphabet_train/R/R297.jpg,R,train
data/raw/asl_alphabet_train/R/R387.jpg,R,train
data/raw/asl_alphabet_train/R/R499.jpg,R,train
data/raw/asl_alphabet_train/R/R339.jpg,R,train
data/raw/asl_alphabet_train/R/R573.jpg,R,train
data/raw/asl_alphabet_train/R/R2640.jpg,R,train
data/raw/asl_alphabet_train/R/R1323.jpg,R,train
data/raw/asl_alphabet_train/R/R2229.jpg,R,train
data/raw/asl_alphabet_train/R/R929.jpg,R,train
data/raw/asl_alphabet_train/R/R413.jpg,R,train
data/raw/asl_alphabet_train/R/R612.jpg,R,train
data/raw/asl_alphabet_train/R/R560.jpg,R,train
data/raw/asl_alphabet_train/R/R222.jpg,R,train
data/raw/asl_alphabet_train/R/R1882.jpg,R,train
data/raw/asl_alphabet_train/R/R779.jpg,R,train
data/raw/asl_alphabet_train/R/R761.jpg,R,train
data/raw/asl_alphabet_train/R/R92.jpg,R,train
data/raw/asl_alphabet_train/R/R1951.jpg,R,train
data/raw/asl_alphabet_train/R/R897.jpg,R,train
data/raw/asl_alphabet_train/R/R1515.jpg,R,train
data/raw/asl_alphabet_train/R/R317.jpg,R,train
data/raw/asl_alphabet_train/R/R1566.jpg,R,train
data/raw/asl_alphabet_train/R/R1830.jpg,R,train
data/raw/asl_alphabet_train/R/R429.jpg,R,train
data/raw/asl_alphabet_train/R/R61.jpg,R,train
data/raw/asl_alphabet_train/R/R2253.jpg,R,train
data/raw/asl_alphabet_train/R/R570.jpg,R,train
data/raw/asl_alphabet_train/R/R2159.jpg,R,train
data/raw/asl_alphabet_train/R/R2027.jpg,R,train
data/raw/asl_alphabet_train/R/R2431.jpg,R,train
data/raw/asl_alphabet_train/R/R1590.jpg,R,train
data/raw/asl_alphabet_train/R/R2716.jpg,R,train
data/raw/asl_alphabet_train/R/R220.jpg,R,train
data/raw/asl_alphabet_train/R/R127.jpg,R,train
data/raw/asl_alphabet_train/R/R1026.jpg,R,train
data/raw/asl_alphabet_train/R/R2423.jpg,R,train
data/raw/asl_alphabet_train/R/R2872.jpg,R,train
data/raw/asl_alphabet_train/R/R978.jpg,R,train
data/raw/asl_alphabet_train/R/R1007.jpg,R,train
data/raw/asl_alphabet_train/R/R2960.jpg,R,train
data/raw/asl_alphabet_train/R/R1127.jpg,R,train
data/raw/asl_alphabet_train/R/R1973.jpg,R,train
data/raw/asl_alphabet_train/R/R1260.jpg,R,train
data/raw/asl_alphabet_train/R/R237.jpg,R,train
data/raw/asl_alphabet_train/R/R2331.jpg,R,train
data/raw/asl_alphabet_train/R/R998.jpg,R,train
data/raw/asl_alphabet_train/R/R100.jpg,R,train
data/raw/asl_alphabet_train/R/R840.jpg,R,train
data/raw/asl_alphabet_train/R/R394.jpg,R,train
data/raw/asl_alphabet_train/R/R2315.jpg,R,train
data/raw/asl_alphabet_train/R/R2364.jpg,R,train
data/raw/asl_alphabet_train/R/R2976.jpg,R,train
data/raw/asl_alphabet_train/R/R1353.jpg,R,train
data/raw/asl_alphabet_train/R/R2797.jpg,R,train
data/raw/asl_alphabet_train/R/R329.jpg,R,train
data/raw/asl_alphabet_train/R/R2698.jpg,R,train
data/raw/asl_alphabet_train/R/R582.jpg,R,train
data/raw/asl_alphabet_train/R/R2228.jpg,R,train
data/raw/asl_alphabet_train/R/R13.jpg,R,train
data/raw/asl_alphabet_train/R/R845.jpg,R,train
data/raw/asl_alphabet_train/R/R960.jpg,R,train
data/raw/asl_alphabet_train/R/R2853.jpg,R,train
data/raw/asl_alphabet_train/R/R56.jpg,R,train
data/raw/asl_alphabet_train/R/R2023.jpg,R,train
data/raw/asl_alphabet_train/R/R853.jpg,R,train
data/raw/asl_alphabet_train/R/R792.jpg,R,train
data/raw/asl_alphabet_train/R/R2563.jpg,R,train
data/raw/asl_alphabet_train/R/R954.jpg,R,train
data/raw/asl_alphabet_train/R/R2068.jpg,R,train
data/raw/asl_alphabet_train/R/R844.jpg,R,train
data/raw/asl_alphabet_train/R/R2083.jpg,R,train
data/raw/asl_alphabet_train/R/R2000.jpg,R,train
data/raw/asl_alphabet_train/R/R1121.jpg,R,train
data/raw/asl_alphabet_train/R/R118.jpg,R,train
data/raw/asl_alphabet_train/R/R392.jpg,R,train
data/raw/asl_alphabet_train/R/R2148.jpg,R,train
data/raw/asl_alphabet_train/R/R124.jpg,R,train
data/raw/asl_alphabet_train/R/R2742.jpg,R,train
data/raw/asl_alphabet_train/R/R208.jpg,R,train
data/raw/asl_alphabet_train/R/R2354.jpg,R,train
data/raw/asl_alphabet_train/R/R1761.jpg,R,train
data/raw/asl_alphabet_train/R/R2399.jpg,R,train
data/raw/asl_alphabet_train/R/R2483.jpg,R,train
data/raw/asl_alphabet_train/R/R2075.jpg,R,train
data/raw/asl_alphabet_train/R/R1257.jpg,R,train
data/raw/asl_alphabet_train/R/R2945.jpg,R,train
data/raw/asl_alphabet_train/R/R166.jpg,R,train
data/raw/asl_alphabet_train/R/R1600.jpg,R,train
data/raw/asl_alphabet_train/R/R1340.jpg,R,train
data/raw/asl_alphabet_train/R/R55.jpg,R,train
data/raw/asl_alphabet_train/R/R667.jpg,R,train
data/raw/asl_alphabet_train/R/R1339.jpg,R,train
data/raw/asl_alphabet_train/R/R1439.jpg,R,train
data/raw/asl_alphabet_train/R/R1107.jpg,R,train
data/raw/asl_alphabet_train/R/R2628.jpg,R,train
data/raw/asl_alphabet_train/R/R150.jpg,R,train
data/raw/asl_alphabet_train/R/R2377.jpg,R,train
data/raw/asl_alphabet_train/R/R1968.jpg,R,train
data/raw/asl_alphabet_train/R/R1638.jpg,R,train
data/raw/asl_alphabet_train/R/R1805.jpg,R,train
data/raw/asl_alphabet_train/R/R263.jpg,R,train
data/raw/asl_alphabet_train/R/R225.jpg,R,train
data/raw/asl_alphabet_train/R/R2521.jpg,R,train
data/raw/asl_alphabet_train/R/R688.jpg,R,train
data/raw/asl_alphabet_train/R/R1058.jpg,R,train
data/raw/asl_alphabet_train/R/R2969.jpg,R,train
data/raw/asl_alphabet_train/R/R2993.jpg,R,train
data/raw/asl_alphabet_train/R/R2798.jpg,R,train
data/raw/asl_alphabet_train/R/R1249.jpg,R,train
data/raw/asl_alphabet_train/R/R952.jpg,R,train
data/raw/asl_alphabet_train/R/R1808.jpg,R,train
data/raw/asl_alphabet_train/R/R2011.jpg,R,train
data/raw/asl_alphabet_train/R/R2429.jpg,R,train
data/raw/asl_alphabet_train/R/R1650.jpg,R,train
data/raw/asl_alphabet_train/R/R544.jpg,R,train
data/raw/asl_alphabet_train/R/R1593.jpg,R,train
data/raw/asl_alphabet_train/R/R600.jpg,R,train
data/raw/asl_alphabet_train/R/R1524.jpg,R,train
data/raw/asl_alphabet_train/R/R1864.jpg,R,train
data/raw/asl_alphabet_train/R/R2546.jpg,R,train
data/raw/asl_alphabet_train/R/R1626.jpg,R,train
data/raw/asl_alphabet_train/R/R706.jpg,R,train
data/raw/asl_alphabet_train/R/R2596.jpg,R,train
data/raw/asl_alphabet_train/R/R223.jpg,R,train
data/raw/asl_alphabet_train/R/R666.jpg,R,train
data/raw/asl_alphabet_train/R/R450.jpg,R,train
data/raw/asl_alphabet_train/R/R1517.jpg,R,train
data/raw/asl_alphabet_train/R/R322.jpg,R,train
data/raw/asl_alphabet_train/R/R762.jpg,R,train
data/raw/asl_alphabet_train/R/R1917.jpg,R,train
data/raw/asl_alphabet_train/R/R2222.jpg,R,train
data/raw/asl_alphabet_train/R/R851.jpg,R,train
data/raw/asl_alphabet_train/R/R2703.jpg,R,train
data/raw/asl_alphabet_train/R/R2257.jpg,R,train
data/raw/asl_alphabet_train/R/R2838.jpg,R,train
data/raw/asl_alphabet_train/R/R1164.jpg,R,train
data/raw/asl_alphabet_train/R/R1630.jpg,R,train
data/raw/asl_alphabet_train/R/R2611.jpg,R,train
data/raw/asl_alphabet_train/R/R2874.jpg,R,train
data/raw/asl_alphabet_train/R/R434.jpg,R,train
data/raw/asl_alphabet_train/R/R370.jpg,R,train
data/raw/asl_alphabet_train/R/R2409.jpg,R,train
data/raw/asl_alphabet_train/R/R1068.jpg,R,train
data/raw/asl_alphabet_train/R/R1206.jpg,R,train
data/raw/asl_alphabet_train/R/R1697.jpg,R,train
data/raw/asl_alphabet_train/R/R1246.jpg,R,train
data/raw/asl_alphabet_train/R/R1442.jpg,R,train
data/raw/asl_alphabet_train/R/R2737.jpg,R,train
data/raw/asl_alphabet_train/R/R1818.jpg,R,train
data/raw/asl_alphabet_train/R/R1212.jpg,R,train
data/raw/asl_alphabet_train/R/R2471.jpg,R,train
data/raw/asl_alphabet_train/R/R2597.jpg,R,train
data/raw/asl_alphabet_train/R/R2939.jpg,R,train
data/raw/asl_alphabet_train/R/R2802.jpg,R,train
data/raw/asl_alphabet_train/R/R1117.jpg,R,train
data/raw/asl_alphabet_train/R/R2321.jpg,R,train
data/raw/asl_alphabet_train/R/R215.jpg,R,train
data/raw/asl_alphabet_train/R/R528.jpg,R,train
data/raw/asl_alphabet_train/R/R850.jpg,R,train
data/raw/asl_alphabet_train/R/R541.jpg,R,train
data/raw/asl_alphabet_train/R/R2787.jpg,R,train
data/raw/asl_alphabet_train/R/R1096.jpg,R,train
data/raw/asl_alphabet_train/R/R623.jpg,R,train
data/raw/asl_alphabet_train/R/R1665.jpg,R,train
data/raw/asl_alphabet_train/R/R347.jpg,R,train
data/raw/asl_alphabet_train/R/R199.jpg,R,train
data/raw/asl_alphabet_train/R/R161.jpg,R,train
data/raw/asl_alphabet_train/R/R1264.jpg,R,train
data/raw/asl_alphabet_train/R/R2783.jpg,R,train
data/raw/asl_alphabet_train/R/R2484.jpg,R,train
data/raw/asl_alphabet_train/R/R714.jpg,R,train
data/raw/asl_alphabet_train/R/R182.jpg,R,train
data/raw/asl_alphabet_train/R/R1924.jpg,R,train
data/raw/asl_alphabet_train/R/R2843.jpg,R,train
data/raw/asl_alphabet_train/R/R2298.jpg,R,train
data/raw/asl_alphabet_train/R/R633.jpg,R,train
data/raw/asl_alphabet_train/R/R333.jpg,R,train
data/raw/asl_alphabet_train/R/R1624.jpg,R,train
data/raw/asl_alphabet_train/R/R535.jpg,R,train
data/raw/asl_alphabet_train/R/R1981.jpg,R,train
data/raw/asl_alphabet_train/R/R2060.jpg,R,train
data/raw/asl_alphabet_train/R/R753.jpg,R,train
data/raw/asl_alphabet_train/R/R2897.jpg,R,train
data/raw/asl_alphabet_train/R/R766.jpg,R,train
data/raw/asl_alphabet_train/R/R2084.jpg,R,train
data/raw/asl_alphabet_train/R/R232.jpg,R,train
data/raw/asl_alphabet_train/R/R1840.jpg,R,train
data/raw/asl_alphabet_train/R/R454.jpg,R,train
data/raw/asl_alphabet_train/R/R68.jpg,R,train
data/raw/asl_alphabet_train/R/R266.jpg,R,train
data/raw/asl_alphabet_train/R/R2149.jpg,R,train
data/raw/asl_alphabet_train/R/R1384.jpg,R,train
data/raw/asl_alphabet_train/R/R2674.jpg,R,train
data/raw/asl_alphabet_train/R/R738.jpg,R,train
data/raw/asl_alphabet_train/R/R1080.jpg,R,train
data/raw/asl_alphabet_train/R/R1955.jpg,R,train
data/raw/asl_alphabet_train/R/R1112.jpg,R,train
data/raw/asl_alphabet_train/R/R2799.jpg,R,train
data/raw/asl_alphabet_train/R/R284.jpg,R,train
data/raw/asl_alphabet_train/R/R2316.jpg,R,train
data/raw/asl_alphabet_train/R/R328.jpg,R,train
data/raw/asl_alphabet_train/R/R948.jpg,R,train
data/raw/asl_alphabet_train/R/R1118.jpg,R,train
data/raw/asl_alphabet_train/R/R821.jpg,R,train
data/raw/asl_alphabet_train/R/R1002.jpg,R,train
data/raw/asl_alphabet_train/R/R1906.jpg,R,train
data/raw/asl_alphabet_train/R/R966.jpg,R,train
data/raw/asl_alphabet_train/R/R2925.jpg,R,train
data/raw/asl_alphabet_train/R/R593.jpg,R,train
data/raw/asl_alphabet_train/R/R1098.jpg,R,train
data/raw/asl_alphabet_train/R/R767.jpg,R,train
data/raw/asl_alphabet_train/R/R1747.jpg,R,train
data/raw/asl_alphabet_train/R/R749.jpg,R,train
data/raw/asl_alphabet_train/R/R79.jpg,R,train
data/raw/asl_alphabet_train/R/R2241.jpg,R,train
data/raw/asl_alphabet_train/R/R281.jpg,R,train
data/raw/asl_alphabet_train/R/R2480.jpg,R,train
data/raw/asl_alphabet_train/R/R2246.jpg,R,train
data/raw/asl_alphabet_train/R/R1851.jpg,R,train
data/raw/asl_alphabet_train/R/R808.jpg,R,train
data/raw/asl_alphabet_train/R/R777.jpg,R,train
data/raw/asl_alphabet_train/R/R797.jpg,R,train
data/raw/asl_alphabet_train/R/R1519.jpg,R,train
data/raw/asl_alphabet_train/R/R2374.jpg,R,train
data/raw/asl_alphabet_train/R/R721.jpg,R,train
data/raw/asl_alphabet_train/R/R1385.jpg,R,train
data/raw/asl_alphabet_train/R/R627.jpg,R,train
data/raw/asl_alphabet_train/R/R1102.jpg,R,train
data/raw/asl_alphabet_train/R/R197.jpg,R,train
data/raw/asl_alphabet_train/R/R1050.jpg,R,train
data/raw/asl_alphabet_train/R/R1576.jpg,R,train
data/raw/asl_alphabet_train/R/R1708.jpg,R,train
data/raw/asl_alphabet_train/R/R2285.jpg,R,train
data/raw/asl_alphabet_train/R/R2314.jpg,R,train
data/raw/asl_alphabet_train/R/R2973.jpg,R,train
data/raw/asl_alphabet_train/R/R1662.jpg,R,train
data/raw/asl_alphabet_train/R/R2445.jpg,R,train
data/raw/asl_alphabet_train/R/R1919.jpg,R,train
data/raw/asl_alphabet_train/R/R569.jpg,R,train
data/raw/asl_alphabet_train/R/R2794.jpg,R,train
data/raw/asl_alphabet_train/R/R1751.jpg,R,train
data/raw/asl_alphabet_train/R/R902.jpg,R,train
data/raw/asl_alphabet_train/R/R2826.jpg,R,train
data/raw/asl_alphabet_train/R/R1484.jpg,R,train
data/raw/asl_alphabet_train/R/R2233.jpg,R,train
data/raw/asl_alphabet_train/R/R1518.jpg,R,train
data/raw/asl_alphabet_train/R/R870.jpg,R,train
data/raw/asl_alphabet_train/R/R119.jpg,R,train
data/raw/asl_alphabet_train/R/R1201.jpg,R,train
data/raw/asl_alphabet_train/R/R311.jpg,R,train
data/raw/asl_alphabet_train/R/R2345.jpg,R,train
data/raw/asl_alphabet_train/R/R1904.jpg,R,train
data/raw/asl_alphabet_train/R/R181.jpg,R,train
data/raw/asl_alphabet_train/R/R2577.jpg,R,train
data/raw/asl_alphabet_train/R/R2972.jpg,R,train
data/raw/asl_alphabet_train/R/R103.jpg,R,train
data/raw/asl_alphabet_train/R/R1567.jpg,R,train
data/raw/asl_alphabet_train/R/R52.jpg,R,train
data/raw/asl_alphabet_train/R/R1128.jpg,R,train
data/raw/asl_alphabet_train/R/R2386.jpg,R,train
data/raw/asl_alphabet_train/R/R461.jpg,R,train
data/raw/asl_alphabet_train/R/R1568.jpg,R,train
data/raw/asl_alphabet_train/R/R659.jpg,R,train
data/raw/asl_alphabet_train/R/R2752.jpg,R,train
data/raw/asl_alphabet_train/R/R757.jpg,R,train
data/raw/asl_alphabet_train/R/R813.jpg,R,train
data/raw/asl_alphabet_train/R/R1539.jpg,R,train
data/raw/asl_alphabet_train/R/R2305.jpg,R,train
data/raw/asl_alphabet_train/R/R2049.jpg,R,train
data/raw/asl_alphabet_train/R/R401.jpg,R,train
data/raw/asl_alphabet_train/R/R45.jpg,R,train
data/raw/asl_alphabet_train/R/R1371.jpg,R,train
data/raw/asl_alphabet_train/R/R294.jpg,R,train
data/raw/asl_alphabet_train/R/R167.jpg,R,train
data/raw/asl_alphabet_train/R/R2021.jpg,R,train
data/raw/asl_alphabet_train/R/R1537.jpg,R,train
data/raw/asl_alphabet_train/R/R2807.jpg,R,train
data/raw/asl_alphabet_train/R/R2115.jpg,R,train
data/raw/asl_alphabet_train/R/R1668.jpg,R,train
data/raw/asl_alphabet_train/R/R2955.jpg,R,train
data/raw/asl_alphabet_train/R/R846.jpg,R,train
data/raw/asl_alphabet_train/R/R2490.jpg,R,train
data/raw/asl_alphabet_train/R/R59.jpg,R,train
data/raw/asl_alphabet_train/R/R314.jpg,R,train
data/raw/asl_alphabet_train/R/R2571.jpg,R,train
data/raw/asl_alphabet_train/R/R1875.jpg,R,train
data/raw/asl_alphabet_train/R/R1728.jpg,R,train
data/raw/asl_alphabet_train/R/R1791.jpg,R,train
data/raw/asl_alphabet_train/R/R1544.jpg,R,train
data/raw/asl_alphabet_train/R/R1232.jpg,R,train
data/raw/asl_alphabet_train/R/R2338.jpg,R,train
data/raw/asl_alphabet_train/R/R2217.jpg,R,train
data/raw/asl_alphabet_train/R/R1711.jpg,R,train
data/raw/asl_alphabet_train/R/R511.jpg,R,train
data/raw/asl_alphabet_train/R/R956.jpg,R,train
data/raw/asl_alphabet_train/R/R334.jpg,R,train
data/raw/asl_alphabet_train/R/R965.jpg,R,train
data/raw/asl_alphabet_train/R/R1329.jpg,R,train
data/raw/asl_alphabet_train/R/R2562.jpg,R,train
data/raw/asl_alphabet_train/R/R1871.jpg,R,train
data/raw/asl_alphabet_train/R/R1271.jpg,R,train
data/raw/asl_alphabet_train/R/R1272.jpg,R,train
data/raw/asl_alphabet_train/R/R1664.jpg,R,train
data/raw/asl_alphabet_train/R/R1667.jpg,R,train
data/raw/asl_alphabet_train/R/R184.jpg,R,train
data/raw/asl_alphabet_train/R/R1370.jpg,R,train
data/raw/asl_alphabet_train/R/R1066.jpg,R,train
data/raw/asl_alphabet_train/R/R12.jpg,R,train
data/raw/asl_alphabet_train/R/R618.jpg,R,train
data/raw/asl_alphabet_train/R/R2525.jpg,R,train
data/raw/asl_alphabet_train/R/R2926.jpg,R,train
data/raw/asl_alphabet_train/R/R2856.jpg,R,train
data/raw/asl_alphabet_train/R/R701.jpg,R,train
data/raw/asl_alphabet_train/R/R2123.jpg,R,train
data/raw/asl_alphabet_train/R/R584.jpg,R,train
data/raw/asl_alphabet_train/R/R899.jpg,R,train
data/raw/asl_alphabet_train/R/R1610.jpg,R,train
data/raw/asl_alphabet_train/R/R14.jpg,R,train
data/raw/asl_alphabet_train/R/R2376.jpg,R,train
data/raw/asl_alphabet_train/R/R53.jpg,R,train
data/raw/asl_alphabet_train/R/R1921.jpg,R,train
data/raw/asl_alphabet_train/R/R2408.jpg,R,train
data/raw/asl_alphabet_train/R/R700.jpg,R,train
data/raw/asl_alphabet_train/R/R1012.jpg,R,train
data/raw/asl_alphabet_train/R/R302.jpg,R,train
data/raw/asl_alphabet_train/R/R2914.jpg,R,train
data/raw/asl_alphabet_train/R/R1988.jpg,R,train
data/raw/asl_alphabet_train/R/R963.jpg,R,train
data/raw/asl_alphabet_train/R/R903.jpg,R,train
data/raw/asl_alphabet_train/R/R1262.jpg,R,train
data/raw/asl_alphabet_train/R/R2641.jpg,R,train
data/raw/asl_alphabet_train/R/R908.jpg,R,train
data/raw/asl_alphabet_train/R/R2109.jpg,R,train
data/raw/asl_alphabet_train/R/R629.jpg,R,train
data/raw/asl_alphabet_train/R/R1969.jpg,R,train
data/raw/asl_alphabet_train/R/R1106.jpg,R,train
data/raw/asl_alphabet_train/R/R326.jpg,R,train
data/raw/asl_alphabet_train/R/R1449.jpg,R,train
data/raw/asl_alphabet_train/R/R1363.jpg,R,train
data/raw/asl_alphabet_train/R/R1891.jpg,R,train
data/raw/asl_alphabet_train/R/R2384.jpg,R,train
data/raw/asl_alphabet_train/R/R2177.jpg,R,train
data/raw/asl_alphabet_train/R/R707.jpg,R,train
data/raw/asl_alphabet_train/R/R1486.jpg,R,train
data/raw/asl_alphabet_train/R/R1967.jpg,R,train
data/raw/asl_alphabet_train/R/R615.jpg,R,train
data/raw/asl_alphabet_train/R/R80.jpg,R,train
data/raw/asl_alphabet_train/R/R1325.jpg,R,train
data/raw/asl_alphabet_train/R/R2176.jpg,R,train
data/raw/asl_alphabet_train/R/R2040.jpg,R,train
data/raw/asl_alphabet_train/R/R1311.jpg,R,train
data/raw/asl_alphabet_train/R/R480.jpg,R,train
data/raw/asl_alphabet_train/R/R1241.jpg,R,train
data/raw/asl_alphabet_train/R/R2510.jpg,R,train
data/raw/asl_alphabet_train/R/R1625.jpg,R,train
data/raw/asl_alphabet_train/R/R1497.jpg,R,train
data/raw/asl_alphabet_train/R/R621.jpg,R,train
data/raw/asl_alphabet_train/R/R24.jpg,R,train
data/raw/asl_alphabet_train/R/R547.jpg,R,train
data/raw/asl_alphabet_train/R/R439.jpg,R,train
data/raw/asl_alphabet_train/R/R1900.jpg,R,train
data/raw/asl_alphabet_train/R/R2324.jpg,R,train
data/raw/asl_alphabet_train/R/R572.jpg,R,train
data/raw/asl_alphabet_train/R/R955.jpg,R,train
data/raw/asl_alphabet_train/R/R1290.jpg,R,train
data/raw/asl_alphabet_train/R/R2533.jpg,R,train
data/raw/asl_alphabet_train/R/R914.jpg,R,train
data/raw/asl_alphabet_train/R/R520.jpg,R,train
data/raw/asl_alphabet_train/R/R481.jpg,R,train
data/raw/asl_alphabet_train/R/R2622.jpg,R,train
data/raw/asl_alphabet_train/R/R2076.jpg,R,train
data/raw/asl_alphabet_train/R/R1220.jpg,R,train
data/raw/asl_alphabet_train/R/R1090.jpg,R,train
data/raw/asl_alphabet_train/R/R2473.jpg,R,train
data/raw/asl_alphabet_train/R/R2447.jpg,R,train
data/raw/asl_alphabet_train/R/R2487.jpg,R,train
data/raw/asl_alphabet_train/R/R2530.jpg,R,train
data/raw/asl_alphabet_train/R/R540.jpg,R,train
data/raw/asl_alphabet_train/R/R718.jpg,R,train
data/raw/asl_alphabet_train/R/R1660.jpg,R,train
data/raw/asl_alphabet_train/R/R2382.jpg,R,train
data/raw/asl_alphabet_train/R/R216.jpg,R,train
data/raw/asl_alphabet_train/R/R1854.jpg,R,train
data/raw/asl_alphabet_train/R/R922.jpg,R,train
data/raw/asl_alphabet_train/R/R551.jpg,R,train
data/raw/asl_alphabet_train/R/R2724.jpg,R,train
data/raw/asl_alphabet_train/R/R2738.jpg,R,train
data/raw/asl_alphabet_train/R/R2166.jpg,R,train
data/raw/asl_alphabet_train/R/R2261.jpg,R,val
data/raw/asl_alphabet_train/R/R1844.jpg,R,val
data/raw/asl_alphabet_train/R/R1368.jpg,R,val
data/raw/asl_alphabet_train/R/R2895.jpg,R,val
data/raw/asl_alphabet_train/R/R888.jpg,R,val
data/raw/asl_alphabet_train/R/R789.jpg,R,val
data/raw/asl_alphabet_train/R/R1629.jpg,R,val
data/raw/asl_alphabet_train/R/R2313.jpg,R,val
data/raw/asl_alphabet_train/R/R2465.jpg,R,val
data/raw/asl_alphabet_train/R/R984.jpg,R,val
data/raw/asl_alphabet_train/R/R2207.jpg,R,val
data/raw/asl_alphabet_train/R/R1920.jpg,R,val
data/raw/asl_alphabet_train/R/R162.jpg,R,val
data/raw/asl_alphabet_train/R/R2454.jpg,R,val
data/raw/asl_alphabet_train/R/R75.jpg,R,val
data/raw/asl_alphabet_train/R/R780.jpg,R,val
data/raw/asl_alphabet_train/R/R2642.jpg,R,val
data/raw/asl_alphabet_train/R/R1381.jpg,R,val
data/raw/asl_alphabet_train/R/R727.jpg,R,val
data/raw/asl_alphabet_train/R/R2656.jpg,R,val
data/raw/asl_alphabet_train/R/R1417.jpg,R,val
data/raw/asl_alphabet_train/R/R467.jpg,R,val
data/raw/asl_alphabet_train/R/R1498.jpg,R,val
data/raw/asl_alphabet_train/R/R2204.jpg,R,val
data/raw/asl_alphabet_train/R/R128.jpg,R,val
data/raw/asl_alphabet_train/R/R365.jpg,R,val
data/raw/asl_alphabet_train/R/R1694.jpg,R,val
data/raw/asl_alphabet_train/R/R754.jpg,R,val
data/raw/asl_alphabet_train/R/R500.jpg,R,val
data/raw/asl_alphabet_train/R/R194.jpg,R,val
data/raw/asl_alphabet_train/R/R1433.jpg,R,val
data/raw/asl_alphabet_train/R/R1621.jpg,R,val
data/raw/asl_alphabet_train/R/R746.jpg,R,val
data/raw/asl_alphabet_train/R/R2422.jpg,R,val
data/raw/asl_alphabet_train/R/R419.jpg,R,val
data/raw/asl_alphabet_train/R/R827.jpg,R,val
data/raw/asl_alphabet_train/R/R1471.jpg,R,val
data/raw/asl_alphabet_train/R/R252.jpg,R,val
data/raw/asl_alphabet_train/R/R1705.jpg,R,val
data/raw/asl_alphabet_train/R/R830.jpg,R,val
data/raw/asl_alphabet_train/R/R1977.jpg,R,val
data/raw/asl_alphabet_train/R/R1829.jpg,R,val
data/raw/asl_alphabet_train/R/R781.jpg,R,val
data/raw/asl_alphabet_train/R/R2565.jpg,R,val
data/raw/asl_alphabet_train/R/R2173.jpg,R,val
data/raw/asl_alphabet_train/R/R364.jpg,R,val
data/raw/asl_alphabet_train/R/R1139.jpg,R,val
data/raw/asl_alphabet_train/R/R1516.jpg,R,val
data/raw/asl_alphabet_train/R/R446.jpg,R,val
data/raw/asl_alphabet_train/R/R391.jpg,R,val
data/raw/asl_alphabet_train/R/R1927.jpg,R,val
data/raw/asl_alphabet_train/R/R2639.jpg,R,val
data/raw/asl_alphabet_train/R/R2662.jpg,R,val
data/raw/asl_alphabet_train/R/R928.jpg,R,val
data/raw/asl_alphabet_train/R/R2679.jpg,R,val
data/raw/asl_alphabet_train/R/R626.jpg,R,val
data/raw/asl_alphabet_train/R/R133.jpg,R,val
data/raw/asl_alphabet_train/R/R2971.jpg,R,val
data/raw/asl_alphabet_train/R/R1644.jpg,R,val
data/raw/asl_alphabet_train/R/R1867.jpg,R,val
data/raw/asl_alphabet_train/R/R1494.jpg,R,val
data/raw/asl_alphabet_train/R/R702.jpg,R,val
data/raw/asl_alphabet_train/R/R1418.jpg,R,val
data/raw/asl_alphabet_train/R/R1831.jpg,R,val
data/raw/asl_alphabet_train/R/R1912.jpg,R,val
data/raw/asl_alphabet_train/R/R493.jpg,R,val
data/raw/asl_alphabet_train/R/R866.jpg,R,val
data/raw/asl_alphabet_train/R/R2958.jpg,R,val
data/raw/asl_alphabet_train/R/R358.jpg,R,val
data/raw/asl_alphabet_train/R/R2320.jpg,R,val
data/raw/asl_alphabet_train/R/R2.jpg,R,val
data/raw/asl_alphabet_train/R/R2868.jpg,R,val
data/raw/asl_alphabet_train/R/R2931.jpg,R,val
data/raw/asl_alphabet_train/R/R2739.jpg,R,val
data/raw/asl_alphabet_train/R/R2028.jpg,R,val
data/raw/asl_alphabet_train/R/R614.jpg,R,val
data/raw/asl_alphabet_train/R/R1035.jpg,R,val
data/raw/asl_alphabet_train/R/R969.jpg,R,val
data/raw/asl_alphabet_train/R/R1510.jpg,R,val
data/raw/asl_alphabet_train/R/R1886.jpg,R,val
data/raw/asl_alphabet_train/R/R2234.jpg,R,val
data/raw/asl_alphabet_train/R/R1238.jpg,R,val
data/raw/asl_alphabet_train/R/R1029.jpg,R,val
data/raw/asl_alphabet_train/R/R1152.jpg,R,val
data/raw/asl_alphabet_train/R/R670.jpg,R,val
data/raw/asl_alphabet_train/R/R1443.jpg,R,val
data/raw/asl_alphabet_train/R/R2574.jpg,R,val
data/raw/asl_alphabet_train/R/R1538.jpg,R,val
data/raw/asl_alphabet_train/R/R1111.jpg,R,val
data/raw/asl_alphabet_train/R/R1810.jpg,R,val
data/raw/asl_alphabet_train/R/R485.jpg,R,test
data/raw/asl_alphabet_train/R/R2979.jpg,R,test
data/raw/asl_alphabet_train/R/R817.jpg,R,test
data/raw/asl_alphabet_train/R/R135.jpg,R,test
data/raw/asl_alphabet_train/R/R2464.jpg,R,test
data/raw/asl_alphabet_train/R/R1828.jpg,R,test
data/raw/asl_alphabet_train/R/R880.jpg,R,test
data/raw/asl_alphabet_train/R/R2368.jpg,R,test
data/raw/asl_alphabet_train/R/R680.jpg,R,test
data/raw/asl_alphabet_train/R/R1230.jpg,R,test
data/raw/asl_alphabet_train/R/R1966.jpg,R,test
data/raw/asl_alphabet_train/R/R1286.jpg,R,test
data/raw/asl_alphabet_train/R/R1084.jpg,R,test
data/raw/asl_alphabet_train/R/R1060.jpg,R,test
data/raw/asl_alphabet_train/R/R2591.jpg,R,test
data/raw/asl_alphabet_train/R/R828.jpg,R,test
data/raw/asl_alphabet_train/R/R561.jpg,R,test
data/raw/asl_alphabet_train/R/R2393.jpg,R,test
data/raw/asl_alphabet_train/R/R2071.jpg,R,test
data/raw/asl_alphabet_train/R/R303.jpg,R,test
data/raw/asl_alphabet_train/R/R456.jpg,R,test
data/raw/asl_alphabet_train/R/R2670.jpg,R,test
data/raw/asl_alphabet_train/R/R1888.jpg,R,test
data/raw/asl_alphabet_train/R/R1881.jpg,R,test
data/raw/asl_alphabet_train/R/R2650.jpg,R,test
data/raw/asl_alphabet_train/R/R2790.jpg,R,test
data/raw/asl_alphabet_train/R/R598.jpg,R,test
data/raw/asl_alphabet_train/R/R1135.jpg,R,test
data/raw/asl_alphabet_train/R/R1750.jpg,R,test
data/raw/asl_alphabet_train/R/R344.jpg,R,test
data/raw/asl_alphabet_train/R/R751.jpg,R,test
data/raw/asl_alphabet_train/R/R431.jpg,R,test
data/raw/asl_alphabet_train/R/R2110.jpg,R,test
data/raw/asl_alphabet_train/R/R2424.jpg,R,test
data/raw/asl_alphabet_train/R/R1653.jpg,R,test
data/raw/asl_alphabet_train/R/R1989.jpg,R,test
data/raw/asl_alphabet_train/R/R1088.jpg,R,test
data/raw/asl_alphabet_train/R/R592.jpg,R,test
data/raw/asl_alphabet_train/R/R1546.jpg,R,test
data/raw/asl_alphabet_train/R/R1765.jpg,R,test
data/raw/asl_alphabet_train/R/R1911.jpg,R,test
data/raw/asl_alphabet_train/R/R2990.jpg,R,test
data/raw/asl_alphabet_train/R/R1428.jpg,R,test
data/raw/asl_alphabet_train/R/R2862.jpg,R,test
data/raw/asl_alphabet_train/R/R1457.jpg,R,test
data/raw/asl_alphabet_train/R/R816.jpg,R,test
data/raw/asl_alphabet_train/R/R2165.jpg,R,test
data/raw/asl_alphabet_train/R/R32.jpg,R,test
data/raw/asl_alphabet_train/R/R860.jpg,R,test
data/raw/asl_alphabet_train/R/R258.jpg,R,test
data/raw/asl_alphabet_train/R/R1800.jpg,R,test
data/raw/asl_alphabet_train/R/R1030.jpg,R,test
data/raw/asl_alphabet_train/R/R2104.jpg,R,test
data/raw/asl_alphabet_train/R/R1597.jpg,R,test
data/raw/asl_alphabet_train/R/R1737.jpg,R,test
data/raw/asl_alphabet_train/R/R2141.jpg,R,test
data/raw/asl_alphabet_train/R/R801.jpg,R,test
data/raw/asl_alphabet_train/R/R964.jpg,R,test
data/raw/asl_alphabet_train/R/R77.jpg,R,test
data/raw/asl_alphabet_train/R/R488.jpg,R,test
data/raw/asl_alphabet_train/R/R2269.jpg,R,test
data/raw/asl_alphabet_train/R/R925.jpg,R,test
data/raw/asl_alphabet_train/R/R875.jpg,R,test
data/raw/asl_alphabet_train/R/R2383.jpg,R,test
data/raw/asl_alphabet_train/R/R1849.jpg,R,test
data/raw/asl_alphabet_train/R/R1950.jpg,R,test
data/raw/asl_alphabet_train/R/R1748.jpg,R,test
data/raw/asl_alphabet_train/R/R1014.jpg,R,test
data/raw/asl_alphabet_train/R/R1689.jpg,R,test
data/raw/asl_alphabet_train/R/R1719.jpg,R,test
data/raw/asl_alphabet_train/R/R2929.jpg,R,test
data/raw/asl_alphabet_train/R/R1043.jpg,R,test
data/raw/asl_alphabet_train/R/R1150.jpg,R,test
data/raw/asl_alphabet_train/R/R2496.jpg,R,test
data/raw/asl_alphabet_train/R/R2702.jpg,R,test
data/raw/asl_alphabet_train/R/R1466.jpg,R,test
data/raw/asl_alphabet_train/R/R2736.jpg,R,test
data/raw/asl_alphabet_train/R/R961.jpg,R,test
data/raw/asl_alphabet_train/R/R2366.jpg,R,test
data/raw/asl_alphabet_train/R/R2652.jpg,R,test
data/raw/asl_alphabet_train/R/R2859.jpg,R,test
data/raw/asl_alphabet_train/R/R341.jpg,R,test
data/raw/asl_alphabet_train/R/R2755.jpg,R,test
data/raw/asl_alphabet_train/R/R2216.jpg,R,test
data/raw/asl_alphabet_train/R/R1776.jpg,R,test
data/raw/asl_alphabet_train/R/R1637.jpg,R,test
data/raw/asl_alphabet_train/R/R1504.jpg,R,test
data/raw/asl_alphabet_train/R/R2053.jpg,R,test
data/raw/asl_alphabet_train/R/R2186.jpg,R,test
data/raw/asl_alphabet_train/R/R497.jpg,R,test
data/raw/asl_alphabet_train/S/S592.jpg,S,train
data/raw/asl_alphabet_train/S/S1017.jpg,S,train
data/raw/asl_alphabet_train/S/S1949.jpg,S,train
data/raw/asl_alphabet_train/S/S1883.jpg,S,train
data/raw/asl_alphabet_train/S/S2799.jpg,S,train
data/raw/asl_alphabet_train/S/S1844.jpg,S,train
data/raw/asl_alphabet_train/S/S1135.jpg,S,train
data/raw/asl_alphabet_train/S/S2271.jpg,S,train
data/raw/asl_alphabet_train/S/S1465.jpg,S,train
data/raw/asl_alphabet_train/S/S533.jpg,S,train
data/raw/asl_alphabet_train/S/S2393.jpg,S,train
data/raw/asl_alphabet_train/S/S851.jpg,S,train
data/raw/asl_alphabet_train/S/S224.jpg,S,train
data/raw/asl_alphabet_train/S/S1139.jpg,S,train
data/raw/asl_alphabet_train/S/S1917.jpg,S,train
data/raw/asl_alphabet_train/S/S1851.jpg,S,train
data/raw/asl_alphabet_train/S/S1115.jpg,S,train
data/raw/asl_alphabet_train/S/S236.jpg,S,train
data/raw/asl_alphabet_train/S/S501.jpg,S,train
data/raw/asl_alphabet_train/S/S1334.jpg,S,train
data/raw/asl_alphabet_train/S/S866.jpg,S,train
data/raw/asl_alphabet_train/S/S2172.jpg,S,train
data/raw/asl_alphabet_train/S/S1675.jpg,S,train
data/raw/asl_alphabet_train/S/S2846.jpg,S,train
data/raw/asl_alphabet_train/S/S1425.jpg,S,train
data/raw/asl_alphabet_train/S/S1320.jpg,S,train
data/raw/asl_alphabet_train/S/S2826.jpg,S,train
data/raw/asl_alphabet_train/S/S2323.jpg,S,train
data/raw/asl_alphabet_train/S/S1597.jpg,S,train
data/raw/asl_alphabet_train/S/S2358.jpg,S,train
data/raw/asl_alphabet_train/S/S2881.jpg,S,train
data/raw/asl_alphabet_train/S/S1004.jpg,S,train
data/raw/asl_alphabet_train/S/S1580.jpg,S,train
data/raw/asl_alphabet_train/S/S1207.jpg,S,train
data/raw/asl_alphabet_train/S/S2105.jpg,S,train
data/raw/asl_alphabet_train/S/S2702.jpg,S,train
data/raw/asl_alphabet_train/S/S1177.jpg,S,train
data/raw/asl_alphabet_train/S/S1659.jpg,S,train
data/raw/asl_alphabet_train/S/S2399.jpg,S,train
data/raw/asl_alphabet_train/S/S1150.jpg,S,train
data/raw/asl_alphabet_train/S/S1475.jpg,S,train
data/raw/asl_alphabet_train/S/S522.jpg,S,train
data/raw/asl_alphabet_train/S/S738.jpg,S,train
data/raw/asl_alphabet_train/S/S1395.jpg,S,train
data/raw/asl_alphabet_train/S/S2020.jpg,S,train
data/raw/asl_alphabet_train/S/S1911.jpg,S,train
data/raw/asl_alphabet_train/S/S759.jpg,S,train
data/raw/asl_alphabet_train/S/S140.jpg,S,train
data/raw/asl_alphabet_train/S/S2541.jpg,S,train
data/raw/asl_alphabet_train/S/S995.jpg,S,train
data/raw/asl_alphabet_train/S/S842.jpg,S,train
data/raw/asl_alphabet_train/S/S1214.jpg,S,train
data/raw/asl_alphabet_train/S/S2049.jpg,S,train
data/raw/asl_alphabet_train/S/S420.jpg,S,train
data/raw/asl_alphabet_train/S/S1328.jpg,S,train
data/raw/asl_alphabet_train/S/S2544.jpg,S,train
data/raw/asl_alphabet_train/S/S110.jpg,S,train
data/raw/asl_alphabet_train/S/S1167.jpg,S,train
data/raw/asl_alphabet_train/S/S810.jpg,S,train
data/raw/asl_alphabet_train/S/S1994.jpg,S,train
data/raw/asl_alphabet_train/S/S438.jpg,S,train
data/raw/asl_alphabet_train/S/S1699.jpg,S,train
data/raw/asl_alphabet_train/S/S1862.jpg,S,train
data/raw/asl_alphabet_train/S/S474.jpg,S,train
data/raw/asl_alphabet_train/S/S417.jpg,S,train
data/raw/asl_alphabet_train/S/S1187.jpg,S,train
data/raw/asl_alphabet_train/S/S171.jpg,S,train
data/raw/asl_alphabet_train/S/S2373.jpg,S,train
data/raw/asl_alphabet_train/S/S271.jpg,S,train
data/raw/asl_alphabet_train/S/S912.jpg,S,train
data/raw/asl_alphabet_train/S/S1731.jpg,S,train
data/raw/asl_alphabet_train/S/S1134.jpg,S,train
data/raw/asl_alphabet_train/S/S525.jpg,S,train
data/raw/asl_alphabet_train/S/S2535.jpg,S,train
data/raw/asl_alphabet_train/S/S633.jpg,S,train
data/raw/asl_alphabet_train/S/S1859.jpg,S,train
data/raw/asl_alphabet_train/S/S267.jpg,S,train
data/raw/asl_alphabet_train/S/S1365.jpg,S,train
data/raw/asl_alphabet_train/S/S809.jpg,S,train
data/raw/asl_alphabet_train/S/S542.jpg,S,train
data/raw/asl_alphabet_train/S/S2122.jpg,S,train
data/raw/asl_alphabet_train/S/S2633.jpg,S,train
data/raw/asl_alphabet_train/S/S1471.jpg,S,train
data/raw/asl_alphabet_train/S/S39.jpg,S,train
data/raw/asl_alphabet_train/S/S2091.jpg,S,train
data/raw/asl_alphabet_train/S/S1916.jpg,S,train
data/raw/asl_alphabet_train/S/S2548.jpg,S,train
data/raw/asl_alphabet_train/S/S311.jpg,S,train
data/raw/asl_alphabet_train/S/S644.jpg,S,train
data/raw/asl_alphabet_train/S/S2977.jpg,S,train
data/raw/asl_alphabet_train/S/S1441.jpg,S,train
data/raw/asl_alphabet_train/S/S56.jpg,S,train
data/raw/asl_alphabet_train/S/S2010.jpg,S,train
data/raw/asl_alphabet_train/S/S977.jpg,S,train
data/raw/asl_alphabet_train/S/S159.jpg,S,train
data/raw/asl_alphabet_train/S/S1440.jpg,S,train
data/raw/asl_alphabet_train/S/S578.jpg,S,train
data/raw/asl_alphabet_train/S/S1565.jpg,S,train
data/raw/asl_alphabet_train/S/S1257.jpg,S,train
data/raw/asl_alphabet_train/S/S2226.jpg,S,train
data/raw/asl_alphabet_train/S/S848.jpg,S,train
data/raw/asl_alphabet_train/S/S2681.jpg,S,train
data/raw/asl_alphabet_train/S/S1880.jpg,S,train
data/raw/asl_alphabet_train/S/S2083.jpg,S,train
data/raw/asl_alphabet_train/S/S2108.jpg,S,train
data/raw/asl_alphabet_train/S/S2595.jpg,S,train
data/raw/asl_alphabet_train/S/S231.jpg,S,train
data/raw/asl_alphabet_train/S/S234.jpg,S,train
data/raw/asl_alphabet_train/S/S1839.jpg,S,train
data/raw/asl_alphabet_train/S/S442.jpg,S,train
data/raw/asl_alphabet_train/S/S2006.jpg,S,train
data/raw/asl_alphabet_train/S/S2855.jpg,S,train
data/raw/asl_alphabet_train/S/S2279.jpg,S,train
data/raw/asl_alphabet_train/S/S142.jpg,S,train
data/raw/asl_alphabet_train/S/S1396.jpg,S,train
data/raw/asl_alphabet_train/S/S49.jpg,S,train
data/raw/asl_alphabet_train/S/S2584.jpg,S,train
data/raw/asl_alphabet_train/S/S106.jpg,S,train
data/raw/asl_alphabet_train/S/S410.jpg,S,train
data/raw/asl_alphabet_train/S/S69.jpg,S,train
data/raw/asl_alphabet_train/S/S122.jpg,S,train
data/raw/asl_alphabet_train/S/S2650.jpg,S,train
data/raw/asl_alphabet_train/S/S1528.jpg,S,train
data/raw/asl_alphabet_train/S/S1098.jpg,S,train
data/raw/asl_alphabet_train/S/S1389.jpg,S,train
data/raw/asl_alphabet_train/S/S1946.jpg,S,train
data/raw/asl_alphabet_train/S/S289.jpg,S,train
data/raw/asl_alphabet_train/S/S2418.jpg,S,train
data/raw/asl_alphabet_train/S/S900.jpg,S,train
data/raw/asl_alphabet_train/S/S1833.jpg,S,train
data/raw/asl_alphabet_train/S/S451.jpg,S,train
data/raw/asl_alphabet_train/S/S2264.jpg,S,train
data/raw/asl_alphabet_train/S/S341.jpg,S,train
data/raw/asl_alphabet_train/S/S2596.jpg,S,train
data/raw/asl_alphabet_train/S/S2474.jpg,S,train
data/raw/asl_alphabet_train/S/S2159.jpg,S,train
data/raw/asl_alphabet_train/S/S624.jpg,S,train
data/raw/asl_alphabet_train/S/S390.jpg,S,train
data/raw/asl_alphabet_train/S/S552.jpg,S,train
data/raw/asl_alphabet_train/S/S2730.jpg,S,train
data/raw/asl_alphabet_train/S/S919.jpg,S,train
data/raw/asl_alphabet_train/S/S2078.jpg,S,train
data/raw/asl_alphabet_train/S/S2668.jpg,S,train
data/raw/asl_alphabet_train/S/S2002.jpg,S,train
data/raw/asl_alphabet_train/S/S2814.jpg,S,train
data/raw/asl_alphabet_train/S/S2796.jpg,S,train
data/raw/asl_alphabet_train/S/S583.jpg,S,train
data/raw/asl_alphabet_train/S/S2140.jpg,S,train
data/raw/asl_alphabet_train/S/S2542.jpg,S,train
data/raw/asl_alphabet_train/S/S465.jpg,S,train
data/raw/asl_alphabet_train/S/S83.jpg,S,train
data/raw/asl_alphabet_train/S/S1209.jpg,S,train
data/raw/asl_alphabet_train/S/S112.jpg,S,train
data/raw/asl_alphabet_train/S/S293.jpg,S,train
data/raw/asl_alphabet_train/S/S2818.jpg,S,train
data/raw/asl_alphabet_train/S/S1481.jpg,S,train
data/raw/asl_alphabet_train/S/S1520.jpg,S,train
data/raw/asl_alphabet_train/S/S1955.jpg,S,train
data/raw/asl_alphabet_train/S/S60.jpg,S,train
data/raw/asl_alphabet_train/S/S2772.jpg,S,train
data/raw/asl_alphabet_train/S/S221.jpg,S,train
data/raw/asl_alphabet_train/S/S2128.jpg,S,train
data/raw/asl_alphabet_train/S/S2434.jpg,S,train
data/raw/asl_alphabet_train/S/S2131.jpg,S,train
data/raw/asl_alphabet_train/S/S2221.jpg,S,train
data/raw/asl_alphabet_train/S/S2827.jpg,S,train
data/raw/asl_alphabet_train/S/S2755.jpg,S,train
data/raw/asl_alphabet_train/S/S932.jpg,S,train
data/raw/asl_alphabet_train/S/S2380.jpg,S,train
data/raw/asl_alphabet_train/S/S734.jpg,S,train
data/raw/asl_alphabet_train/S/S1090.jpg,S,train
data/raw/asl_alphabet_train/S/S986.jpg,S,train
data/raw/asl_alphabet_train/S/S717.jpg,S,train
data/raw/asl_alphabet_train/S/S1079.jpg,S,train
data/raw/asl_alphabet_train/S/S2790.jpg,S,train
data/raw/asl_alphabet_train/S/S1302.jpg,S,train
data/raw/asl_alphabet_train/S/S2449.jpg,S,train
data/raw/asl_alphabet_train/S/S1230.jpg,S,train
data/raw/asl_alphabet_train/S/S745.jpg,S,train
data/raw/asl_alphabet_train/S/S2936.jpg,S,train
data/raw/asl_alphabet_train/S/S2239.jpg,S,train
data/raw/asl_alphabet_train/S/S1637.jpg,S,train
data/raw/asl_alphabet_train/S/S15.jpg,S,train
data/raw/asl_alphabet_train/S/S1678.jpg,S,train
data/raw/asl_alphabet_train/S/S2662.jpg,S,train
data/raw/asl_alphabet_train/S/S516.jpg,S,train
data/raw/asl_alphabet_train/S/S333.jpg,S,train
data/raw/asl_alphabet_train/S/S571.jpg,S,train
data/raw/asl_alphabet_train/S/S2190.jpg,S,train
data/raw/asl_alphabet_train/S/S2931.jpg,S,train
data/raw/asl_alphabet_train/S/S1280.jpg,S,train
data/raw/asl_alphabet_train/S/S14.jpg,S,train
data/raw/asl_alphabet_train/S/S2272.jpg,S,train
data/raw/asl_alphabet_train/S/S1546.jpg,S,train
data/raw/asl_alphabet_train/S/S97.jpg,S,train
data/raw/asl_alphabet_train/S/S1031.jpg,S,train
data/raw/asl_alphabet_train/S/S681.jpg,S,train
data/raw/asl_alphabet_train/S/S2745.jpg,S,train
data/raw/asl_alphabet_train/S/S2558.jpg,S,train
data/raw/asl_alphabet_train/S/S1100.jpg,S,train
data/raw/asl_alphabet_train/S/S1919.jpg,S,train
data/raw/asl_alphabet_train/S/S352.jpg,S,train
data/raw/asl_alphabet_train/S/S2127.jpg,S,train
data/raw/asl_alphabet_train/S/S1932.jpg,S,train
data/raw/asl_alphabet_train/S/S1572.jpg,S,train
data/raw/asl_alphabet_train/S/S163.jpg,S,train
data/raw/asl_alphabet_train/S/S1656.jpg,S,train
data/raw/asl_alphabet_train/S/S1342.jpg,S,train
data/raw/asl_alphabet_train/S/S2718.jpg,S,train
data/raw/asl_alphabet_train/S/S312.jpg,S,train
data/raw/asl_alphabet_train/S/S45.jpg,S,train
data/raw/asl_alphabet_train/S/S811.jpg,S,train
data/raw/asl_alphabet_train/S/S1803.jpg,S,train
data/raw/asl_alphabet_train/S/S2946.jpg,S,train
data/raw/asl_alphabet_train/S/S753.jpg,S,train
data/raw/asl_alphabet_train/S/S488.jpg,S,train
data/raw/asl_alphabet_train/S/S1882.jpg,S,train
data/raw/asl_alphabet_train/S/S2022.jpg,S,train
data/raw/asl_alphabet_train/S/S1244.jpg,S,train
data/raw/asl_alphabet_train/S/S2600.jpg,S,train
data/raw/asl_alphabet_train/S/S1933.jpg,S,train
data/raw/asl_alphabet_train/S/S2429.jpg,S,train
data/raw/asl_alphabet_train/S/S506.jpg,S,train
data/raw/asl_alphabet_train/S/S1019.jpg,S,train
data/raw/asl_alphabet_train/S/S897.jpg,S,train
data/raw/asl_alphabet_train/S/S324.jpg,S,train
data/raw/asl_alphabet_train/S/S1005.jpg,S,train
data/raw/asl_alphabet_train/S/S1733.jpg,S,train
data/raw/asl_alphabet_train/S/S1789.jpg,S,train
data/raw/asl_alphabet_train/S/S709.jpg,S,train
data/raw/asl_alphabet_train/S/S2051.jpg,S,train
data/raw/asl_alphabet_train/S/S2333.jpg,S,train
data/raw/asl_alphabet_train/S/S1985.jpg,S,train
data/raw/asl_alphabet_train/S/S235.jpg,S,train
data/raw/asl_alphabet_train/S/S1634.jpg,S,train
data/raw/asl_alphabet_train/S/S1232.jpg,S,train
data/raw/asl_alphabet_train/S/S1218.jpg,S,train
data/raw/asl_alphabet_train/S/S272.jpg,S,train
data/raw/asl_alphabet_train/S/S751.jpg,S,train
data/raw/asl_alphabet_train/S/S2552.jpg,S,train
data/raw/asl_alphabet_train/S/S2989.jpg,S,train
data/raw/asl_alphabet_train/S/S2784.jpg,S,train
data/raw/asl_alphabet_train/S/S1196.jpg,S,train
data/raw/asl_alphabet_train/S/S2102.jpg,S,train
data/raw/asl_alphabet_train/S/S560.jpg,S,train
data/raw/asl_alphabet_train/S/S431.jpg,S,train
data/raw/asl_alphabet_train/S/S1835.jpg,S,train
data/raw/asl_alphabet_train/S/S2599.jpg,S,train
data/raw/asl_alphabet_train/S/S821.jpg,S,train
data/raw/asl_alphabet_train/S/S1557.jpg,S,train
data/raw/asl_alphabet_train/S/S499.jpg,S,train
data/raw/asl_alphabet_train/S/S1311.jpg,S,train
data/raw/asl_alphabet_train/S/S2448.jpg,S,train
data/raw/asl_alphabet_train/S/S742.jpg,S,train
data/raw/asl_alphabet_train/S/S1254.jpg,S,train
data/raw/asl_alphabet_train/S/S2606.jpg,S,train
data/raw/asl_alphabet_train/S/S606.jpg,S,train
data/raw/asl_alphabet_train/S/S1814.jpg,S,train
data/raw/asl_alphabet_train/S/S2825.jpg,S,train
data/raw/asl_alphabet_train/S/S983.jpg,S,train
data/raw/asl_alphabet_train/S/S1059.jpg,S,train
data/raw/asl_alphabet_train/S/S2689.jpg,S,train
data/raw/asl_alphabet_train/S/S270.jpg,S,train
data/raw/asl_alphabet_train/S/S651.jpg,S,train
data/raw/asl_alphabet_train/S/S2481.jpg,S,train
data/raw/asl_alphabet_train/S/S1427.jpg,S,train
data/raw/asl_alphabet_train/S/S1462.jpg,S,train
data/raw/asl_alphabet_train/S/S2712.jpg,S,train
data/raw/asl_alphabet_train/S/S464.jpg,S,train
data/raw/asl_alphabet_train/S/S1642.jpg,S,train
data/raw/asl_alphabet_train/S/S2293.jpg,S,train
data/raw/asl_alphabet_train/S/S2695.jpg,S,train
data/raw/asl_alphabet_train/S/S1112.jpg,S,train
data/raw/asl_alphabet_train/S/S657.jpg,S,train
data/raw/asl_alphabet_train/S/S1413.jpg,S,train
data/raw/asl_alphabet_train/S/S1967.jpg,S,train
data/raw/asl_alphabet_train/S/S1829.jpg,S,train
data/raw/asl_alphabet_train/S/S2663.jpg,S,train
data/raw/asl_alphabet_train/S/S21.jpg,S,train
data/raw/asl_alphabet_train/S/S1488.jpg,S,train
data/raw/asl_alphabet_train/S/S2774.jpg,S,train
data/raw/asl_alphabet_train/S/S2068.jpg,S,train
data/raw/asl_alphabet_train/S/S210.jpg,S,train
data/raw/asl_alphabet_train/S/S382.jpg,S,train
data/raw/asl_alphabet_train/S/S316.jpg,S,train
data/raw/asl_alphabet_train/S/S551.jpg,S,train
data/raw/asl_alphabet_train/S/S1679.jpg,S,train
data/raw/asl_alphabet_train/S/S1054.jpg,S,train
data/raw/asl_alphabet_train/S/S2485.jpg,S,train
data/raw/asl_alphabet_train/S/S2682.jpg,S,train
data/raw/asl_alphabet_train/S/S1722.jpg,S,train
data/raw/asl_alphabet_train/S/S545.jpg,S,train
data/raw/asl_alphabet_train/S/S2791.jpg,S,train
data/raw/asl_alphabet_train/S/S1614.jpg,S,train
data/raw/asl_alphabet_train/S/S568.jpg,S,train
data/raw/asl_alphabet_train/S/S1248.jpg,S,train
data/raw/asl_alphabet_train/S/S1266.jpg,S,train
data/raw/asl_alphabet_train/S/S740.jpg,S,train
data/raw/asl_alphabet_train/S/S646.jpg,S,train
data/raw/asl_alphabet_train/S/S2913.jpg,S,train
data/raw/asl_alphabet_train/S/S999.jpg,S,train
data/raw/asl_alphabet_train/S/S520.jpg,S,train
data/raw/asl_alphabet_train/S/S2365.jpg,S,train
data/raw/asl_alphabet_train/S/S2768.jpg,S,train
data/raw/asl_alphabet_train/S/S2447.jpg,S,train
data/raw/asl_alphabet_train/S/S1120.jpg,S,train
data/raw/asl_alphabet_train/S/S378.jpg,S,train
data/raw/asl_alphabet_train/S/S2094.jpg,S,train
data/raw/asl_alphabet_train/S/S2884.jpg,S,train
data/raw/asl_alphabet_train/S/S225.jpg,S,train
data/raw/asl_alphabet_train/S/S692.jpg,S,train
data/raw/asl_alphabet_train/S/S2217.jpg,S,train
data/raw/asl_alphabet_train/S/S2164.jpg,S,train
data/raw/asl_alphabet_train/S/S2409.jpg,S,train
data/raw/asl_alphabet_train/S/S2454.jpg,S,train
data/raw/asl_alphabet_train/S/S2972.jpg,S,train
data/raw/asl_alphabet_train/S/S898.jpg,S,train
data/raw/asl_alphabet_train/S/S870.jpg,S,train
data/raw/asl_alphabet_train/S/S1592.jpg,S,train
data/raw/asl_alphabet_train/S/S2488.jpg,S,train
data/raw/asl_alphabet_train/S/S2930.jpg,S,train
data/raw/asl_alphabet_train/S/S1509.jpg,S,train
data/raw/asl_alphabet_train/S/S1184.jpg,S,train
data/raw/asl_alphabet_train/S/S2539.jpg,S,train
data/raw/asl_alphabet_train/S/S1877.jpg,S,train
data/raw/asl_alphabet_train/S/S1129.jpg,S,train
data/raw/asl_alphabet_train/S/S1234.jpg,S,train
data/raw/asl_alphabet_train/S/S996.jpg,S,train
data/raw/asl_alphabet_train/S/S2101.jpg,S,train
data/raw/asl_alphabet_train/S/S2631.jpg,S,train
data/raw/asl_alphabet_train/S/S2674.jpg,S,train
data/raw/asl_alphabet_train/S/S1845.jpg,S,train
data/raw/asl_alphabet_train/S/S2184.jpg,S,train
data/raw/asl_alphabet_train/S/S2210.jpg,S,train
data/raw/asl_alphabet_train/S/S2845.jpg,S,train
data/raw/asl_alphabet_train/S/S2938.jpg,S,train
data/raw/asl_alphabet_train/S/S1813.jpg,S,train
data/raw/asl_alphabet_train/S/S2420.jpg,S,train
data/raw/asl_alphabet_train/S/S338.jpg,S,train
data/raw/asl_alphabet_train/S/S1174.jpg,S,train
data/raw/asl_alphabet_train/S/S1094.jpg,S,train
data/raw/asl_alphabet_train/S/S939.jpg,S,train
data/raw/asl_alphabet_train/S/S2148.jpg,S,train
data/raw/asl_alphabet_train/S/S598.jpg,S,train
data/raw/asl_alphabet_train/S/S858.jpg,S,train
data/raw/asl_alphabet_train/S/S2355.jpg,S,train
data/raw/asl_alphabet_train/S/S1701.jpg,S,train
data/raw/asl_alphabet_train/S/S2766.jpg,S,train
data/raw/asl_alphabet_train/S/S668.jpg,S,train
data/raw/asl_alphabet_train/S/S2011.jpg,S,train
data/raw/asl_alphabet_train/S/S213.jpg,S,train
data/raw/asl_alphabet_train/S/S892.jpg,S,train
data/raw/asl_alphabet_train/S/S309.jpg,S,train
data/raw/asl_alphabet_train/S/S1363.jpg,S,train
data/raw/asl_alphabet_train/S/S1424.jpg,S,train
data/raw/asl_alphabet_train/S/S1241.jpg,S,train
data/raw/asl_alphabet_train/S/S1237.jpg,S,train
data/raw/asl_alphabet_train/S/S2857.jpg,S,train
data/raw/asl_alphabet_train/S/S725.jpg,S,train
data/raw/asl_alphabet_train/S/S188.jpg,S,train
data/raw/asl_alphabet_train/S/S2158.jpg,S,train
data/raw/asl_alphabet_train/S/S1287.jpg,S,train
data/raw/asl_alphabet_train/S/S1539.jpg,S,train
data/raw/asl_alphabet_train/S/S1201.jpg,S,train
data/raw/asl_alphabet_train/S/S1406.jpg,S,train
data/raw/asl_alphabet_train/S/S1449.jpg,S,train
data/raw/asl_alphabet_train/S/S1828.jpg,S,train
data/raw/asl_alphabet_train/S/S1990.jpg,S,train
data/raw/asl_alphabet_train/S/S194.jpg,S,train
data/raw/asl_alphabet_train/S/S926.jpg,S,train
data/raw/asl_alphabet_train/S/S877.jpg,S,train
data/raw/asl_alphabet_train/S/S1048.jpg,S,train
data/raw/asl_alphabet_train/S/S391.jpg,S,train
data/raw/asl_alphabet_train/S/S654.jpg,S,train
data/raw/asl_alphabet_train/S/S487.jpg,S,train
data/raw/asl_alphabet_train/S/S612.jpg,S,train
data/raw/asl_alphabet_train/S/S1414.jpg,S,train
data/raw/asl_alphabet_train/S/S450.jpg,S,train
data/raw/asl_alphabet_train/S/S1337.jpg,S,train
data/raw/asl_alphabet_train/S/S2307.jpg,S,train
data/raw/asl_alphabet_train/S/S2027.jpg,S,train
data/raw/asl_alphabet_train/S/S2267.jpg,S,train
data/raw/asl_alphabet_train/S/S878.jpg,S,train
data/raw/asl_alphabet_train/S/S82.jpg,S,train
data/raw/asl_alphabet_train/S/S567.jpg,S,train
data/raw/asl_alphabet_train/S/S574.jpg,S,train
data/raw/asl_alphabet_train/S/S1757.jpg,S,train
data/raw/asl_alphabet_train/S/S1222.jpg,S,train
data/raw/asl_alphabet_train/S/S2965.jpg,S,train
data/raw/asl_alphabet_train/S/S2951.jpg,S,train
data/raw/asl_alphabet_train/S/S89.jpg,S,train
data/raw/asl_alphabet_train/S/S448.jpg,S,train
data/raw/asl_alphabet_train/S/S2017.jpg,S,train
data/raw/asl_alphabet_train/S/S2460.jpg,S,train
data/raw/asl_alphabet_train/S/S2471.jpg,S,train
data/raw/asl_alphabet_train/S/S2519.jpg,S,train
data/raw/asl_alphabet_train/S/S2285.jpg,S,train
data/raw/asl_alphabet_train/S/S1154.jpg,S,train
data/raw/asl_alphabet_train/S/S690.jpg,S,train
data/raw/asl_alphabet_train/S/S688.jpg,S,train
data/raw/asl_alphabet_train/S/S2679.jpg,S,train
data/raw/asl_alphabet_train/S/S1436.jpg,S,train
data/raw/asl_alphabet_train/S/S1765.jpg,S,train
data/raw/asl_alphabet_train/S/S1687.jpg,S,train
data/raw/asl_alphabet_train/S/S2295.jpg,S,train
data/raw/asl_alphabet_train/S/S2381.jpg,S,train
data/raw/asl_alphabet_train/S/S1345.jpg,S,train
data/raw/asl_alphabet_train/S/S1067.jpg,S,train
data/raw/asl_alphabet_train/S/S1522.jpg,S,train
data/raw/asl_alphabet_train/S/S434.jpg,S,train
data/raw/asl_alphabet_train/S/S1836.jpg,S,train
data/raw/asl_alphabet_train/S/S565.jpg,S,train
data/raw/asl_alphabet_train/S/S1712.jpg,S,train
data/raw/asl_alphabet_train/S/S1780.jpg,S,train
data/raw/asl_alphabet_train/S/S2457.jpg,S,train
data/raw/asl_alphabet_train/S/S634.jpg,S,train
data/raw/asl_alphabet_train/S/S2659.jpg,S,train
data/raw/asl_alphabet_train/S/S1008.jpg,S,train
data/raw/asl_alphabet_train/S/S1900.jpg,S,train
data/raw/asl_alphabet_train/S/S1105.jpg,S,train
data/raw/asl_alphabet_train/S/S1037.jpg,S,val
data/raw/asl_alphabet_train/S/S430.jpg,S,val
data/raw/asl_alphabet_train/S/S669.jpg,S,val
data/raw/asl_alphabet_train/S/S2700.jpg,S,val
data/raw/asl_alphabet_train/S/S169.jpg,S,val
data/raw/asl_alphabet_train/S/S2916.jpg,S,val
data/raw/asl_alphabet_train/S/S2262.jpg,S,val
data/raw/asl_alphabet_train/S/S2008.jpg,S,val
data/raw/asl_alphabet_train/S/S418.jpg,S,val
data/raw/asl_alphabet_train/S/S2045.jpg,S,val
data/raw/asl_alphabet_train/S/S1535.jpg,S,val
data/raw/asl_alphabet_train/S/S1954.jpg,S,val
data/raw/asl_alphabet_train/S/S1721.jpg,S,val
data/raw/asl_alphabet_train/S/S2182.jpg,S,val
data/raw/asl_alphabet_train/S/S2344.jpg,S,val
data/raw/asl_alphabet_train/S/S1161.jpg,S,val
data/raw/asl_alphabet_train/S/S157.jpg,S,val
data/raw/asl_alphabet_train/S/S1318.jpg,S,val
data/raw/asl_alphabet_train/S/S508.jpg,S,val
data/raw/asl_alphabet_train/S/S2515.jpg,S,val
data/raw/asl_alphabet_train/S/S691.jpg,S,val
data/raw/asl_alphabet_train/S/S2628.jpg,S,val
data/raw/asl_alphabet_train/S/S1653.jpg,S,val
data/raw/asl_alphabet_train/S/S1610.jpg,S,val
data/raw/asl_alphabet_train/S/S733.jpg,S,val
data/raw/asl_alphabet_train/S/S308.jpg,S,val
data/raw/asl_alphabet_train/S/S2609.jpg,S,val
data/raw/asl_alphabet_train/S/S2864.jpg,S,val
data/raw/asl_alphabet_train/S/S1567.jpg,S,val
data/raw/asl_alphabet_train/S/S362.jpg,S,val
data/raw/asl_alphabet_train/S/S626.jpg,S,val
data/raw/asl_alphabet_train/S/S2436.jpg,S,val
data/raw/asl_alphabet_train/S/S263.jpg,S,val
data/raw/asl_alphabet_train/S/S2509.jpg,S,val
data/raw/asl_alphabet_train/S/S2802.jpg,S,val
data/raw/asl_alphabet_train/S/S537.jpg,S,val
data/raw/asl_alphabet_train/S/S757.jpg,S,val
data/raw/asl_alphabet_train/S/S1226.jpg,S,val
data/raw/asl_alphabet_train/S/S1290.jpg,S,val
data/raw/asl_alphabet_train/S/S125.jpg,S,val
data/raw/asl_alphabet_train/S/S2072.jpg,S,val
data/raw/asl_alphabet_train/S/S1849.jpg,S,val
data/raw/asl_alphabet_train/S/S1173.jpg,S,val
data/raw/asl_alphabet_train/S/S1080.jpg,S,val
data/raw/asl_alphabet_train/S/S222.jpg,S,val
data/raw/asl_alphabet_train/S/S1727.jpg,S,val
data/raw/asl_alphabet_train/S/S315.jpg,S,val
data/raw/asl_alphabet_train/S/S1662.jpg,S,val
data/raw/asl_alphabet_train/S/S790.jpg,S,val
data/raw/asl_alphabet_train/S/S727.jpg,S,val
data/raw/asl_alphabet_train/S/S299.jpg,S,val
data/raw/asl_alphabet_train/S/S1798.jpg,S,val
data/raw/asl_alphabet_train/S/S1923.jpg,S,val
data/raw/asl_alphabet_train/S/S2482.jpg,S,val
data/raw/asl_alphabet_train/S/S1405.jpg,S,val
data/raw/asl_alphabet_train/S/S1694.jpg,S,val
data/raw/asl_alphabet_train/S/S1714.jpg,S,val
data/raw/asl_alphabet_train/S/S1982.jpg,S,val
data/raw/asl_alphabet_train/S/S1056.jpg,S,val
data/raw/asl_alphabet_train/S/S2403.jpg,S,val
data/raw/asl_alphabet_train/S/S1484.jpg,S,val
data/raw/asl_alphabet_train/S/S1555.jpg,S,val
data/raw/asl_alphabet_train/S/S2647.jpg,S,val
data/raw/asl_alphabet_train/S/S2643.jpg,S,val
data/raw/asl_alphabet_train/S/S716.jpg,S,val
data/raw/asl_alphabet_train/S/S1368.jpg,S,val
data/raw/asl_alphabet_train/S/S2676.jpg,S,val
data/raw/asl_alphabet_train/S/S2785.jpg,S,val
data/raw/asl_alphabet_train/S/S1750.jpg,S,val
data/raw/asl_alphabet_train/S/S332.jpg,S,val
data/raw/asl_alphabet_train/S/S2617.jpg,S,val
data/raw/asl_alphabet_train/S/S1500.jpg,S,val
data/raw/asl_alphabet_train/S/S2382.jpg,S,val
data/raw/asl_alphabet_train/S/S647.jpg,S,val
data/raw/asl_alphabet_train/S/S1066.jpg,S,val
data/raw/asl_alphabet_train/S/S1615.jpg,S,val
data/raw/asl_alphabet_train/S/S553.jpg,S,val
data/raw/asl_alphabet_train/S/S693.jpg,S,val
data/raw/asl_alphabet_train/S/S1002.jpg,S,val
data/raw/asl_alphabet_train/S/S937.jpg,S,val
data/raw/asl_alphabet_train/S/S1626.jpg,S,val
data/raw/asl_alphabet_train/S/S2824.jpg,S,val
data/raw/asl_alphabet_train/S/S766.jpg,S,val
data/raw/asl_alphabet_train/S/S1478.jpg,S,val
data/raw/asl_alphabet_train/S/S2046.jpg,S,val
data/raw/asl_alphabet_train/S/S2594.jpg,S,val
data/raw/asl_alphabet_train/S/S1175.jpg,S,val
data/raw/asl_alphabet_train/S/S1698.jpg,S,val
data/raw/asl_alphabet_train/S/S562.jpg,S,val
data/raw/asl_alphabet_train/S/S1168.jpg,S,val
data/raw/asl_alphabet_train/S/S1380.jpg,S,test
data/raw/asl_alphabet_train/S/S2082.jpg,S,test
data/raw/asl_alphabet_train/S/S2345.jpg,S,test
data/raw/asl_alphabet_train/S/S1638.jpg,S,test
data/raw/asl_alphabet_train/S/S949.jpg,S,test
data/raw/asl_alphabet_train/S/S2901.jpg,S,test
data/raw/asl_alphabet_train/S/S1273.jpg,S,test
data/raw/asl_alphabet_train/S/S2438.jpg,S,test
data/raw/asl_alphabet_train/S/S971.jpg,S,test
data/raw/asl_alphabet_train/S/S1601.jpg,S,test
data/raw/asl_alphabet_train/S/S2228.jpg,S,test
data/raw/asl_alphabet_train/S/S1711.jpg,S,test
data/raw/asl_alphabet_train/S/S534.jpg,S,test
data/raw/asl_alphabet_train/S/S2906.jpg,S,test
data/raw/asl_alphabet_train/S/S2197.jpg,S,test
data/raw/asl_alphabet_train/S/S423.jpg,S,test
data/raw/asl_alphabet_train/S/S85.jpg,S,test
data/raw/asl_alphabet_train/S/S888.jpg,S,test
data/raw/asl_alphabet_train/S/S2680.jpg,S,test
data/raw/asl_alphabet_train/S/S2064.jpg,S,test
data/raw/asl_alphabet_train/S/S833.jpg,S,test
data/raw/asl_alphabet_train/S/S2290.jpg,S,test
data/raw/asl_alphabet_train/S/S1338.jpg,S,test
data/raw/asl_alphabet_train/S/S2250.jpg,S,test
data/raw/asl_alphabet_train/S/S2145.jpg,S,test
data/raw/asl_alphabet_train/S/S1009.jpg,S,test
data/raw/asl_alphabet_train/S/S2502.jpg,S,test
data/raw/asl_alphabet_train/S/S280.jpg,S,test
data/raw/asl_alphabet_train/S/S1483.jpg,S,test
data/raw/asl_alphabet_train/S/S518.jpg,S,test
data/raw/asl_alphabet_train/S/S156.jpg,S,test
data/raw/asl_alphabet_train/S/S524.jpg,S,test
data/raw/asl_alphabet_train/S/S1735.jpg,S,test
data/raw/asl_alphabet_train/S/S1324.jpg,S,test
data/raw/asl_alphabet_train/S/S41.jpg,S,test
data/raw/asl_alphabet_train/S/S1586.jpg,S,test
data/raw/asl_alphabet_train/S/S2724.jpg,S,test
data/raw/asl_alphabet_train/S/S2492.jpg,S,test
data/raw/asl_alphabet_train/S/S857.jpg,S,test
data/raw/asl_alphabet_train/S/S1901.jpg,S,test
data/raw/asl_alphabet_train/S/S2611.jpg,S,test
data/raw/asl_alphabet_train/S/S1063.jpg,S,test
data/raw/asl_alphabet_train/S/S2464.jpg,S,test
data/raw/asl_alphabet_train/S/S2388.jpg,S,test
data/raw/asl_alphabet_train/S/S1794.jpg,S,test
data/raw/asl_alphabet_train/S/S713.jpg,S,test
data/raw/asl_alphabet_train/S/S1103.jpg,S,test
data/raw/asl_alphabet_train/S/S1612.jpg,S,test
data/raw/asl_alphabet_train/S/S1797.jpg,S,test
data/raw/asl_alphabet_train/S/S2961.jpg,S,test
data/raw/asl_alphabet_train/S/S2591.jpg,S,test
data/raw/asl_alphabet_train/S/S1426.jpg,S,test
data/raw/asl_alphabet_train/S/S1672.jpg,S,test
data/raw/asl_alphabet_train/S/S2125.jpg,S,test
data/raw/asl_alphabet_train/S/S1422.jpg,S,test
data/raw/asl_alphabet_train/S/S1775.jpg,S,test
data/raw/asl_alphabet_train/S/S750.jpg,S,test
data/raw/asl_alphabet_train/S/S2313.jpg,S,test
data/raw/asl_alphabet_train/S/S468.jpg,S,test
data/raw/asl_alphabet_train/S/S554.jpg,S,test
data/raw/asl_alphabet_train/S/S2942.jpg,S,test
data/raw/asl_alphabet_train/S/S778.jpg,S,test
data/raw/asl_alphabet_train/S/S2120.jpg,S,test
data/raw/asl_alphabet_train/S/S395.jpg,S,test
data/raw/asl_alphabet_train/S/S1769.jpg,S,test
data/raw/asl_alphabet_train/S/S1623.jpg,S,test
data/raw/asl_alphabet_train/S/S2320.jpg,S,test
data/raw/asl_alphabet_train/S/S2034.jpg,S,test
data/raw/asl_alphabet_train/S/S189.jpg,S,test
data/raw/asl_alphabet_train/S/S148.jpg,S,test
data/raw/asl_alphabet_train/S/S1145.jpg,S,test
data/raw/asl_alphabet_train/S/S2910.jpg,S,test
data/raw/asl_alphabet_train/S/S523.jpg,S,test
data/raw/asl_alphabet_train/S/S2874.jpg,S,test
data/raw/asl_alphabet_train/S/S36.jpg,S,test
data/raw/asl_alphabet_train/S/S1581.jpg,S,test
data/raw/asl_alphabet_train/S/S1040.jpg,S,test
data/raw/asl_alphabet_train/S/S2627.jpg,S,test
data/raw/asl_alphabet_train/S/S655.jpg,S,test
data/raw/asl_alphabet_train/S/S1576.jpg,S,test
data/raw/asl_alphabet_train/S/S1825.jpg,S,test
data/raw/asl_alphabet_train/S/S2750.jpg,S,test
data/raw/asl_alphabet_train/S/S1315.jpg,S,test
data/raw/asl_alphabet_train/S/S1506.jpg,S,test
data/raw/asl_alphabet_train/S/S2912.jpg,S,test
data/raw/asl_alphabet_train/S/S1578.jpg,S,test
data/raw/asl_alphabet_train/S/S327.jpg,S,test
data/raw/asl_alphabet_train/S/S2672.jpg,S,test
data/raw/asl_alphabet_train/S/S2189.jpg,S,test
data/raw/asl_alphabet_train/S/S1945.jpg,S,test
data/raw/asl_alphabet_train/T/T1719.jpg,T,train
data/raw/asl_alphabet_train/T/T280.jpg,T,train
data/raw/asl_alphabet_train/T/T1943.jpg,T,train
data/raw/asl_alphabet_train/T/T475.jpg,T,train
data/raw/asl_alphabet_train/T/T2199.jpg,T,train
data/raw/asl_alphabet_train/T/T27.jpg,T,train
data/raw/asl_alphabet_train/T/T1174.jpg,T,train
data/raw/asl_alphabet_train/T/T1117.jpg,T,train
data/raw/asl_alphabet_train/T/T1789.jpg,T,train
data/raw/asl_alphabet_train/T/T271.jpg,T,train
data/raw/asl_alphabet_train/T/T1182.jpg,T,train
data/raw/asl_alphabet_train/T/T2876.jpg,T,train
data/raw/asl_alphabet_train/T/T1039.jpg,T,train
data/raw/asl_alphabet_train/T/T89.jpg,T,train
data/raw/asl_alphabet_train/T/T276.jpg,T,train
data/raw/asl_alphabet_train/T/T18.jpg,T,train
data/raw/asl_alphabet_train/T/T1283.jpg,T,train
data/raw/asl_alphabet_train/T/T739.jpg,T,train
data/raw/asl_alphabet_train/T/T409.jpg,T,train
data/raw/asl_alphabet_train/T/T455.jpg,T,train
data/raw/asl_alphabet_train/T/T539.jpg,T,train
data/raw/asl_alphabet_train/T/T2997.jpg,T,train
data/raw/asl_alphabet_train/T/T2036.jpg,T,train
data/raw/asl_alphabet_train/T/T1251.jpg,T,train
data/raw/asl_alphabet_train/T/T2661.jpg,T,train
data/raw/asl_alphabet_train/T/T1792.jpg,T,train
data/raw/asl_alphabet_train/T/T48.jpg,T,train
data/raw/asl_alphabet_train/T/T651.jpg,T,train
data/raw/asl_alphabet_train/T/T263.jpg,T,train
data/raw/asl_alphabet_train/T/T2605.jpg,T,train
data/raw/asl_alphabet_train/T/T35.jpg,T,train
data/raw/asl_alphabet_train/T/T752.jpg,T,train
data/raw/asl_alphabet_train/T/T2838.jpg,T,train
data/raw/asl_alphabet_train/T/T1313.jpg,T,train
data/raw/asl_alphabet_train/T/T1225.jpg,T,train
data/raw/asl_alphabet_train/T/T1077.jpg,T,train
data/raw/asl_alphabet_train/T/T1491.jpg,T,train
data/raw/asl_alphabet_train/T/T47.jpg,T,train
data/raw/asl_alphabet_train/T/T856.jpg,T,train
data/raw/asl_alphabet_train/T/T398.jpg,T,train
data/raw/asl_alphabet_train/T/T2808.jpg,T,train
data/raw/asl_alphabet_train/T/T1813.jpg,T,train
data/raw/asl_alphabet_train/T/T2185.jpg,T,train
data/raw/asl_alphabet_train/T/T2607.jpg,T,train
data/raw/asl_alphabet_train/T/T2211.jpg,T,train
data/raw/asl_alphabet_train/T/T801.jpg,T,train
data/raw/asl_alphabet_train/T/T2650.jpg,T,train
data/raw/asl_alphabet_train/T/T2854.jpg,T,train
data/raw/asl_alphabet_train/T/T1410.jpg,T,train
data/raw/asl_alphabet_train/T/T2987.jpg,T,train
data/raw/asl_alphabet_train/T/T1467.jpg,T,train
data/raw/asl_alphabet_train/T/T254.jpg,T,train
data/raw/asl_alphabet_train/T/T2098.jpg,T,train
data/raw/asl_alphabet_train/T/T2637.jpg,T,train
data/raw/asl_alphabet_train/T/T1478.jpg,T,train
data/raw/asl_alphabet_train/T/T1649.jpg,T,train
data/raw/asl_alphabet_train/T/T1537.jpg,T,train
data/raw/asl_alphabet_train/T/T1169.jpg,T,train
data/raw/asl_alphabet_train/T/T1519.jpg,T,train
data/raw/asl_alphabet_train/T/T1452.jpg,T,train
data/raw/asl_alphabet_train/T/T112.jpg,T,train
data/raw/asl_alphabet_train/T/T146.jpg,T,train
data/raw/asl_alphabet_train/T/T2731.jpg,T,train
data/raw/asl_alphabet_train/T/T1395.jpg,T,train
data/raw/asl_alphabet_train/T/T2276.jpg,T,train
data/raw/asl_alphabet_train/T/T1086.jpg,T,train
data/raw/asl_alphabet_train/T/T2136.jpg,T,train
data/raw/asl_alphabet_train/T/T319.jpg,T,train
data/raw/asl_alphabet_train/T/T1988.jpg,T,train
data/raw/asl_alphabet_train/T/T1800.jpg,T,train
data/raw/asl_alphabet_train/T/T1470.jpg,T,train
data/raw/asl_alphabet_train/T/T2725.jpg,T,train
data/raw/asl_alphabet_train/T/T1672.jpg,T,train
data/raw/asl_alphabet_train/T/T2466.jpg,T,train
data/raw/asl_alphabet_train/T/T1594.jpg,T,train
data/raw/asl_alphabet_train/T/T733.jpg,T,train
data/raw/asl_alphabet_train/T/T2187.jpg,T,train
data/raw/asl_alphabet_train/T/T2821.jpg,T,train
data/raw/asl_alphabet_train/T/T2058.jpg,T,train
data/raw/asl_alphabet_train/T/T1847.jpg,T,train
data/raw/asl_alphabet_train/T/T929.jpg,T,train
data/raw/asl_alphabet_train/T/T1740.jpg,T,train
data/raw/asl_alphabet_train/T/T837.jpg,T,train
data/raw/asl_alphabet_train/T/T2305.jpg,T,train
data/raw/asl_alphabet_train/T/T2002.jpg,T,train
data/raw/asl_alphabet_train/T/T1926.jpg,T,train
data/raw/asl_alphabet_train/T/T1046.jpg,T,train
data/raw/asl_alphabet_train/T/T1936.jpg,T,train
data/raw/asl_alphabet_train/T/T351.jpg,T,train
data/raw/asl_alphabet_train/T/T500.jpg,T,train
data/raw/asl_alphabet_train/T/T540.jpg,T,train
data/raw/asl_alphabet_train/T/T360.jpg,T,train
data/raw/asl_alphabet_train/T/T2990.jpg,T,train
data/raw/asl_alphabet_train/T/T1444.jpg,T,train
data/raw/asl_alphabet_train/T/T2451.jpg,T,train
data/raw/asl_alphabet_train/T/T2771.jpg,T,train
data/raw/asl_alphabet_train/T/T1888.jpg,T,train
data/raw/asl_alphabet_train/T/T766.jpg,T,train
data/raw/asl_alphabet_train/T/T317.jpg,T,train
data/raw/asl_alphabet_train/T/T640.jpg,T,train
data/raw/asl_alphabet_train/T/T2687.jpg,T,train
data/raw/asl_alphabet_train/T/T2844.jpg,T,train
data/raw/asl_alphabet_train/T/T813.jpg,T,train
data/raw/asl_alphabet_train/T/T718.jpg,T,train
data/raw/asl_alphabet_train/T/T2007.jpg,T,train
data/raw/asl_alphabet_train/T/T1294.jpg,T,train
data/raw/asl_alphabet_train/T/T2903.jpg,T,train
data/raw/asl_alphabet_train/T/T1646.jpg,T,train
data/raw/asl_alphabet_train/T/T504.jpg,T,train
data/raw/asl_alphabet_train/T/T2969.jpg,T,train
data/raw/asl_alphabet_train/T/T1306.jpg,T,train
data/raw/asl_alphabet_train/T/T2005.jpg,T,train
data/raw/asl_alphabet_train/T/T324.jpg,T,train
data/raw/asl_alphabet_train/T/T2580.jpg,T,train
data/raw/asl_alphabet_train/T/T1706.jpg,T,train
data/raw/asl_alphabet_train/T/T845.jpg,T,train
data/raw/asl_alphabet_train/T/T633.jpg,T,train
data/raw/asl_alphabet_train/T/T580.jpg,T,train
data/raw/asl_alphabet_train/T/T439.jpg,T,train
data/raw/asl_alphabet_train/T/T604.jpg,T,train
data/raw/asl_alphabet_train/T/T2512.jpg,T,train
data/raw/asl_alphabet_train/T/T518.jpg,T,train
data/raw/asl_alphabet_train/T/T629.jpg,T,train
data/raw/asl_alphabet_train/T/T751.jpg,T,train
data/raw/asl_alphabet_train/T/T2105.jpg,T,train
data/raw/asl_alphabet_train/T/T1564.jpg,T,train
data/raw/asl_alphabet_train/T/T2207.jpg,T,train
data/raw/asl_alphabet_train/T/T2736.jpg,T,train
data/raw/asl_alphabet_train/T/T2284.jpg,T,train
data/raw/asl_alphabet_train/T/T2281.jpg,T,train
data/raw/asl_alphabet_train/T/T747.jpg,T,train
data/raw/asl_alphabet_train/T/T957.jpg,T,train
data/raw/asl_alphabet_train/T/T1433.jpg,T,train
data/raw/asl_alphabet_train/T/T512.jpg,T,train
data/raw/asl_alphabet_train/T/T779.jpg,T,train
data/raw/asl_alphabet_train/T/T174.jpg,T,train
data/raw/asl_alphabet_train/T/T1939.jpg,T,train
data/raw/asl_alphabet_train/T/T2556.jpg,T,train
data/raw/asl_alphabet_train/T/T445.jpg,T,train
data/raw/asl_alphabet_train/T/T1248.jpg,T,train
data/raw/asl_alphabet_train/T/T2627.jpg,T,train
data/raw/asl_alphabet_train/T/T1408.jpg,T,train
data/raw/asl_alphabet_train/T/T2299.jpg,T,train
data/raw/asl_alphabet_train/T/T888.jpg,T,train
data/raw/asl_alphabet_train/T/T1567.jpg,T,train
data/raw/asl_alphabet_train/T/T2360.jpg,T,train
data/raw/asl_alphabet_train/T/T1822.jpg,T,train
data/raw/asl_alphabet_train/T/T2877.jpg,T,train
data/raw/asl_alphabet_train/T/T2708.jpg,T,train
data/raw/asl_alphabet_train/T/T2559.jpg,T,train
data/raw/asl_alphabet_train/T/T1364.jpg,T,train
data/raw/asl_alphabet_train/T/T2578.jpg,T,train
data/raw/asl_alphabet_train/T/T1546.jpg,T,train
data/raw/asl_alphabet_train/T/T2971.jpg,T,train
data/raw/asl_alphabet_train/T/T2034.jpg,T,train
data/raw/asl_alphabet_train/T/T2127.jpg,T,train
data/raw/asl_alphabet_train/T/T2383.jpg,T,train
data/raw/asl_alphabet_train/T/T1181.jpg,T,train
data/raw/asl_alphabet_train/T/T2807.jpg,T,train
data/raw/asl_alphabet_train/T/T1625.jpg,T,train
data/raw/asl_alphabet_train/T/T1143.jpg,T,train
data/raw/asl_alphabet_train/T/T1312.jpg,T,train
data/raw/asl_alphabet_train/T/T1685.jpg,T,train
data/raw/asl_alphabet_train/T/T2071.jpg,T,train
data/raw/asl_alphabet_train/T/T1921.jpg,T,train
data/raw/asl_alphabet_train/T/T526.jpg,T,train
data/raw/asl_alphabet_train/T/T56.jpg,T,train
data/raw/asl_alphabet_train/T/T2074.jpg,T,train
data/raw/asl_alphabet_train/T/T2777.jpg,T,train
data/raw/asl_alphabet_train/T/T1002.jpg,T,train
data/raw/asl_alphabet_train/T/T2645.jpg,T,train
data/raw/asl_alphabet_train/T/T131.jpg,T,train
data/raw/asl_alphabet_train/T/T2359.jpg,T,train
data/raw/asl_alphabet_train/T/T250.jpg,T,train
data/raw/asl_alphabet_train/T/T1487.jpg,T,train
data/raw/asl_alphabet_train/T/T285.jpg,T,train
data/raw/asl_alphabet_train/T/T1767.jpg,T,train
data/raw/asl_alphabet_train/T/T2762.jpg,T,train
data/raw/asl_alphabet_train/T/T473.jpg,T,train
data/raw/asl_alphabet_train/T/T1885.jpg,T,train
data/raw/asl_alphabet_train/T/T984.jpg,T,train
data/raw/asl_alphabet_train/T/T2332.jpg,T,train
data/raw/asl_alphabet_train/T/T1673.jpg,T,train
data/raw/asl_alphabet_train/T/T1027.jpg,T,train
data/raw/asl_alphabet_train/T/T2581.jpg,T,train
data/raw/asl_alphabet_train/T/T2783.jpg,T,train
data/raw/asl_alphabet_train/T/T2941.jpg,T,train
data/raw/asl_alphabet_train/T/T341.jpg,T,train
data/raw/asl_alphabet_train/T/T1621.jpg,T,train
data/raw/asl_alphabet_train/T/T2978.jpg,T,train
data/raw/asl_alphabet_train/T/T2050.jpg,T,train
data/raw/asl_alphabet_train/T/T2287.jpg,T,train
data/raw/asl_alphabet_train/T/T1775.jpg,T,train
data/raw/asl_alphabet_train/T/T2429.jpg,T,train
data/raw/asl_alphabet_train/T/T2667.jpg,T,train
data/raw/asl_alphabet_train/T/T1806.jpg,T,train
data/raw/asl_alphabet_train/T/T1447.jpg,T,train
data/raw/asl_alphabet_train/T/T1001.jpg,T,train
data/raw/asl_alphabet_train/T/T844.jpg,T,train
data/raw/asl_alphabet_train/T/T2701.jpg,T,train
data/raw/asl_alphabet_train/T/T728.jpg,T,train
data/raw/asl_alphabet_train/T/T914.jpg,T,train
data/raw/asl_alphabet_train/T/T2836.jpg,T,train
data/raw/asl_alphabet_train/T/T1981.jpg,T,train
data/raw/asl_alphabet_train/T/T383.jpg,T,train
data/raw/asl_alphabet_train/T/T915.jpg,T,train
data/raw/asl_alphabet_train/T/T2128.jpg,T,train
data/raw/asl_alphabet_train/T/T2922.jpg,T,train
data/raw/asl_alphabet_train/T/T2133.jpg,T,train
data/raw/asl_alphabet_train/T/T332.jpg,T,train
data/raw/asl_alphabet_train/T/T2253.jpg,T,train
data/raw/asl_alphabet_train/T/T404.jpg,T,train
data/raw/asl_alphabet_train/T/T2965.jpg,T,train
data/raw/asl_alphabet_train/T/T2912.jpg,T,train
data/raw/asl_alphabet_train/T/T1553.jpg,T,train
data/raw/asl_alphabet_train/T/T859.jpg,T,train
data/raw/asl_alphabet_train/T/T560.jpg,T,train
data/raw/asl_alphabet_train/T/T2696.jpg,T,train
data/raw/asl_alphabet_train/T/T2045.jpg,T,train
data/raw/asl_alphabet_train/T/T2021.jpg,T,train
data/raw/asl_alphabet_train/T/T2604.jpg,T,train
data/raw/asl_alphabet_train/T/T2148.jpg,T,train
data/raw/asl_alphabet_train/T/T335.jpg,T,train
data/raw/asl_alphabet_train/T/T2665.jpg,T,train
data/raw/asl_alphabet_train/T/T882.jpg,T,train
data/raw/asl_alphabet_train/T/T2595.jpg,T,train
data/raw/asl_alphabet_train/T/T2489.jpg,T,train
data/raw/asl_alphabet_train/T/T1009.jpg,T,train
data/raw/asl_alphabet_train/T/T1326.jpg,T,train
data/raw/asl_alphabet_train/T/T1647.jpg,T,train
data/raw/asl_alphabet_train/T/T2690.jpg,T,train
data/raw/asl_alphabet_train/T/T2986.jpg,T,train
data/raw/asl_alphabet_train/T/T2403.jpg,T,train
data/raw/asl_alphabet_train/T/T997.jpg,T,train
data/raw/asl_alphabet_train/T/T1441.jpg,T,train
data/raw/asl_alphabet_train/T/T2795.jpg,T,train
data/raw/asl_alphabet_train/T/T990.jpg,T,train
data/raw/asl_alphabet_train/T/T213.jpg,T,train
data/raw/asl_alphabet_train/T/T234.jpg,T,train
data/raw/asl_alphabet_train/T/T1003.jpg,T,train
data/raw/asl_alphabet_train/T/T1498.jpg,T,train
data/raw/asl_alphabet_train/T/T1363.jpg,T,train
data/raw/asl_alphabet_train/T/T2537.jpg,T,train
data/raw/asl_alphabet_train/T/T2715.jpg,T,train
data/raw/asl_alphabet_train/T/T1729.jpg,T,train
data/raw/asl_alphabet_train/T/T2348.jpg,T,train
data/raw/asl_alphabet_train/T/T2075.jpg,T,train
data/raw/asl_alphabet_train/T/T412.jpg,T,train
data/raw/asl_alphabet_train/T/T823.jpg,T,train
data/raw/asl_alphabet_train/T/T2564.jpg,T,train
data/raw/asl_alphabet_train/T/T2973.jpg,T,train
data/raw/asl_alphabet_train/T/T2528.jpg,T,train
data/raw/asl_alphabet_train/T/T1224.jpg,T,train
data/raw/asl_alphabet_train/T/T241.jpg,T,train
data/raw/asl_alphabet_train/T/T991.jpg,T,train
data/raw/asl_alphabet_train/T/T73.jpg,T,train
data/raw/asl_alphabet_train/T/T2972.jpg,T,train
data/raw/asl_alphabet_train/T/T181.jpg,T,train
data/raw/asl_alphabet_train/T/T137.jpg,T,train
data/raw/asl_alphabet_train/T/T1804.jpg,T,train
data/raw/asl_alphabet_train/T/T863.jpg,T,train
data/raw/asl_alphabet_train/T/T2068.jpg,T,train
data/raw/asl_alphabet_train/T/T1231.jpg,T,train
data/raw/asl_alphabet_train/T/T2656.jpg,T,train
data/raw/asl_alphabet_train/T/T451.jpg,T,train
data/raw/asl_alphabet_train/T/T1026.jpg,T,train
data/raw/asl_alphabet_train/T/T1756.jpg,T,train
data/raw/asl_alphabet_train/T/T1682.jpg,T,train
data/raw/asl_alphabet_train/T/T619.jpg,T,train
data/raw/asl_alphabet_train/T/T946.jpg,T,train
data/raw/asl_alphabet_train/T/T2444.jpg,T,train
data/raw/asl_alphabet_train/T/T1827.jpg,T,train
data/raw/asl_alphabet_train/T/T606.jpg,T,train
data/raw/asl_alphabet_train/T/T356.jpg,T,train
data/raw/asl_alphabet_train/T/T689.jpg,T,train
data/raw/asl_alphabet_train/T/T1843.jpg,T,train
data/raw/asl_alphabet_train/T/T814.jpg,T,train
data/raw/asl_alphabet_train/T/T418.jpg,T,train
data/raw/asl_alphabet_train/T/T2407.jpg,T,train
data/raw/asl_alphabet_train/T/T2265.jpg,T,train
data/raw/asl_alphabet_train/T/T2271.jpg,T,train
data/raw/asl_alphabet_train/T/T1429.jpg,T,train
data/raw/asl_alphabet_train/T/T2456.jpg,T,train
data/raw/asl_alphabet_train/T/T556.jpg,T,train
data/raw/asl_alphabet_train/T/T1458.jpg,T,train
data/raw/asl_alphabet_train/T/T2889.jpg,T,train
data/raw/asl_alphabet_train/T/T499.jpg,T,train
data/raw/asl_alphabet_train/T/T2111.jpg,T,train
data/raw/asl_alphabet_train/T/T855.jpg,T,train
data/raw/asl_alphabet_train/T/T180.jpg,T,train
data/raw/asl_alphabet_train/T/T2061.jpg,T,train
data/raw/asl_alphabet_train/T/T2635.jpg,T,train
data/raw/asl_alphabet_train/T/T2689.jpg,T,train
data/raw/asl_alphabet_train/T/T574.jpg,T,train
data/raw/asl_alphabet_train/T/T2981.jpg,T,train
data/raw/asl_alphabet_train/T/T2076.jpg,T,train
data/raw/asl_alphabet_train/T/T2106.jpg,T,train
data/raw/asl_alphabet_train/T/T1107.jpg,T,train
data/raw/asl_alphabet_train/T/T566.jpg,T,train
data/raw/asl_alphabet_train/T/T1606.jpg,T,train
data/raw/asl_alphabet_train/T/T1931.jpg,T,train
data/raw/asl_alphabet_train/T/T643.jpg,T,train
data/raw/asl_alphabet_train/T/T1744.jpg,T,train
data/raw/asl_alphabet_train/T/T1940.jpg,T,train
data/raw/asl_alphabet_train/T/T2812.jpg,T,train
data/raw/asl_alphabet_train/T/T2931.jpg,T,train
data/raw/asl_alphabet_train/T/T2573.jpg,T,train
data/raw/asl_alphabet_train/T/T2204.jpg,T,train
data/raw/asl_alphabet_train/T/T1757.jpg,T,train
data/raw/asl_alphabet_train/T/T1734.jpg,T,train
data/raw/asl_alphabet_train/T/T2738.jpg,T,train
data/raw/asl_alphabet_train/T/T796.jpg,T,train
data/raw/asl_alphabet_train/T/T1965.jpg,T,train
data/raw/asl_alphabet_train/T/T767.jpg,T,train
data/raw/asl_alphabet_train/T/T128.jpg,T,train
data/raw/asl_alphabet_train/T/T227.jpg,T,train
data/raw/asl_alphabet_train/T/T1153.jpg,T,train
data/raw/asl_alphabet_train/T/T1665.jpg,T,train
data/raw/asl_alphabet_train/T/T1883.jpg,T,train
data/raw/asl_alphabet_train/T/T665.jpg,T,train
data/raw/asl_alphabet_train/T/T49.jpg,T,train
data/raw/asl_alphabet_train/T/T1868.jpg,T,train
data/raw/asl_alphabet_train/T/T2869.jpg,T,train
data/raw/asl_alphabet_train/T/T1592.jpg,T,train
data/raw/asl_alphabet_train/T/T407.jpg,T,train
data/raw/asl_alphabet_train/T/T2195.jpg,T,train
data/raw/asl_alphabet_train/T/T2381.jpg,T,train
data/raw/asl_alphabet_train/T/T2190.jpg,T,train
data/raw/asl_alphabet_train/T/T2763.jpg,T,train
data/raw/asl_alphabet_train/T/T80.jpg,T,train
data/raw/asl_alphabet_train/T/T2597.jpg,T,train
data/raw/asl_alphabet_train/T/T134.jpg,T,train
data/raw/asl_alphabet_train/T/T1535.jpg,T,train
data/raw/asl_alphabet_train/T/T299.jpg,T,train
data/raw/asl_alphabet_train/T/T1217.jpg,T,train
data/raw/asl_alphabet_train/T/T1308.jpg,T,train
data/raw/asl_alphabet_train/T/T1552.jpg,T,train
data/raw/asl_alphabet_train/T/T2393.jpg,T,train
data/raw/asl_alphabet_train/T/T2382.jpg,T,train
data/raw/asl_alphabet_train/T/T784.jpg,T,train
data/raw/asl_alphabet_train/T/T2295.jpg,T,train
data/raw/asl_alphabet_train/T/T1674.jpg,T,train
data/raw/asl_alphabet_train/T/T2659.jpg,T,train
data/raw/asl_alphabet_train/T/T120.jpg,T,train
data/raw/asl_alphabet_train/T/T494.jpg,T,train
data/raw/asl_alphabet_train/T/T958.jpg,T,train
data/raw/asl_alphabet_train/T/T2936.jpg,T,train
data/raw/asl_alphabet_train/T/T394.jpg,T,train
data/raw/asl_alphabet_train/T/T2516.jpg,T,train
data/raw/asl_alphabet_train/T/T1393.jpg,T,train
data/raw/asl_alphabet_train/T/T1867.jpg,T,train
data/raw/asl_alphabet_train/T/T2933.jpg,T,train
data/raw/asl_alphabet_train/T/T2373.jpg,T,train
data/raw/asl_alphabet_train/T/T2586.jpg,T,train
data/raw/asl_alphabet_train/T/T1798.jpg,T,train
data/raw/asl_alphabet_train/T/T2976.jpg,T,train
data/raw/asl_alphabet_train/T/T1054.jpg,T,train
data/raw/asl_alphabet_train/T/T2801.jpg,T,train
data/raw/asl_alphabet_train/T/T2819.jpg,T,train
data/raw/asl_alphabet_train/T/T2467.jpg,T,train
data/raw/asl_alphabet_train/T/T1521.jpg,T,train
data/raw/asl_alphabet_train/T/T2786.jpg,T,train
data/raw/asl_alphabet_train/T/T756.jpg,T,train
data/raw/asl_alphabet_train/T/T1073.jpg,T,train
data/raw/asl_alphabet_train/T/T41.jpg,T,train
data/raw/asl_alphabet_train/T/T78.jpg,T,train
data/raw/asl_alphabet_train/T/T413.jpg,T,train
data/raw/asl_alphabet_train/T/T1400.jpg,T,train
data/raw/asl_alphabet_train/T/T2686.jpg,T,train
data/raw/asl_alphabet_train/T/T1764.jpg,T,train
data/raw/asl_alphabet_train/T/T1305.jpg,T,train
data/raw/asl_alphabet_train/T/T1958.jpg,T,train
data/raw/asl_alphabet_train/T/T278.jpg,T,train
data/raw/asl_alphabet_train/T/T191.jpg,T,train
data/raw/asl_alphabet_train/T/T1043.jpg,T,train
data/raw/asl_alphabet_train/T/T485.jpg,T,train
data/raw/asl_alphabet_train/T/T144.jpg,T,train
data/raw/asl_alphabet_train/T/T2647.jpg,T,train
data/raw/asl_alphabet_train/T/T2938.jpg,T,train
data/raw/asl_alphabet_train/T/T225.jpg,T,train
data/raw/asl_alphabet_train/T/T1735.jpg,T,train
data/raw/asl_alphabet_train/T/T1875.jpg,T,train
data/raw/asl_alphabet_train/T/T2246.jpg,T,train
data/raw/asl_alphabet_train/T/T2.jpg,T,train
data/raw/asl_alphabet_train/T/T765.jpg,T,train
data/raw/asl_alphabet_train/T/T2081.jpg,T,train
data/raw/asl_alphabet_train/T/T1755.jpg,T,train
data/raw/asl_alphabet_train/T/T626.jpg,T,train
data/raw/asl_alphabet_train/T/T189.jpg,T,train
data/raw/asl_alphabet_train/T/T2431.jpg,T,train
data/raw/asl_alphabet_train/T/T2232.jpg,T,train
data/raw/asl_alphabet_train/T/T1366.jpg,T,train
data/raw/asl_alphabet_train/T/T1709.jpg,T,train
data/raw/asl_alphabet_train/T/T2416.jpg,T,train
data/raw/asl_alphabet_train/T/T2494.jpg,T,train
data/raw/asl_alphabet_train/T/T2718.jpg,T,train
data/raw/asl_alphabet_train/T/T1350.jpg,T,train
data/raw/asl_alphabet_train/T/T1206.jpg,T,train
data/raw/asl_alphabet_train/T/T244.jpg,T,train
data/raw/asl_alphabet_train/T/T1696.jpg,T,train
data/raw/asl_alphabet_train/T/T402.jpg,T,train
data/raw/asl_alphabet_train/T/T162.jpg,T,train
data/raw/asl_alphabet_train/T/T981.jpg,T,train
data/raw/asl_alphabet_train/T/T427.jpg,T,train
data/raw/asl_alphabet_train/T/T2839.jpg,T,train
data/raw/asl_alphabet_train/T/T123.jpg,T,train
data/raw/asl_alphabet_train/T/T1731.jpg,T,train
data/raw/asl_alphabet_train/T/T436.jpg,T,train
data/raw/asl_alphabet_train/T/T2368.jpg,T,train
data/raw/asl_alphabet_train/T/T1218.jpg,T,train
data/raw/asl_alphabet_train/T/T313.jpg,T,train
data/raw/asl_alphabet_train/T/T822.jpg,T,train
data/raw/asl_alphabet_train/T/T2885.jpg,T,train
data/raw/asl_alphabet_train/T/T1547.jpg,T,train
data/raw/asl_alphabet_train/T/T415.jpg,T,train
data/raw/asl_alphabet_train/T/T995.jpg,T,train
data/raw/asl_alphabet_train/T/T414.jpg,T,train
data/raw/asl_alphabet_train/T/T1920.jpg,T,train
data/raw/asl_alphabet_train/T/T2182.jpg,T,train
data/raw/asl_alphabet_train/T/T247.jpg,T,train
data/raw/asl_alphabet_train/T/T2779.jpg,T,val
data/raw/asl_alphabet_train/T/T2966.jpg,T,val
data/raw/asl_alphabet_train/T/T594.jpg,T,val
data/raw/asl_alphabet_train/T/T830.jpg,T,val
data/raw/asl_alphabet_train/T/T620.jpg,T,val
data/raw/asl_alphabet_train/T/T1156.jpg,T,val
data/raw/asl_alphabet_train/T/T2433.jpg,T,val
data/raw/asl_alphabet_train/T/T2527.jpg,T,val
data/raw/asl_alphabet_train/T/T305.jpg,T,val
data/raw/asl_alphabet_train/T/T2963.jpg,T,val
data/raw/asl_alphabet_train/T/T2606.jpg,T,val
data/raw/asl_alphabet_train/T/T2900.jpg,T,val
data/raw/asl_alphabet_train/T/T1930.jpg,T,val
data/raw/asl_alphabet_train/T/T1624.jpg,T,val
data/raw/asl_alphabet_train/T/T2135.jpg,T,val
data/raw/asl_alphabet_train/T/T974.jpg,T,val
data/raw/asl_alphabet_train/T/T2212.jpg,T,val
data/raw/asl_alphabet_train/T/T2366.jpg,T,val
data/raw/asl_alphabet_train/T/T565.jpg,T,val
data/raw/asl_alphabet_train/T/T827.jpg,T,val
data/raw/asl_alphabet_train/T/T1421.jpg,T,val
data/raw/asl_alphabet_train/T/T1238.jpg,T,val
data/raw/asl_alphabet_train/T/T2196.jpg,T,val
data/raw/asl_alphabet_train/T/T505.jpg,T,val
data/raw/asl_alphabet_train/T/T2290.jpg,T,val
data/raw/asl_alphabet_train/T/T2424.jpg,T,val
data/raw/asl_alphabet_train/T/T206.jpg,T,val
data/raw/asl_alphabet_train/T/T1818.jpg,T,val
data/raw/asl_alphabet_train/T/T1919.jpg,T,val
data/raw/asl_alphabet_train/T/T2460.jpg,T,val
data/raw/asl_alphabet_train/T/T2561.jpg,T,val
data/raw/asl_alphabet_train/T/T776.jpg,T,val
data/raw/asl_alphabet_train/T/T2831.jpg,T,val
data/raw/asl_alphabet_train/T/T2589.jpg,T,val
data/raw/asl_alphabet_train/T/T744.jpg,T,val
data/raw/asl_alphabet_train/T/T1040.jpg,T,val
data/raw/asl_alphabet_train/T/T1692.jpg,T,val
data/raw/asl_alphabet_train/T/T2756.jpg,T,val
data/raw/asl_alphabet_train/T/T95.jpg,T,val
data/raw/asl_alphabet_train/T/T669.jpg,T,val
data/raw/asl_alphabet_train/T/T2421.jpg,T,val
data/raw/asl_alphabet_train/T/T525.jpg,T,val
data/raw/asl_alphabet_train/T/T2882.jpg,T,val
data/raw/asl_alphabet_train/T/T804.jpg,T,val
data/raw/asl_alphabet_train/T/T1256.jpg,T,val
data/raw/asl_alphabet_train/T/T1270.jpg,T,val
data/raw/asl_alphabet_train/T/T724.jpg,T,val
data/raw/asl_alphabet_train/T/T2591.jpg,T,val
data/raw/asl_alphabet_train/T/T1499.jpg,T,val
data/raw/asl_alphabet_train/T/T45.jpg,T,val
data/raw/asl_alphabet_train/T/T1892.jpg,T,val
data/raw/asl_alphabet_train/T/T2017.jpg,T,val
data/raw/asl_alphabet_train/T/T443.jpg,T,val
data/raw/asl_alphabet_train/T/T2497.jpg,T,val
data/raw/asl_alphabet_train/T/T2270.jpg,T,val
data/raw/asl_alphabet_train/T/T635.jpg,T,val
data/raw/asl_alphabet_train/T/T1144.jpg,T,val
data/raw/asl_alphabet_train/T/T2218.jpg,T,val
data/raw/asl_alphabet_train/T/T1092.jpg,T,val
data/raw/asl_alphabet_train/T/T2225.jpg,T,val
data/raw/asl_alphabet_train/T/T1526.jpg,T,val
data/raw/asl_alphabet_train/T/T1192.jpg,T,val
data/raw/asl_alphabet_train/T/T2868.jpg,T,val
data/raw/asl_alphabet_train/T/T693.jpg,T,val
data/raw/asl_alphabet_train/T/T722.jpg,T,val
data/raw/asl_alphabet_train/T/T1541.jpg,T,val
data/raw/asl_alphabet_train/T/T1303.jpg,T,val
data/raw/asl_alphabet_train/T/T893.jpg,T,val
data/raw/asl_alphabet_train/T/T1258.jpg,T,val
data/raw/asl_alphabet_train/T/T1835.jpg,T,val
data/raw/asl_alphabet_train/T/T1262.jpg,T,val
data/raw/asl_alphabet_train/T/T2208.jpg,T,val
data/raw/asl_alphabet_train/T/T2273.jpg,T,val
data/raw/asl_alphabet_train/T/T757.jpg,T,val
data/raw/asl_alphabet_train/T/T1403.jpg,T,val
data/raw/asl_alphabet_train/T/T339.jpg,T,val
data/raw/asl_alphabet_train/T/T237.jpg,T,val
data/raw/asl_alphabet_train/T/T1140.jpg,T,val
data/raw/asl_alphabet_train/T/T2248.jpg,T,val
data/raw/asl_alphabet_train/T/T2937.jpg,T,val
data/raw/asl_alphabet_train/T/T1483.jpg,T,val
data/raw/asl_alphabet_train/T/T536.jpg,T,val
data/raw/asl_alphabet_train/T/T1059.jpg,T,val
data/raw/asl_alphabet_train/T/T1255.jpg,T,val
data/raw/asl_alphabet_train/T/T1247.jpg,T,val
data/raw/asl_alphabet_train/T/T2099.jpg,T,val
data/raw/asl_alphabet_train/T/T2101.jpg,T,val
data/raw/asl_alphabet_train/T/T1997.jpg,T,val
data/raw/asl_alphabet_train/T/T392.jpg,T,val
data/raw/asl_alphabet_train/T/T1979.jpg,T,val
data/raw/asl_alphabet_train/T/T1987.jpg,T,test
data/raw/asl_alphabet_train/T/T2311.jpg,T,test
data/raw/asl_alphabet_train/T/T2641.jpg,T,test
data/raw/asl_alphabet_train/T/T537.jpg,T,test
data/raw/asl_alphabet_train/T/T1642.jpg,T,test
data/raw/asl_alphabet_train/T/T772.jpg,T,test
data/raw/asl_alphabet_train/T/T1580.jpg,T,test
data/raw/asl_alphabet_train/T/T199.jpg,T,test
data/raw/asl_alphabet_train/T/T1641.jpg,T,test
data/raw/asl_alphabet_train/T/T1425.jpg,T,test
data/raw/asl_alphabet_train/T/T2727.jpg,T,test
data/raw/asl_alphabet_train/T/T388.jpg,T,test
data/raw/asl_alphabet_train/T/T2193.jpg,T,test
data/raw/asl_alphabet_train/T/T1576.jpg,T,test
data/raw/asl_alphabet_train/T/T1210.jpg,T,test
data/raw/asl_alphabet_train/T/T2293.jpg,T,test
data/raw/asl_alphabet_train/T/T2652.jpg,T,test
data/raw/asl_alphabet_train/T/T1588.jpg,T,test
data/raw/asl_alphabet_train/T/T435.jpg,T,test
data/raw/asl_alphabet_train/T/T1710.jpg,T,test
data/raw/asl_alphabet_train/T/T1105.jpg,T,test
data/raw/asl_alphabet_train/T/T2400.jpg,T,test
data/raw/asl_alphabet_train/T/T2625.jpg,T,test
data/raw/asl_alphabet_train/T/T2883.jpg,T,test
data/raw/asl_alphabet_train/T/T431.jpg,T,test
data/raw/asl_alphabet_train/T/T1607.jpg,T,test
data/raw/asl_alphabet_train/T/T1375.jpg,T,test
data/raw/asl_alphabet_train/T/T19.jpg,T,test
data/raw/asl_alphabet_train/T/T2525.jpg,T,test
data/raw/asl_alphabet_train/T/T1015.jpg,T,test
data/raw/asl_alphabet_train/T/T938.jpg,T,test
data/raw/asl_alphabet_train/T/T1066.jpg,T,test
data/raw/asl_alphabet_train/T/T1698.jpg,T,test
data/raw/asl_alphabet_train/T/T2810.jpg,T,test
data/raw/asl_alphabet_train/T/T235.jpg,T,test
data/raw/asl_alphabet_train/T/T1866.jpg,T,test
data/raw/asl_alphabet_train/T/T2001.jpg,T,test
data/raw/asl_alphabet_train/T/T2940.jpg,T,test
data/raw/asl_alphabet_train/T/T98.jpg,T,test
data/raw/asl_alphabet_train/T/T465.jpg,T,test
data/raw/asl_alphabet_train/T/T1700.jpg,T,test
data/raw/asl_alphabet_train/T/T340.jpg,T,test
data/raw/asl_alphabet_train/T/T1476.jpg,T,test
data/raw/asl_alphabet_train/T/T2515.jpg,T,test
data/raw/asl_alphabet_train/T/T2980.jpg,T,test
data/raw/asl_alphabet_train/T/T2160.jpg,T,test
data/raw/asl_alphabet_train/T/T1341.jpg,T,test
data/raw/asl_alphabet_train/T/T2651.jpg,T,test
data/raw/asl_alphabet_train/T/T2250.jpg,T,test
data/raw/asl_alphabet_train/T/T2326.jpg,T,test
data/raw/asl_alphabet_train/T/T2385.jpg,T,test
data/raw/asl_alphabet_train/T/T2754.jpg,T,test
data/raw/asl_alphabet_train/T/T419.jpg,T,test
data/raw/asl_alphabet_train/T/T877.jpg,T,test
data/raw/asl_alphabet_train/T/T1469.jpg,T,test
data/raw/asl_alphabet_train/T/T21.jpg,T,test
data/raw/asl_alphabet_train/T/T2475.jpg,T,test
data/raw/asl_alphabet_train/T/T685.jpg,T,test
data/raw/asl_alphabet_train/T/T2774.jpg,T,test
data/raw/asl_alphabet_train/T/T2082.jpg,T,test
data/raw/asl_alphabet_train/T/T483.jpg,T,test
data/raw/asl_alphabet_train/T/T1253.jpg,T,test
data/raw/asl_alphabet_train/T/T2057.jpg,T,test
data/raw/asl_alphabet_train/T/T470.jpg,T,test
data/raw/asl_alphabet_train/T/T1280.jpg,T,test
data/raw/asl_alphabet_train/T/T2012.jpg,T,test
data/raw/asl_alphabet_train/T/T2425.jpg,T,test
data/raw/asl_alphabet_train/T/T2699.jpg,T,test
data/raw/asl_alphabet_train/T/T91.jpg,T,test
data/raw/asl_alphabet_train/T/T1517.jpg,T,test
data/raw/asl_alphabet_train/T/T1080.jpg,T,test
data/raw/asl_alphabet_train/T/T1337.jpg,T,test
data/raw/asl_alphabet_train/T/T259.jpg,T,test
data/raw/asl_alphabet_train/T/T1951.jpg,T,test
data/raw/asl_alphabet_train/T/T1726.jpg,T,test
data/raw/asl_alphabet_train/T/T906.jpg,T,test
data/raw/asl_alphabet_train/T/T2375.jpg,T,test
data/raw/asl_alphabet_train/T/T802.jpg,T,test
data/raw/asl_alphabet_train/T/T2713.jpg,T,test
data/raw/asl_alphabet_train/T/T2291.jpg,T,test
data/raw/asl_alphabet_train/T/T810.jpg,T,test
data/raw/asl_alphabet_train/T/T511.jpg,T,test
data/raw/asl_alphabet_train/T/T274.jpg,T,test
data/raw/asl_alphabet_train/T/T774.jpg,T,test
data/raw/asl_alphabet_train/T/T951.jpg,T,test
data/raw/asl_alphabet_train/T/T2562.jpg,T,test
data/raw/asl_alphabet_train/T/T2555.jpg,T,test
data/raw/asl_alphabet_train/T/T501.jpg,T,test
data/raw/asl_alphabet_train/T/T2014.jpg,T,test
data/raw/asl_alphabet_train/T/T2711.jpg,T,test
data/raw/asl_alphabet_train/U/U616.jpg,U,train
data/raw/asl_alphabet_train/U/U2694.jpg,U,train
data/raw/asl_alphabet_train/U/U1427.jpg,U,train
data/raw/asl_alphabet_train/U/U137.jpg,U,train
data/raw/asl_alphabet_train/U/U1531.jpg,U,train
data/raw/asl_alphabet_train/U/U894.jpg,U,train
data/raw/asl_alphabet_train/U/U1785.jpg,U,train
data/raw/asl_alphabet_train/U/U1237.jpg,U,train
data/raw/asl_alphabet_train/U/U1384.jpg,U,train
data/raw/asl_alphabet_train/U/U858.jpg,U,train
data/raw/asl_alphabet_train/U/U1649.jpg,U,train
data/raw/asl_alphabet_train/U/U11.jpg,U,train
data/raw/asl_alphabet_train/U/U1229.jpg,U,train
data/raw/asl_alphabet_train/U/U595.jpg,U,train
data/raw/asl_alphabet_train/U/U2416.jpg,U,train
data/raw/asl_alphabet_train/U/U1430.jpg,U,train
data/raw/asl_alphabet_train/U/U789.jpg,U,train
data/raw/asl_alphabet_train/U/U2125.jpg,U,train
data/raw/asl_alphabet_train/U/U2618.jpg,U,train
data/raw/asl_alphabet_train/U/U2525.jpg,U,train
data/raw/asl_alphabet_train/U/U1267.jpg,U,train
data/raw/asl_alphabet_train/U/U626.jpg,U,train
data/raw/asl_alphabet_train/U/U964.jpg,U,train
data/raw/asl_alphabet_train/U/U335.jpg,U,train
data/raw/asl_alphabet_train/U/U752.jpg,U,train
data/raw/asl_alphabet_train/U/U1036.jpg,U,train
data/raw/asl_alphabet_train/U/U1155.jpg,U,train
data/raw/asl_alphabet_train/U/U2034.jpg,U,train
data/raw/asl_alphabet_train/U/U2395.jpg,U,train
data/raw/asl_alphabet_train/U/U2481.jpg,U,train
data/raw/asl_alphabet_train/U/U2598.jpg,U,train
data/raw/asl_alphabet_train/U/U1709.jpg,U,train
data/raw/asl_alphabet_train/U/U2411.jpg,U,train
data/raw/asl_alphabet_train/U/U2659.jpg,U,train
data/raw/asl_alphabet_train/U/U348.jpg,U,train
data/raw/asl_alphabet_train/U/U2874.jpg,U,train
data/raw/asl_alphabet_train/U/U2119.jpg,U,train
data/raw/asl_alphabet_train/U/U2624.jpg,U,train
data/raw/asl_alphabet_train/U/U1324.jpg,U,train
data/raw/asl_alphabet_train/U/U2074.jpg,U,train
data/raw/asl_alphabet_train/U/U12.jpg,U,train
data/raw/asl_alphabet_train/U/U2651.jpg,U,train
data/raw/asl_alphabet_train/U/U949.jpg,U,train
data/raw/asl_alphabet_train/U/U135.jpg,U,train
data/raw/asl_alphabet_train/U/U1888.jpg,U,train
data/raw/asl_alphabet_train/U/U2465.jpg,U,train
data/raw/asl_alphabet_train/U/U474.jpg,U,train
data/raw/asl_alphabet_train/U/U2494.jpg,U,train
data/raw/asl_alphabet_train/U/U245.jpg,U,train
data/raw/asl_alphabet_train/U/U579.jpg,U,train
data/raw/asl_alphabet_train/U/U2572.jpg,U,train
data/raw/asl_alphabet_train/U/U450.jpg,U,train
data/raw/asl_alphabet_train/U/U2220.jpg,U,train
data/raw/asl_alphabet_train/U/U893.jpg,U,train
data/raw/asl_alphabet_train/U/U2238.jpg,U,train
data/raw/asl_alphabet_train/U/U728.jpg,U,train
data/raw/asl_alphabet_train/U/U2298.jpg,U,train
data/raw/asl_alphabet_train/U/U1294.jpg,U,train
data/raw/asl_alphabet_train/U/U513.jpg,U,train
data/raw/asl_alphabet_train/U/U1619.jpg,U,train
data/raw/asl_alphabet_train/U/U75.jpg,U,train
data/raw/asl_alphabet_train/U/U2760.jpg,U,train
data/raw/asl_alphabet_train/U/U1484.jpg,U,train
data/raw/asl_alphabet_train/U/U1110.jpg,U,train
data/raw/asl_alphabet_train/U/U74.jpg,U,train
data/raw/asl_alphabet_train/U/U1162.jpg,U,train
data/raw/asl_alphabet_train/U/U2775.jpg,U,train
data/raw/asl_alphabet_train/U/U683.jpg,U,train
data/raw/asl_alphabet_train/U/U1572.jpg,U,train
data/raw/asl_alphabet_train/U/U1528.jpg,U,train
data/raw/asl_alphabet_train/U/U101.jpg,U,train
data/raw/asl_alphabet_train/U/U2590.jpg,U,train
data/raw/asl_alphabet_train/U/U2153.jpg,U,train
data/raw/asl_alphabet_train/U/U1034.jpg,U,train
data/raw/asl_alphabet_train/U/U818.jpg,U,train
data/raw/asl_alphabet_train/U/U973.jpg,U,train
data/raw/asl_alphabet_train/U/U425.jpg,U,train
data/raw/asl_alphabet_train/U/U1311.jpg,U,train
data/raw/asl_alphabet_train/U/U1869.jpg,U,train
data/raw/asl_alphabet_train/U/U2023.jpg,U,train
data/raw/asl_alphabet_train/U/U2480.jpg,U,train
data/raw/asl_alphabet_train/U/U927.jpg,U,train
data/raw/asl_alphabet_train/U/U565.jpg,U,train
data/raw/asl_alphabet_train/U/U28.jpg,U,train
data/raw/asl_alphabet_train/U/U2182.jpg,U,train
data/raw/asl_alphabet_train/U/U458.jpg,U,train
data/raw/asl_alphabet_train/U/U570.jpg,U,train
data/raw/asl_alphabet_train/U/U1799.jpg,U,train
data/raw/asl_alphabet_train/U/U678.jpg,U,train
data/raw/asl_alphabet_train/U/U391.jpg,U,train
data/raw/asl_alphabet_train/U/U242.jpg,U,train
data/raw/asl_alphabet_train/U/U1195.jpg,U,train
data/raw/asl_alphabet_train/U/U816.jpg,U,train
data/raw/asl_alphabet_train/U/U2992.jpg,U,train
data/raw/asl_alphabet_train/U/U1050.jpg,U,train
data/raw/asl_alphabet_train/U/U1240.jpg,U,train
data/raw/asl_alphabet_train/U/U301.jpg,U,train
data/raw/asl_alphabet_train/U/U2273.jpg,U,train
data/raw/asl_alphabet_train/U/U1671.jpg,U,train
data/raw/asl_alphabet_train/U/U1575.jpg,U,train
data/raw/asl_alphabet_train/U/U2795.jpg,U,train
data/raw/asl_alphabet_train/U/U510.jpg,U,train
data/raw/asl_alphabet_train/U/U1032.jpg,U,train
data/raw/asl_alphabet_train/U/U1487.jpg,U,train
data/raw/asl_alphabet_train/U/U1686.jpg,U,train
data/raw/asl_alphabet_train/U/U2176.jpg,U,train
data/raw/asl_alphabet_train/U/U1088.jpg,U,train
data/raw/asl_alphabet_train/U/U910.jpg,U,train
data/raw/asl_alphabet_train/U/U924.jpg,U,train
data/raw/asl_alphabet_train/U/U1598.jpg,U,train
data/raw/asl_alphabet_train/U/U2495.jpg,U,train
data/raw/asl_alphabet_train/U/U2564.jpg,U,train
data/raw/asl_alphabet_train/U/U212.jpg,U,train
data/raw/asl_alphabet_train/U/U903.jpg,U,train
data/raw/asl_alphabet_train/U/U2331.jpg,U,train
data/raw/asl_alphabet_train/U/U1001.jpg,U,train
data/raw/asl_alphabet_train/U/U756.jpg,U,train
data/raw/asl_alphabet_train/U/U7.jpg,U,train
data/raw/asl_alphabet_train/U/U2037.jpg,U,train
data/raw/asl_alphabet_train/U/U1961.jpg,U,train
data/raw/asl_alphabet_train/U/U1191.jpg,U,train
data/raw/asl_alphabet_train/U/U157.jpg,U,train
data/raw/asl_alphabet_train/U/U724.jpg,U,train
data/raw/asl_alphabet_train/U/U828.jpg,U,train
data/raw/asl_alphabet_train/U/U2185.jpg,U,train
data/raw/asl_alphabet_train/U/U641.jpg,U,train
data/raw/asl_alphabet_train/U/U2276.jpg,U,train
data/raw/asl_alphabet_train/U/U664.jpg,U,train
data/raw/asl_alphabet_train/U/U2434.jpg,U,train
data/raw/asl_alphabet_train/U/U532.jpg,U,train
data/raw/asl_alphabet_train/U/U2956.jpg,U,train
data/raw/asl_alphabet_train/U/U5.jpg,U,train
data/raw/asl_alphabet_train/U/U2568.jpg,U,train
data/raw/asl_alphabet_train/U/U2432.jpg,U,train
data/raw/asl_alphabet_train/U/U2844.jpg,U,train
data/raw/asl_alphabet_train/U/U2554.jpg,U,train
data/raw/asl_alphabet_train/U/U1953.jpg,U,train
data/raw/asl_alphabet_train/U/U2887.jpg,U,train
data/raw/asl_alphabet_train/U/U2148.jpg,U,train
data/raw/asl_alphabet_train/U/U2477.jpg,U,train
data/raw/asl_alphabet_train/U/U772.jpg,U,train
data/raw/asl_alphabet_train/U/U1690.jpg,U,train
data/raw/asl_alphabet_train/U/U265.jpg,U,train
data/raw/asl_alphabet_train/U/U2841.jpg,U,train
data/raw/asl_alphabet_train/U/U147.jpg,U,train
data/raw/asl_alphabet_train/U/U2263.jpg,U,train
data/raw/asl_alphabet_train/U/U914.jpg,U,train
data/raw/asl_alphabet_train/U/U1248.jpg,U,train
data/raw/asl_alphabet_train/U/U440.jpg,U,train
data/raw/asl_alphabet_train/U/U2329.jpg,U,train
data/raw/asl_alphabet_train/U/U2519.jpg,U,train
data/raw/asl_alphabet_train/U/U2031.jpg,U,train
data/raw/asl_alphabet_train/U/U2435.jpg,U,train
data/raw/asl_alphabet_train/U/U2667.jpg,U,train
data/raw/asl_alphabet_train/U/U2597.jpg,U,train
data/raw/asl_alphabet_train/U/U1412.jpg,U,train
data/raw/asl_alphabet_train/U/U1855.jpg,U,train
data/raw/asl_alphabet_train/U/U2687.jpg,U,train
data/raw/asl_alphabet_train/U/U2518.jpg,U,train
data/raw/asl_alphabet_train/U/U2791.jpg,U,train
data/raw/asl_alphabet_train/U/U1506.jpg,U,train
data/raw/asl_alphabet_train/U/U1701.jpg,U,train
data/raw/asl_alphabet_train/U/U971.jpg,U,train
data/raw/asl_alphabet_train/U/U2745.jpg,U,train
data/raw/asl_alphabet_train/U/U16.jpg,U,train
data/raw/asl_alphabet_train/U/U1980.jpg,U,train
data/raw/asl_alphabet_train/U/U2922.jpg,U,train
data/raw/asl_alphabet_train/U/U2980.jpg,U,train
data/raw/asl_alphabet_train/U/U1236.jpg,U,train
data/raw/asl_alphabet_train/U/U1090.jpg,U,train
data/raw/asl_alphabet_train/U/U2892.jpg,U,train
data/raw/asl_alphabet_train/U/U2746.jpg,U,train
data/raw/asl_alphabet_train/U/U2834.jpg,U,train
data/raw/asl_alphabet_train/U/U1164.jpg,U,train
data/raw/asl_alphabet_train/U/U2255.jpg,U,train
data/raw/asl_alphabet_train/U/U572.jpg,U,train
data/raw/asl_alphabet_train/U/U180.jpg,U,train
data/raw/asl_alphabet_train/U/U2556.jpg,U,train
data/raw/asl_alphabet_train/U/U555.jpg,U,train
data/raw/asl_alphabet_train/U/U244.jpg,U,train
data/raw/asl_alphabet_train/U/U1693.jpg,U,train
data/raw/asl_alphabet_train/U/U2163.jpg,U,train
data/raw/asl_alphabet_train/U/U1206.jpg,U,train
data/raw/asl_alphabet_train/U/U2368.jpg,U,train
data/raw/asl_alphabet_train/U/U172.jpg,U,train
data/raw/asl_alphabet_train/U/U1721.jpg,U,train
data/raw/asl_alphabet_train/U/U1284.jpg,U,train
data/raw/asl_alphabet_train/U/U106.jpg,U,train
data/raw/asl_alphabet_train/U/U1298.jpg,U,train
data/raw/asl_alphabet_train/U/U359.jpg,U,train
data/raw/asl_alphabet_train/U/U1977.jpg,U,train
data/raw/asl_alphabet_train/U/U2889.jpg,U,train
data/raw/asl_alphabet_train/U/U934.jpg,U,train
data/raw/asl_alphabet_train/U/U1293.jpg,U,train
data/raw/asl_alphabet_train/U/U1167.jpg,U,train
data/raw/asl_alphabet_train/U/U1316.jpg,U,train
data/raw/asl_alphabet_train/U/U2055.jpg,U,train
data/raw/asl_alphabet_train/U/U1609.jpg,U,train
data/raw/asl_alphabet_train/U/U1657.jpg,U,train
data/raw/asl_alphabet_train/U/U815.jpg,U,train
data/raw/asl_alphabet_train/U/U2342.jpg,U,train
data/raw/asl_alphabet_train/U/U735.jpg,U,train
data/raw/asl_alphabet_train/U/U1903.jpg,U,train
data/raw/asl_alphabet_train/U/U889.jpg,U,train
data/raw/asl_alphabet_train/U/U1466.jpg,U,train
data/raw/asl_alphabet_train/U/U1026.jpg,U,train
data/raw/asl_alphabet_train/U/U1072.jpg,U,train
data/raw/asl_alphabet_train/U/U2673.jpg,U,train
data/raw/asl_alphabet_train/U/U337.jpg,U,train
data/raw/asl_alphabet_train/U/U1887.jpg,U,train
data/raw/asl_alphabet_train/U/U2400.jpg,U,train
data/raw/asl_alphabet_train/U/U884.jpg,U,train
data/raw/asl_alphabet_train/U/U2000.jpg,U,train
data/raw/asl_alphabet_train/U/U193.jpg,U,train
data/raw/asl_alphabet_train/U/U1124.jpg,U,train
data/raw/asl_alphabet_train/U/U1812.jpg,U,train
data/raw/asl_alphabet_train/U/U2609.jpg,U,train
data/raw/asl_alphabet_train/U/U1251.jpg,U,train
data/raw/asl_alphabet_train/U/U235.jpg,U,train
data/raw/asl_alphabet_train/U/U435.jpg,U,train
data/raw/asl_alphabet_train/U/U723.jpg,U,train
data/raw/asl_alphabet_train/U/U2009.jpg,U,train
data/raw/asl_alphabet_train/U/U2261.jpg,U,train
data/raw/asl_alphabet_train/U/U2845.jpg,U,train
data/raw/asl_alphabet_train/U/U2829.jpg,U,train
data/raw/asl_alphabet_train/U/U1990.jpg,U,train
data/raw/asl_alphabet_train/U/U402.jpg,U,train
data/raw/asl_alphabet_train/U/U387.jpg,U,train
data/raw/asl_alphabet_train/U/U1716.jpg,U,train
data/raw/asl_alphabet_train/U/U2036.jpg,U,train
data/raw/asl_alphabet_train/U/U587.jpg,U,train
data/raw/asl_alphabet_train/U/U1795.jpg,U,train
data/raw/asl_alphabet_train/U/U1216.jpg,U,train
data/raw/asl_alphabet_train/U/U951.jpg,U,train
data/raw/asl_alphabet_train/U/U784.jpg,U,train
data/raw/asl_alphabet_train/U/U2543.jpg,U,train
data/raw/asl_alphabet_train/U/U779.jpg,U,train
data/raw/asl_alphabet_train/U/U2510.jpg,U,train
data/raw/asl_alphabet_train/U/U2444.jpg,U,train
data/raw/asl_alphabet_train/U/U342.jpg,U,train
data/raw/asl_alphabet_train/U/U618.jpg,U,train
data/raw/asl_alphabet_train/U/U2240.jpg,U,train
data/raw/asl_alphabet_train/U/U467.jpg,U,train
data/raw/asl_alphabet_train/U/U674.jpg,U,train
data/raw/asl_alphabet_train/U/U1397.jpg,U,train
data/raw/asl_alphabet_train/U/U1599.jpg,U,train
data/raw/asl_alphabet_train/U/U1477.jpg,U,train
data/raw/asl_alphabet_train/U/U2338.jpg,U,train
data/raw/asl_alphabet_train/U/U57.jpg,U,train
data/raw/asl_alphabet_train/U/U1349.jpg,U,train
data/raw/asl_alphabet_train/U/U2740.jpg,U,train
data/raw/asl_alphabet_train/U/U404.jpg,U,train
data/raw/asl_alphabet_train/U/U379.jpg,U,train
data/raw/asl_alphabet_train/U/U662.jpg,U,train
data/raw/asl_alphabet_train/U/U1687.jpg,U,train
data/raw/asl_alphabet_train/U/U524.jpg,U,train
data/raw/asl_alphabet_train/U/U757.jpg,U,train
data/raw/asl_alphabet_train/U/U1188.jpg,U,train
data/raw/asl_alphabet_train/U/U2962.jpg,U,train
data/raw/asl_alphabet_train/U/U2524.jpg,U,train
data/raw/asl_alphabet_train/U/U1073.jpg,U,train
data/raw/asl_alphabet_train/U/U2755.jpg,U,train
data/raw/asl_alphabet_train/U/U312.jpg,U,train
data/raw/asl_alphabet_train/U/U2933.jpg,U,train
data/raw/asl_alphabet_train/U/U1000.jpg,U,train
data/raw/asl_alphabet_train/U/U2134.jpg,U,train
data/raw/asl_alphabet_train/U/U2427.jpg,U,train
data/raw/asl_alphabet_train/U/U167.jpg,U,train
data/raw/asl_alphabet_train/U/U1172.jpg,U,train
data/raw/asl_alphabet_train/U/U1003.jpg,U,train
data/raw/asl_alphabet_train/U/U1271.jpg,U,train
data/raw/asl_alphabet_train/U/U1313.jpg,U,train
data/raw/asl_alphabet_train/U/U2832.jpg,U,train
data/raw/asl_alphabet_train/U/U168.jpg,U,train
data/raw/asl_alphabet_train/U/U2930.jpg,U,train
data/raw/asl_alphabet_train/U/U1249.jpg,U,train
data/raw/asl_alphabet_train/U/U259.jpg,U,train
data/raw/asl_alphabet_train/U/U2115.jpg,U,train
data/raw/asl_alphabet_train/U/U911.jpg,U,train
data/raw/asl_alphabet_train/U/U2555.jpg,U,train
data/raw/asl_alphabet_train/U/U1982.jpg,U,train
data/raw/asl_alphabet_train/U/U1098.jpg,U,train
data/raw/asl_alphabet_train/U/U1019.jpg,U,train
data/raw/asl_alphabet_train/U/U577.jpg,U,train
data/raw/asl_alphabet_train/U/U1602.jpg,U,train
data/raw/asl_alphabet_train/U/U2448.jpg,U,train
data/raw/asl_alphabet_train/U/U2958.jpg,U,train
data/raw/asl_alphabet_train/U/U373.jpg,U,train
data/raw/asl_alphabet_train/U/U2897.jpg,U,train
data/raw/asl_alphabet_train/U/U2977.jpg,U,train
data/raw/asl_alphabet_train/U/U1586.jpg,U,train
data/raw/asl_alphabet_train/U/U1656.jpg,U,train
data/raw/asl_alphabet_train/U/U1327.jpg,U,train
data/raw/asl_alphabet_train/U/U1329.jpg,U,train
data/raw/asl_alphabet_train/U/U2443.jpg,U,train
data/raw/asl_alphabet_train/U/U2136.jpg,U,train
data/raw/asl_alphabet_train/U/U2088.jpg,U,train
data/raw/asl_alphabet_train/U/U372.jpg,U,train
data/raw/asl_alphabet_train/U/U297.jpg,U,train
data/raw/asl_alphabet_train/U/U1808.jpg,U,train
data/raw/asl_alphabet_train/U/U2591.jpg,U,train
data/raw/asl_alphabet_train/U/U2222.jpg,U,train
data/raw/asl_alphabet_train/U/U1797.jpg,U,train
data/raw/asl_alphabet_train/U/U288.jpg,U,train
data/raw/asl_alphabet_train/U/U2006.jpg,U,train
data/raw/asl_alphabet_train/U/U207.jpg,U,train
data/raw/asl_alphabet_train/U/U1883.jpg,U,train
data/raw/asl_alphabet_train/U/U1246.jpg,U,train
data/raw/asl_alphabet_train/U/U1952.jpg,U,train
data/raw/asl_alphabet_train/U/U2815.jpg,U,train
data/raw/asl_alphabet_train/U/U771.jpg,U,train
data/raw/asl_alphabet_train/U/U691.jpg,U,train
data/raw/asl_alphabet_train/U/U2245.jpg,U,train
data/raw/asl_alphabet_train/U/U2826.jpg,U,train
data/raw/asl_alphabet_train/U/U2015.jpg,U,train
data/raw/asl_alphabet_train/U/U670.jpg,U,train
data/raw/asl_alphabet_train/U/U1912.jpg,U,train
data/raw/asl_alphabet_train/U/U2979.jpg,U,train
data/raw/asl_alphabet_train/U/U1803.jpg,U,train
data/raw/asl_alphabet_train/U/U1202.jpg,U,train
data/raw/asl_alphabet_train/U/U2619.jpg,U,train
data/raw/asl_alphabet_train/U/U1906.jpg,U,train
data/raw/asl_alphabet_train/U/U1042.jpg,U,train
data/raw/asl_alphabet_train/U/U1517.jpg,U,train
data/raw/asl_alphabet_train/U/U1845.jpg,U,train
data/raw/asl_alphabet_train/U/U2929.jpg,U,train
data/raw/asl_alphabet_train/U/U2056.jpg,U,train
data/raw/asl_alphabet_train/U/U1023.jpg,U,train
data/raw/asl_alphabet_train/U/U86.jpg,U,train
data/raw/asl_alphabet_train/U/U1320.jpg,U,train
data/raw/asl_alphabet_train/U/U291.jpg,U,train
data/raw/asl_alphabet_train/U/U2096.jpg,U,train
data/raw/asl_alphabet_train/U/U70.jpg,U,train
data/raw/asl_alphabet_train/U/U2859.jpg,U,train
data/raw/asl_alphabet_train/U/U1683.jpg,U,train
data/raw/asl_alphabet_train/U/U580.jpg,U,train
data/raw/asl_alphabet_train/U/U2447.jpg,U,train
data/raw/asl_alphabet_train/U/U1929.jpg,U,train
data/raw/asl_alphabet_train/U/U797.jpg,U,train
data/raw/asl_alphabet_train/U/U2268.jpg,U,train
data/raw/asl_alphabet_train/U/U1066.jpg,U,train
data/raw/asl_alphabet_train/U/U634.jpg,U,train
data/raw/asl_alphabet_train/U/U1425.jpg,U,train
data/raw/asl_alphabet_train/U/U783.jpg,U,train
data/raw/asl_alphabet_train/U/U680.jpg,U,train
data/raw/asl_alphabet_train/U/U1134.jpg,U,train
data/raw/asl_alphabet_train/U/U164.jpg,U,train
data/raw/asl_alphabet_train/U/U2888.jpg,U,train
data/raw/asl_alphabet_train/U/U2164.jpg,U,train
data/raw/asl_alphabet_train/U/U2990.jpg,U,train
data/raw/asl_alphabet_train/U/U1863.jpg,U,train
data/raw/asl_alphabet_train/U/U1986.jpg,U,train
data/raw/asl_alphabet_train/U/U1634.jpg,U,train
data/raw/asl_alphabet_train/U/U2840.jpg,U,train
data/raw/asl_alphabet_train/U/U1176.jpg,U,train
data/raw/asl_alphabet_train/U/U2756.jpg,U,train
data/raw/asl_alphabet_train/U/U1350.jpg,U,train
data/raw/asl_alphabet_train/U/U536.jpg,U,train
data/raw/asl_alphabet_train/U/U2209.jpg,U,train
data/raw/asl_alphabet_train/U/U192.jpg,U,train
data/raw/asl_alphabet_train/U/U446.jpg,U,train
data/raw/asl_alphabet_train/U/U368.jpg,U,train
data/raw/asl_alphabet_train/U/U1882.jpg,U,train
data/raw/asl_alphabet_train/U/U1380.jpg,U,train
data/raw/asl_alphabet_train/U/U2509.jpg,U,train
data/raw/asl_alphabet_train/U/U428.jpg,U,train
data/raw/asl_alphabet_train/U/U1974.jpg,U,train
data/raw/asl_alphabet_train/U/U2081.jpg,U,train
data/raw/asl_alphabet_train/U/U605.jpg,U,train
data/raw/asl_alphabet_train/U/U1144.jpg,U,train
data/raw/asl_alphabet_train/U/U1180.jpg,U,train
data/raw/asl_alphabet_train/U/U1853.jpg,U,train
data/raw/asl_alphabet_train/U/U1424.jpg,U,train
data/raw/asl_alphabet_train/U/U1968.jpg,U,train
data/raw/asl_alphabet_train/U/U1227.jpg,U,train
data/raw/asl_alphabet_train/U/U1346.jpg,U,train
data/raw/asl_alphabet_train/U/U1252.jpg,U,train
data/raw/asl_alphabet_train/U/U970.jpg,U,train
data/raw/asl_alphabet_train/U/U2244.jpg,U,train
data/raw/asl_alphabet_train/U/U2219.jpg,U,train
data/raw/asl_alphabet_train/U/U1394.jpg,U,train
data/raw/asl_alphabet_train/U/U25.jpg,U,train
data/raw/asl_alphabet_train/U/U2559.jpg,U,train
data/raw/asl_alphabet_train/U/U596.jpg,U,train
data/raw/asl_alphabet_train/U/U412.jpg,U,train
data/raw/asl_alphabet_train/U/U471.jpg,U,train
data/raw/asl_alphabet_train/U/U2197.jpg,U,train
data/raw/asl_alphabet_train/U/U856.jpg,U,train
data/raw/asl_alphabet_train/U/U1895.jpg,U,train
data/raw/asl_alphabet_train/U/U252.jpg,U,train
data/raw/asl_alphabet_train/U/U2680.jpg,U,train
data/raw/asl_alphabet_train/U/U2689.jpg,U,train
data/raw/asl_alphabet_train/U/U2091.jpg,U,train
data/raw/asl_alphabet_train/U/U2870.jpg,U,train
data/raw/asl_alphabet_train/U/U279.jpg,U,train
data/raw/asl_alphabet_train/U/U731.jpg,U,train
data/raw/asl_alphabet_train/U/U1094.jpg,U,train
data/raw/asl_alphabet_train/U/U1984.jpg,U,train
data/raw/asl_alphabet_train/U/U1390.jpg,U,train
data/raw/asl_alphabet_train/U/U2653.jpg,U,train
data/raw/asl_alphabet_train/U/U2111.jpg,U,train
data/raw/asl_alphabet_train/U/U628.jpg,U,train
data/raw/asl_alphabet_train/U/U1580.jpg,U,train
data/raw/asl_alphabet_train/U/U1114.jpg,U,train
data/raw/asl_alphabet_train/U/U2839.jpg,U,train
data/raw/asl_alphabet_train/U/U1344.jpg,U,train
data/raw/asl_alphabet_train/U/U1132.jpg,U,train
data/raw/asl_alphabet_train/U/U983.jpg,U,train
data/raw/asl_alphabet_train/U/U1910.jpg,U,train
data/raw/asl_alphabet_train/U/U2458.jpg,U,train
data/raw/asl_alphabet_train/U/U1545.jpg,U,train
data/raw/asl_alphabet_train/U/U1918.jpg,U,train
data/raw/asl_alphabet_train/U/U272.jpg,U,train
data/raw/asl_alphabet_train/U/U2706.jpg,U,train
data/raw/asl_alphabet_train/U/U401.jpg,U,train
data/raw/asl_alphabet_train/U/U494.jpg,U,train
data/raw/asl_alphabet_train/U/U1718.jpg,U,train
data/raw/asl_alphabet_train/U/U1373.jpg,U,train
data/raw/asl_alphabet_train/U/U541.jpg,U,train
data/raw/asl_alphabet_train/U/U2005.jpg,U,train
data/raw/asl_alphabet_train/U/U1840.jpg,U,val
data/raw/asl_alphabet_train/U/U1269.jpg,U,val
data/raw/asl_alphabet_train/U/U717.jpg,U,val
data/raw/asl_alphabet_train/U/U2547.jpg,U,val
data/raw/asl_alphabet_train/U/U1664.jpg,U,val
data/raw/asl_alphabet_train/U/U469.jpg,U,val
data/raw/asl_alphabet_train/U/U1432.jpg,U,val
data/raw/asl_alphabet_train/U/U2462.jpg,U,val
data/raw/asl_alphabet_train/U/U2225.jpg,U,val
data/raw/asl_alphabet_train/U/U819.jpg,U,val
data/raw/asl_alphabet_train/U/U2188.jpg,U,val
data/raw/asl_alphabet_train/U/U1870.jpg,U,val
data/raw/asl_alphabet_train/U/U2407.jpg,U,val
data/raw/asl_alphabet_train/U/U1403.jpg,U,val
data/raw/asl_alphabet_train/U/U765.jpg,U,val
data/raw/asl_alphabet_train/U/U219.jpg,U,val
data/raw/asl_alphabet_train/U/U484.jpg,U,val
data/raw/asl_alphabet_train/U/U198.jpg,U,val
data/raw/asl_alphabet_train/U/U1776.jpg,U,val
data/raw/asl_alphabet_train/U/U688.jpg,U,val
data/raw/asl_alphabet_train/U/U2070.jpg,U,val
data/raw/asl_alphabet_train/U/U444.jpg,U,val
data/raw/asl_alphabet_train/U/U2262.jpg,U,val
data/raw/asl_alphabet_train/U/U2441.jpg,U,val
data/raw/asl_alphabet_train/U/U2989.jpg,U,val
data/raw/asl_alphabet_train/U/U1021.jpg,U,val
data/raw/asl_alphabet_train/U/U529.jpg,U,val
data/raw/asl_alphabet_train/U/U1734.jpg,U,val
data/raw/asl_alphabet_train/U/U2179.jpg,U,val
data/raw/asl_alphabet_train/U/U1008.jpg,U,val
data/raw/asl_alphabet_train/U/U1596.jpg,U,val
data/raw/asl_alphabet_train/U/U1743.jpg,U,val
data/raw/asl_alphabet_train/U/U1844.jpg,U,val
data/raw/asl_alphabet_train/U/U2025.jpg,U,val
data/raw/asl_alphabet_train/U/U1043.jpg,U,val
data/raw/asl_alphabet_train/U/U588.jpg,U,val
data/raw/asl_alphabet_train/U/U1217.jpg,U,val
data/raw/asl_alphabet_train/U/U2279.jpg,U,val
data/raw/asl_alphabet_train/U/U73.jpg,U,val
data/raw/asl_alphabet_train/U/U2816.jpg,U,val
data/raw/asl_alphabet_train/U/U2181.jpg,U,val
data/raw/asl_alphabet_train/U/U762.jpg,U,val
data/raw/asl_alphabet_train/U/U286.jpg,U,val
data/raw/asl_alphabet_train/U/U2995.jpg,U,val
data/raw/asl_alphabet_train/U/U2713.jpg,U,val
data/raw/asl_alphabet_train/U/U205.jpg,U,val
data/raw/asl_alphabet_train/U/U1594.jpg,U,val
data/raw/asl_alphabet_train/U/U2170.jpg,U,val
data/raw/asl_alphabet_train/U/U349.jpg,U,val
data/raw/asl_alphabet_train/U/U806.jpg,U,val
data/raw/asl_alphabet_train/U/U1103.jpg,U,val
data/raw/asl_alphabet_train/U/U1783.jpg,U,val
data/raw/asl_alphabet_train/U/U960.jpg,U,val
data/raw/asl_alphabet_train/U/U1957.jpg,U,val
data/raw/asl_alphabet_train/U/U527.jpg,U,val
data/raw/asl_alphabet_train/U/U468.jpg,U,val
data/raw/asl_alphabet_train/U/U152.jpg,U,val
data/raw/asl_alphabet_train/U/U2069.jpg,U,val
data/raw/asl_alphabet_train/U/U1219.jpg,U,val
data/raw/asl_alphabet_train/U/U2754.jpg,U,val
data/raw/asl_alphabet_train/U/U834.jpg,U,val
data/raw/asl_alphabet_train/U/U1143.jpg,U,val
data/raw/asl_alphabet_train/U/U161.jpg,U,val
data/raw/asl_alphabet_train/U/U976.jpg,U,val
data/raw/asl_alphabet_train/U/U2506.jpg,U,val
data/raw/asl_alphabet_train/U/U1058.jpg,U,val
data/raw/asl_alphabet_train/U/U1016.jpg,U,val
data/raw/asl_alphabet_train/U/U807.jpg,U,val
data/raw/asl_alphabet_train/U/U2635.jpg,U,val
data/raw/asl_alphabet_train/U/U2855.jpg,U,val
data/raw/asl_alphabet_train/U/U2913.jpg,U,val
data/raw/asl_alphabet_train/U/U1004.jpg,U,val
data/raw/asl_alphabet_train/U/U1692.jpg,U,val
data/raw/asl_alphabet_train/U/U2253.jpg,U,val
data/raw/asl_alphabet_train/U/U1772.jpg,U,val
data/raw/asl_alphabet_train/U/U2158.jpg,U,val
data/raw/asl_alphabet_train/U/U1270.jpg,U,val
data/raw/asl_alphabet_train/U/U95.jpg,U,val
data/raw/asl_alphabet_train/U/U1829.jpg,U,val
data/raw/asl_alphabet_train/U/U2957.jpg,U,val
data/raw/asl_alphabet_train/U/U1729.jpg,U,val
data/raw/asl_alphabet_train/U/U1171.jpg,U,val
data/raw/asl_alphabet_train/U/U1372.jpg,U,val
data/raw/asl_alphabet_train/U/U1365.jpg,U,val
data/raw/asl_alphabet_train/U/U419.jpg,U,val
data/raw/asl_alphabet_train/U/U2246.jpg,U,val
data/raw/asl_alphabet_train/U/U812.jpg,U,val
data/raw/asl_alphabet_train/U/U1265.jpg,U,val
data/raw/asl_alphabet_train/U/U423.jpg,U,val
data/raw/asl_alphabet_train/U/U647.jpg,U,val
data/raw/asl_alphabet_train/U/U2050.jpg,U,test
data/raw/asl_alphabet_train/U/U2053.jpg,U,test
data/raw/asl_alphabet_train/U/U413.jpg,U,test
data/raw/asl_alphabet_train/U/U27.jpg,U,test
data/raw/asl_alphabet_train/U/U1087.jpg,U,test
data/raw/asl_alphabet_train/U/U928.jpg,U,test
data/raw/asl_alphabet_train/U/U694.jpg,U,test
data/raw/asl_alphabet_train/U/U241.jpg,U,test
data/raw/asl_alphabet_train/U/U1243.jpg,U,test
data/raw/asl_alphabet_train/U/U1439.jpg,U,test
data/raw/asl_alphabet_train/U/U2981.jpg,U,test
data/raw/asl_alphabet_train/U/U1727.jpg,U,test
data/raw/asl_alphabet_train/U/U2848.jpg,U,test
data/raw/asl_alphabet_train/U/U171.jpg,U,test
data/raw/asl_alphabet_train/U/U610.jpg,U,test
data/raw/asl_alphabet_train/U/U782.jpg,U,test
data/raw/asl_alphabet_train/U/U1310.jpg,U,test
data/raw/asl_alphabet_train/U/U1205.jpg,U,test
data/raw/asl_alphabet_train/U/U1101.jpg,U,test
data/raw/asl_alphabet_train/U/U2135.jpg,U,test
data/raw/asl_alphabet_train/U/U1417.jpg,U,test
data/raw/asl_alphabet_train/U/U52.jpg,U,test
data/raw/asl_alphabet_train/U/U1932.jpg,U,test
data/raw/asl_alphabet_train/U/U2890.jpg,U,test
data/raw/asl_alphabet_train/U/U2612.jpg,U,test
data/raw/asl_alphabet_train/U/U1674.jpg,U,test
data/raw/asl_alphabet_train/U/U2076.jpg,U,test
data/raw/asl_alphabet_train/U/U821.jpg,U,test
data/raw/asl_alphabet_train/U/U878.jpg,U,test
data/raw/asl_alphabet_train/U/U702.jpg,U,test
data/raw/asl_alphabet_train/U/U2585.jpg,U,test
data/raw/asl_alphabet_train/U/U1546.jpg,U,test
data/raw/asl_alphabet_train/U/U277.jpg,U,test
data/raw/asl_alphabet_train/U/U9.jpg,U,test
data/raw/asl_alphabet_train/U/U2485.jpg,U,test
data/raw/asl_alphabet_train/U/U1629.jpg,U,test
data/raw/asl_alphabet_train/U/U2773.jpg,U,test
data/raw/asl_alphabet_train/U/U2333.jpg,U,test
data/raw/asl_alphabet_train/U/U1928.jpg,U,test
data/raw/asl_alphabet_train/U/U800.jpg,U,test
data/raw/asl_alphabet_train/U/U1831.jpg,U,test
data/raw/asl_alphabet_train/U/U380.jpg,U,test
data/raw/asl_alphabet_train/U/U649.jpg,U,test
data/raw/asl_alphabet_train/U/U1999.jpg,U,test
data/raw/asl_alphabet_train/U/U1186.jpg,U,test
data/raw/asl_alphabet_train/U/U1843.jpg,U,test
data/raw/asl_alphabet_train/U/U1302.jpg,U,test
data/raw/asl_alphabet_train/U/U1142.jpg,U,test
data/raw/asl_alphabet_train/U/U1962.jpg,U,test
data/raw/asl_alphabet_train/U/U652.jpg,U,test
data/raw/asl_alphabet_train/U/U2862.jpg,U,test
data/raw/asl_alphabet_train/U/U1757.jpg,U,test
data/raw/asl_alphabet_train/U/U2323.jpg,U,test
data/raw/asl_alphabet_train/U/U1636.jpg,U,test
data/raw/asl_alphabet_train/U/U1747.jpg,U,test
data/raw/asl_alphabet_train/U/U1166.jpg,U,test
data/raw/asl_alphabet_train/U/U627.jpg,U,test
data/raw/asl_alphabet_train/U/U1204.jpg,U,test
data/raw/asl_alphabet_train/U/U1445.jpg,U,test
data/raw/asl_alphabet_train/U/U2630.jpg,U,test
data/raw/asl_alphabet_train/U/U1273.jpg,U,test
data/raw/asl_alphabet_train/U/U2514.jpg,U,test
data/raw/asl_alphabet_train/U/U776.jpg,U,test
data/raw/asl_alphabet_train/U/U1523.jpg,U,test
data/raw/asl_alphabet_train/U/U1031.jpg,U,test
data/raw/asl_alphabet_train/U/U334.jpg,U,test
data/raw/asl_alphabet_train/U/U61.jpg,U,test
data/raw/asl_alphabet_train/U/U416.jpg,U,test
data/raw/asl_alphabet_train/U/U497.jpg,U,test
data/raw/asl_alphabet_train/U/U1891.jpg,U,test
data/raw/asl_alphabet_train/U/U1628.jpg,U,test
data/raw/asl_alphabet_train/U/U2831.jpg,U,test
data/raw/asl_alphabet_train/U/U1554.jpg,U,test
data/raw/asl_alphabet_train/U/U2925.jpg,U,test
data/raw/asl_alphabet_train/U/U2084.jpg,U,test
data/raw/asl_alphabet_train/U/U1038.jpg,U,test
data/raw/asl_alphabet_train/U/U40.jpg,U,test
data/raw/asl_alphabet_train/U/U2272.jpg,U,test
data/raw/asl_alphabet_train/U/U770.jpg,U,test
data/raw/asl_alphabet_train/U/U2866.jpg,U,test
data/raw/asl_alphabet_train/U/U2637.jpg,U,test
data/raw/asl_alphabet_train/U/U2021.jpg,U,test
data/raw/asl_alphabet_train/U/U2762.jpg,U,test
data/raw/asl_alphabet_train/U/U1924.jpg,U,test
data/raw/asl_alphabet_train/U/U2491.jpg,U,test
data/raw/asl_alphabet_train/U/U1941.jpg,U,test
data/raw/asl_alphabet_train/U/U517.jpg,U,test
data/raw/asl_alphabet_train/U/U2996.jpg,U,test
data/raw/asl_alphabet_train/U/U2105.jpg,U,test
data/raw/asl_alphabet_train/U/U663.jpg,U,test
data/raw/asl_alphabet_train/V/V1874.jpg,V,train
data/raw/asl_alphabet_train/V/V2307.jpg,V,train
data/raw/asl_alphabet_train/V/V2659.jpg,V,train
data/raw/asl_alphabet_train/V/V1906.jpg,V,train
data/raw/asl_alphabet_train/V/V1015.jpg,V,train
data/raw/asl_alphabet_train/V/V340.jpg,V,train
data/raw/asl_alphabet_train/V/V2320.jpg,V,train
data/raw/asl_alphabet_train/V/V2642.jpg,V,train
data/raw/asl_alphabet_train/V/V508.jpg,V,train
data/raw/asl_alphabet_train/V/V1159.jpg,V,train
data/raw/asl_alphabet_train/V/V2075.jpg,V,train
data/raw/asl_alphabet_train/V/V844.jpg,V,train
data/raw/asl_alphabet_train/V/V2225.jpg,V,train
data/raw/asl_alphabet_train/V/V798.jpg,V,train
data/raw/asl_alphabet_train/V/V741.jpg,V,train
data/raw/asl_alphabet_train/V/V2551.jpg,V,train
data/raw/asl_alphabet_train/V/V2229.jpg,V,train
data/raw/asl_alphabet_train/V/V1382.jpg,V,train
data/raw/asl_alphabet_train/V/V2990.jpg,V,train
data/raw/asl_alphabet_train/V/V2209.jpg,V,train
data/raw/asl_alphabet_train/V/V824.jpg,V,train
data/raw/asl_alphabet_train/V/V1179.jpg,V,train
data/raw/asl_alphabet_train/V/V2919.jpg,V,train
data/raw/asl_alphabet_train/V/V1274.jpg,V,train
data/raw/asl_alphabet_train/V/V667.jpg,V,train
data/raw/asl_alphabet_train/V/V773.jpg,V,train
data/raw/asl_alphabet_train/V/V2971.jpg,V,train
data/raw/asl_alphabet_train/V/V735.jpg,V,train
data/raw/asl_alphabet_train/V/V1076.jpg,V,train
data/raw/asl_alphabet_train/V/V2668.jpg,V,train
data/raw/asl_alphabet_train/V/V2955.jpg,V,train
data/raw/asl_alphabet_train/V/V1175.jpg,V,train
data/raw/asl_alphabet_train/V/V2471.jpg,V,train
data/raw/asl_alphabet_train/V/V1428.jpg,V,train
data/raw/asl_alphabet_train/V/V944.jpg,V,train
data/raw/asl_alphabet_train/V/V2474.jpg,V,train
data/raw/asl_alphabet_train/V/V2317.jpg,V,train
data/raw/asl_alphabet_train/V/V722.jpg,V,train
data/raw/asl_alphabet_train/V/V1883.jpg,V,train
data/raw/asl_alphabet_train/V/V1672.jpg,V,train
data/raw/asl_alphabet_train/V/V1188.jpg,V,train
data/raw/asl_alphabet_train/V/V207.jpg,V,train
data/raw/asl_alphabet_train/V/V274.jpg,V,train
data/raw/asl_alphabet_train/V/V1207.jpg,V,train
data/raw/asl_alphabet_train/V/V1956.jpg,V,train
data/raw/asl_alphabet_train/V/V810.jpg,V,train
data/raw/asl_alphabet_train/V/V2731.jpg,V,train
data/raw/asl_alphabet_train/V/V2585.jpg,V,train
data/raw/asl_alphabet_train/V/V1912.jpg,V,train
data/raw/asl_alphabet_train/V/V2263.jpg,V,train
data/raw/asl_alphabet_train/V/V151.jpg,V,train
data/raw/asl_alphabet_train/V/V2836.jpg,V,train
data/raw/asl_alphabet_train/V/V2561.jpg,V,train
data/raw/asl_alphabet_train/V/V87.jpg,V,train
data/raw/asl_alphabet_train/V/V2216.jpg,V,train
data/raw/asl_alphabet_train/V/V1691.jpg,V,train
data/raw/asl_alphabet_train/V/V2489.jpg,V,train
data/raw/asl_alphabet_train/V/V1457.jpg,V,train
data/raw/asl_alphabet_train/V/V823.jpg,V,train
data/raw/asl_alphabet_train/V/V536.jpg,V,train
data/raw/asl_alphabet_train/V/V1731.jpg,V,train
data/raw/asl_alphabet_train/V/V2825.jpg,V,train
data/raw/asl_alphabet_train/V/V383.jpg,V,train
data/raw/asl_alphabet_train/V/V103.jpg,V,train
data/raw/asl_alphabet_train/V/V1914.jpg,V,train
data/raw/asl_alphabet_train/V/V2860.jpg,V,train
data/raw/asl_alphabet_train/V/V164.jpg,V,train
data/raw/asl_alphabet_train/V/V621.jpg,V,train
data/raw/asl_alphabet_train/V/V1725.jpg,V,train
data/raw/asl_alphabet_train/V/V2062.jpg,V,train
data/raw/asl_alphabet_train/V/V1212.jpg,V,train
data/raw/asl_alphabet_train/V/V2694.jpg,V,train
data/raw/asl_alphabet_train/V/V407.jpg,V,train
data/raw/asl_alphabet_train/V/V2530.jpg,V,train
data/raw/asl_alphabet_train/V/V2331.jpg,V,train
data/raw/asl_alphabet_train/V/V2374.jpg,V,train
data/raw/asl_alphabet_train/V/V2326.jpg,V,train
data/raw/asl_alphabet_train/V/V1913.jpg,V,train
data/raw/asl_alphabet_train/V/V1348.jpg,V,train
data/raw/asl_alphabet_train/V/V1423.jpg,V,train
data/raw/asl_alphabet_train/V/V2245.jpg,V,train
data/raw/asl_alphabet_train/V/V1237.jpg,V,train
data/raw/asl_alphabet_train/V/V1639.jpg,V,train
data/raw/asl_alphabet_train/V/V2927.jpg,V,train
data/raw/asl_alphabet_train/V/V826.jpg,V,train
data/raw/asl_alphabet_train/V/V448.jpg,V,train
data/raw/asl_alphabet_train/V/V1918.jpg,V,train
data/raw/asl_alphabet_train/V/V2202.jpg,V,train
data/raw/asl_alphabet_train/V/V742.jpg,V,train
data/raw/asl_alphabet_train/V/V1727.jpg,V,train
data/raw/asl_alphabet_train/V/V2915.jpg,V,train
data/raw/asl_alphabet_train/V/V1740.jpg,V,train
data/raw/asl_alphabet_train/V/V1598.jpg,V,train
data/raw/asl_alphabet_train/V/V314.jpg,V,train
data/raw/asl_alphabet_train/V/V1182.jpg,V,train
data/raw/asl_alphabet_train/V/V1019.jpg,V,train
data/raw/asl_alphabet_train/V/V2803.jpg,V,train
data/raw/asl_alphabet_train/V/V1842.jpg,V,train
data/raw/asl_alphabet_train/V/V1205.jpg,V,train
data/raw/asl_alphabet_train/V/V652.jpg,V,train
data/raw/asl_alphabet_train/V/V499.jpg,V,train
data/raw/asl_alphabet_train/V/V2453.jpg,V,train
data/raw/asl_alphabet_train/V/V1027.jpg,V,train
data/raw/asl_alphabet_train/V/V1316.jpg,V,train
data/raw/asl_alphabet_train/V/V289.jpg,V,train
data/raw/asl_alphabet_train/V/V2491.jpg,V,train
data/raw/asl_alphabet_train/V/V802.jpg,V,train
data/raw/asl_alphabet_train/V/V202.jpg,V,train
data/raw/asl_alphabet_train/V/V94.jpg,V,train
data/raw/asl_alphabet_train/V/V1550.jpg,V,train
data/raw/asl_alphabet_train/V/V2123.jpg,V,train
data/raw/asl_alphabet_train/V/V832.jpg,V,train
data/raw/asl_alphabet_train/V/V2024.jpg,V,train
data/raw/asl_alphabet_train/V/V2925.jpg,V,train
data/raw/asl_alphabet_train/V/V1058.jpg,V,train
data/raw/asl_alphabet_train/V/V1869.jpg,V,train
data/raw/asl_alphabet_train/V/V989.jpg,V,train
data/raw/asl_alphabet_train/V/V1206.jpg,V,train
data/raw/asl_alphabet_train/V/V100.jpg,V,train
data/raw/asl_alphabet_train/V/V2577.jpg,V,train
data/raw/asl_alphabet_train/V/V1624.jpg,V,train
data/raw/asl_alphabet_train/V/V743.jpg,V,train
data/raw/asl_alphabet_train/V/V1644.jpg,V,train
data/raw/asl_alphabet_train/V/V2921.jpg,V,train
data/raw/asl_alphabet_train/V/V782.jpg,V,train
data/raw/asl_alphabet_train/V/V884.jpg,V,train
data/raw/asl_alphabet_train/V/V1900.jpg,V,train
data/raw/asl_alphabet_train/V/V224.jpg,V,train
data/raw/asl_alphabet_train/V/V636.jpg,V,train
data/raw/asl_alphabet_train/V/V2424.jpg,V,train
data/raw/asl_alphabet_train/V/V1013.jpg,V,train
data/raw/asl_alphabet_train/V/V128.jpg,V,train
data/raw/asl_alphabet_train/V/V2118.jpg,V,train
data/raw/asl_alphabet_train/V/V1327.jpg,V,train
data/raw/asl_alphabet_train/V/V2156.jpg,V,train
data/raw/asl_alphabet_train/V/V814.jpg,V,train
data/raw/asl_alphabet_train/V/V1055.jpg,V,train
data/raw/asl_alphabet_train/V/V2963.jpg,V,train
data/raw/asl_alphabet_train/V/V604.jpg,V,train
data/raw/asl_alphabet_train/V/V746.jpg,V,train
data/raw/asl_alphabet_train/V/V2290.jpg,V,train
data/raw/asl_alphabet_train/V/V2352.jpg,V,train
data/raw/asl_alphabet_train/V/V2573.jpg,V,train
data/raw/asl_alphabet_train/V/V594.jpg,V,train
data/raw/asl_alphabet_train/V/V101.jpg,V,train
data/raw/asl_alphabet_train/V/V2848.jpg,V,train
data/raw/asl_alphabet_train/V/V1579.jpg,V,train
data/raw/asl_alphabet_train/V/V1622.jpg,V,train
data/raw/asl_alphabet_train/V/V2051.jpg,V,train
data/raw/asl_alphabet_train/V/V1822.jpg,V,train
data/raw/asl_alphabet_train/V/V65.jpg,V,train
data/raw/asl_alphabet_train/V/V900.jpg,V,train
data/raw/asl_alphabet_train/V/V1307.jpg,V,train
data/raw/asl_alphabet_train/V/V1412.jpg,V,train
data/raw/asl_alphabet_train/V/V406.jpg,V,train
data/raw/asl_alphabet_train/V/V816.jpg,V,train
data/raw/asl_alphabet_train/V/V2323.jpg,V,train
data/raw/asl_alphabet_train/V/V1517.jpg,V,train
data/raw/asl_alphabet_train/V/V2844.jpg,V,train
data/raw/asl_alphabet_train/V/V651.jpg,V,train
data/raw/asl_alphabet_train/V/V2028.jpg,V,train
data/raw/asl_alphabet_train/V/V283.jpg,V,train
data/raw/asl_alphabet_train/V/V2841.jpg,V,train
data/raw/asl_alphabet_train/V/V843.jpg,V,train
data/raw/asl_alphabet_train/V/V1244.jpg,V,train
data/raw/asl_alphabet_train/V/V881.jpg,V,train
data/raw/asl_alphabet_train/V/V445.jpg,V,train
data/raw/asl_alphabet_train/V/V97.jpg,V,train
data/raw/asl_alphabet_train/V/V477.jpg,V,train
data/raw/asl_alphabet_train/V/V1617.jpg,V,train
data/raw/asl_alphabet_train/V/V2991.jpg,V,train
data/raw/asl_alphabet_train/V/V2763.jpg,V,train
data/raw/asl_alphabet_train/V/V1888.jpg,V,train
data/raw/asl_alphabet_train/V/V2128.jpg,V,train
data/raw/asl_alphabet_train/V/V758.jpg,V,train
data/raw/asl_alphabet_train/V/V511.jpg,V,train
data/raw/asl_alphabet_train/V/V1402.jpg,V,train
data/raw/asl_alphabet_train/V/V2455.jpg,V,train
data/raw/asl_alphabet_train/V/V343.jpg,V,train
data/raw/asl_alphabet_train/V/V2344.jpg,V,train
data/raw/asl_alphabet_train/V/V2856.jpg,V,train
data/raw/asl_alphabet_train/V/V2036.jpg,V,train
data/raw/asl_alphabet_train/V/V1855.jpg,V,train
data/raw/asl_alphabet_train/V/V2497.jpg,V,train
data/raw/asl_alphabet_train/V/V2141.jpg,V,train
data/raw/asl_alphabet_train/V/V612.jpg,V,train
data/raw/asl_alphabet_train/V/V2808.jpg,V,train
data/raw/asl_alphabet_train/V/V1707.jpg,V,train
data/raw/asl_alphabet_train/V/V928.jpg,V,train
data/raw/asl_alphabet_train/V/V1753.jpg,V,train
data/raw/asl_alphabet_train/V/V694.jpg,V,train
data/raw/asl_alphabet_train/V/V1006.jpg,V,train
data/raw/asl_alphabet_train/V/V2804.jpg,V,train
data/raw/asl_alphabet_train/V/V2612.jpg,V,train
data/raw/asl_alphabet_train/V/V316.jpg,V,train
data/raw/asl_alphabet_train/V/V1100.jpg,V,train
data/raw/asl_alphabet_train/V/V2351.jpg,V,train
data/raw/asl_alphabet_train/V/V1176.jpg,V,train
data/raw/asl_alphabet_train/V/V2031.jpg,V,train
data/raw/asl_alphabet_train/V/V2311.jpg,V,train
data/raw/asl_alphabet_train/V/V338.jpg,V,train
data/raw/asl_alphabet_train/V/V548.jpg,V,train
data/raw/asl_alphabet_train/V/V2562.jpg,V,train
data/raw/asl_alphabet_train/V/V576.jpg,V,train
data/raw/asl_alphabet_train/V/V1919.jpg,V,train
data/raw/asl_alphabet_train/V/V2774.jpg,V,train
data/raw/asl_alphabet_train/V/V312.jpg,V,train
data/raw/asl_alphabet_train/V/V520.jpg,V,train
data/raw/asl_alphabet_train/V/V2173.jpg,V,train
data/raw/asl_alphabet_train/V/V1752.jpg,V,train
data/raw/asl_alphabet_train/V/V49.jpg,V,train
data/raw/asl_alphabet_train/V/V1777.jpg,V,train
data/raw/asl_alphabet_train/V/V2752.jpg,V,train
data/raw/asl_alphabet_train/V/V2608.jpg,V,train
data/raw/asl_alphabet_train/V/V901.jpg,V,train
data/raw/asl_alphabet_train/V/V2889.jpg,V,train
data/raw/asl_alphabet_train/V/V888.jpg,V,train
data/raw/asl_alphabet_train/V/V996.jpg,V,train
data/raw/asl_alphabet_train/V/V169.jpg,V,train
data/raw/asl_alphabet_train/V/V1281.jpg,V,train
data/raw/asl_alphabet_train/V/V2621.jpg,V,train
data/raw/asl_alphabet_train/V/V1017.jpg,V,train
data/raw/asl_alphabet_train/V/V1531.jpg,V,train
data/raw/asl_alphabet_train/V/V2691.jpg,V,train
data/raw/asl_alphabet_train/V/V530.jpg,V,train
data/raw/asl_alphabet_train/V/V142.jpg,V,train
data/raw/asl_alphabet_train/V/V349.jpg,V,train
data/raw/asl_alphabet_train/V/V2695.jpg,V,train
data/raw/asl_alphabet_train/V/V2762.jpg,V,train
data/raw/asl_alphabet_train/V/V2851.jpg,V,train
data/raw/asl_alphabet_train/V/V1544.jpg,V,train
data/raw/asl_alphabet_train/V/V558.jpg,V,train
data/raw/asl_alphabet_train/V/V2273.jpg,V,train
data/raw/asl_alphabet_train/V/V2114.jpg,V,train
data/raw/asl_alphabet_train/V/V1153.jpg,V,train
data/raw/asl_alphabet_train/V/V2073.jpg,V,train
data/raw/asl_alphabet_train/V/V620.jpg,V,train
data/raw/asl_alphabet_train/V/V1720.jpg,V,train
data/raw/asl_alphabet_train/V/V1830.jpg,V,train
data/raw/asl_alphabet_train/V/V2452.jpg,V,train
data/raw/asl_alphabet_train/V/V1090.jpg,V,train
data/raw/asl_alphabet_train/V/V874.jpg,V,train
data/raw/asl_alphabet_train/V/V2932.jpg,V,train
data/raw/asl_alphabet_train/V/V812.jpg,V,train
data/raw/asl_alphabet_train/V/V1343.jpg,V,train
data/raw/asl_alphabet_train/V/V1941.jpg,V,train
data/raw/asl_alphabet_train/V/V2291.jpg,V,train
data/raw/asl_alphabet_train/V/V1269.jpg,V,train
data/raw/asl_alphabet_train/V/V2473.jpg,V,train
data/raw/asl_alphabet_train/V/V1924.jpg,V,train
data/raw/asl_alphabet_train/V/V1387.jpg,V,train
data/raw/asl_alphabet_train/V/V74.jpg,V,train
data/raw/asl_alphabet_train/V/V1174.jpg,V,train
data/raw/asl_alphabet_train/V/V796.jpg,V,train
data/raw/asl_alphabet_train/V/V797.jpg,V,train
data/raw/asl_alphabet_train/V/V1405.jpg,V,train
data/raw/asl_alphabet_train/V/V737.jpg,V,train
data/raw/asl_alphabet_train/V/V1934.jpg,V,train
data/raw/asl_alphabet_train/V/V196.jpg,V,train
data/raw/asl_alphabet_train/V/V1801.jpg,V,train
data/raw/asl_alphabet_train/V/V2873.jpg,V,train
data/raw/asl_alphabet_train/V/V498.jpg,V,train
data/raw/asl_alphabet_train/V/V413.jpg,V,train
data/raw/asl_alphabet_train/V/V2840.jpg,V,train
data/raw/asl_alphabet_train/V/V1661.jpg,V,train
data/raw/asl_alphabet_train/V/V1452.jpg,V,train
data/raw/asl_alphabet_train/V/V2930.jpg,V,train
data/raw/asl_alphabet_train/V/V1110.jpg,V,train
data/raw/asl_alphabet_train/V/V1576.jpg,V,train
data/raw/asl_alphabet_train/V/V975.jpg,V,train
data/raw/asl_alphabet_train/V/V1004.jpg,V,train
data/raw/asl_alphabet_train/V/V1463.jpg,V,train
data/raw/asl_alphabet_train/V/V550.jpg,V,train
data/raw/asl_alphabet_train/V/V1700.jpg,V,train
data/raw/asl_alphabet_train/V/V914.jpg,V,train
data/raw/asl_alphabet_train/V/V1475.jpg,V,train
data/raw/asl_alphabet_train/V/V2003.jpg,V,train
data/raw/asl_alphabet_train/V/V1468.jpg,V,train
data/raw/asl_alphabet_train/V/V322.jpg,V,train
data/raw/asl_alphabet_train/V/V2546.jpg,V,train
data/raw/asl_alphabet_train/V/V1329.jpg,V,train
data/raw/asl_alphabet_train/V/V2391.jpg,V,train
data/raw/asl_alphabet_train/V/V2117.jpg,V,train
data/raw/asl_alphabet_train/V/V159.jpg,V,train
data/raw/asl_alphabet_train/V/V2721.jpg,V,train
data/raw/asl_alphabet_train/V/V2539.jpg,V,train
data/raw/asl_alphabet_train/V/V2305.jpg,V,train
data/raw/asl_alphabet_train/V/V617.jpg,V,train
data/raw/asl_alphabet_train/V/V2077.jpg,V,train
data/raw/asl_alphabet_train/V/V313.jpg,V,train
data/raw/asl_alphabet_train/V/V2865.jpg,V,train
data/raw/asl_alphabet_train/V/V352.jpg,V,train
data/raw/asl_alphabet_train/V/V2981.jpg,V,train
data/raw/asl_alphabet_train/V/V2388.jpg,V,train
data/raw/asl_alphabet_train/V/V549.jpg,V,train
data/raw/asl_alphabet_train/V/V232.jpg,V,train
data/raw/asl_alphabet_train/V/V2806.jpg,V,train
data/raw/asl_alphabet_train/V/V795.jpg,V,train
data/raw/asl_alphabet_train/V/V2709.jpg,V,train
data/raw/asl_alphabet_train/V/V2629.jpg,V,train
data/raw/asl_alphabet_train/V/V262.jpg,V,train
data/raw/asl_alphabet_train/V/V1301.jpg,V,train
data/raw/asl_alphabet_train/V/V2083.jpg,V,train
data/raw/asl_alphabet_train/V/V1309.jpg,V,train
data/raw/asl_alphabet_train/V/V2630.jpg,V,train
data/raw/asl_alphabet_train/V/V870.jpg,V,train
data/raw/asl_alphabet_train/V/V1267.jpg,V,train
data/raw/asl_alphabet_train/V/V145.jpg,V,train
data/raw/asl_alphabet_train/V/V1080.jpg,V,train
data/raw/asl_alphabet_train/V/V1681.jpg,V,train
data/raw/asl_alphabet_train/V/V1233.jpg,V,train
data/raw/asl_alphabet_train/V/V409.jpg,V,train
data/raw/asl_alphabet_train/V/V1508.jpg,V,train
data/raw/asl_alphabet_train/V/V2338.jpg,V,train
data/raw/asl_alphabet_train/V/V1271.jpg,V,train
data/raw/asl_alphabet_train/V/V2501.jpg,V,train
data/raw/asl_alphabet_train/V/V1897.jpg,V,train
data/raw/asl_alphabet_train/V/V1905.jpg,V,train
data/raw/asl_alphabet_train/V/V2995.jpg,V,train
data/raw/asl_alphabet_train/V/V1825.jpg,V,train
data/raw/asl_alphabet_train/V/V1814.jpg,V,train
data/raw/asl_alphabet_train/V/V750.jpg,V,train
data/raw/asl_alphabet_train/V/V2270.jpg,V,train
data/raw/asl_alphabet_train/V/V1062.jpg,V,train
data/raw/asl_alphabet_train/V/V801.jpg,V,train
data/raw/asl_alphabet_train/V/V950.jpg,V,train
data/raw/asl_alphabet_train/V/V1494.jpg,V,train
data/raw/asl_alphabet_train/V/V1424.jpg,V,train
data/raw/asl_alphabet_train/V/V1369.jpg,V,train
data/raw/asl_alphabet_train/V/V590.jpg,V,train
data/raw/asl_alphabet_train/V/V2428.jpg,V,train
data/raw/asl_alphabet_train/V/V799.jpg,V,train
data/raw/asl_alphabet_train/V/V2072.jpg,V,train
data/raw/asl_alphabet_train/V/V1651.jpg,V,train
data/raw/asl_alphabet_train/V/V2746.jpg,V,train
data/raw/asl_alphabet_train/V/V958.jpg,V,train
data/raw/asl_alphabet_train/V/V218.jpg,V,train
data/raw/asl_alphabet_train/V/V2592.jpg,V,train
data/raw/asl_alphabet_train/V/V2398.jpg,V,train
data/raw/asl_alphabet_train/V/V1214.jpg,V,train
data/raw/asl_alphabet_train/V/V2770.jpg,V,train
data/raw/asl_alphabet_train/V/V555.jpg,V,train
data/raw/asl_alphabet_train/V/V2144.jpg,V,train
data/raw/asl_alphabet_train/V/V1292.jpg,V,train
data/raw/asl_alphabet_train/V/V1555.jpg,V,train
data/raw/asl_alphabet_train/V/V153.jpg,V,train
data/raw/asl_alphabet_train/V/V2766.jpg,V,train
data/raw/asl_alphabet_train/V/V2282.jpg,V,train
data/raw/asl_alphabet_train/V/V2186.jpg,V,train
data/raw/asl_alphabet_train/V/V1844.jpg,V,train
data/raw/asl_alphabet_train/V/V1831.jpg,V,train
data/raw/asl_alphabet_train/V/V2679.jpg,V,train
data/raw/asl_alphabet_train/V/V1683.jpg,V,train
data/raw/asl_alphabet_train/V/V969.jpg,V,train
data/raw/asl_alphabet_train/V/V902.jpg,V,train
data/raw/asl_alphabet_train/V/V1444.jpg,V,train
data/raw/asl_alphabet_train/V/V1236.jpg,V,train
data/raw/asl_alphabet_train/V/V2387.jpg,V,train
data/raw/asl_alphabet_train/V/V2605.jpg,V,train
data/raw/asl_alphabet_train/V/V458.jpg,V,train
data/raw/asl_alphabet_train/V/V152.jpg,V,train
data/raw/asl_alphabet_train/V/V2355.jpg,V,train
data/raw/asl_alphabet_train/V/V419.jpg,V,train
data/raw/asl_alphabet_train/V/V2837.jpg,V,train
data/raw/asl_alphabet_train/V/V1454.jpg,V,train
data/raw/asl_alphabet_train/V/V2939.jpg,V,train
data/raw/asl_alphabet_train/V/V2857.jpg,V,train
data/raw/asl_alphabet_train/V/V2316.jpg,V,train
data/raw/asl_alphabet_train/V/V714.jpg,V,train
data/raw/asl_alphabet_train/V/V1469.jpg,V,train
data/raw/asl_alphabet_train/V/V1802.jpg,V,train
data/raw/asl_alphabet_train/V/V1342.jpg,V,train
data/raw/asl_alphabet_train/V/V2978.jpg,V,train
data/raw/asl_alphabet_train/V/V1607.jpg,V,train
data/raw/asl_alphabet_train/V/V1496.jpg,V,train
data/raw/asl_alphabet_train/V/V789.jpg,V,train
data/raw/asl_alphabet_train/V/V392.jpg,V,train
data/raw/asl_alphabet_train/V/V1323.jpg,V,train
data/raw/asl_alphabet_train/V/V943.jpg,V,train
data/raw/asl_alphabet_train/V/V2167.jpg,V,train
data/raw/asl_alphabet_train/V/V780.jpg,V,train
data/raw/asl_alphabet_train/V/V2782.jpg,V,train
data/raw/asl_alphabet_train/V/V1851.jpg,V,train
data/raw/asl_alphabet_train/V/V791.jpg,V,train
data/raw/asl_alphabet_train/V/V1169.jpg,V,train
data/raw/asl_alphabet_train/V/V311.jpg,V,train
data/raw/asl_alphabet_train/V/V1763.jpg,V,train
data/raw/asl_alphabet_train/V/V2019.jpg,V,train
data/raw/asl_alphabet_train/V/V1697.jpg,V,train
data/raw/asl_alphabet_train/V/V379.jpg,V,train
data/raw/asl_alphabet_train/V/V1257.jpg,V,train
data/raw/asl_alphabet_train/V/V578.jpg,V,train
data/raw/asl_alphabet_train/V/V434.jpg,V,train
data/raw/asl_alphabet_train/V/V2376.jpg,V,train
data/raw/asl_alphabet_train/V/V2863.jpg,V,train
data/raw/asl_alphabet_train/V/V171.jpg,V,train
data/raw/asl_alphabet_train/V/V1595.jpg,V,train
data/raw/asl_alphabet_train/V/V662.jpg,V,train
data/raw/asl_alphabet_train/V/V2135.jpg,V,train
data/raw/asl_alphabet_train/V/V1418.jpg,V,train
data/raw/asl_alphabet_train/V/V2313.jpg,V,train
data/raw/asl_alphabet_train/V/V1968.jpg,V,train
data/raw/asl_alphabet_train/V/V2662.jpg,V,train
data/raw/asl_alphabet_train/V/V1341.jpg,V,train
data/raw/asl_alphabet_train/V/V276.jpg,V,train
data/raw/asl_alphabet_train/V/V1649.jpg,V,train
data/raw/asl_alphabet_train/V/V2559.jpg,V,train
data/raw/asl_alphabet_train/V/V1981.jpg,V,train
data/raw/asl_alphabet_train/V/V1843.jpg,V,train
data/raw/asl_alphabet_train/V/V957.jpg,V,train
data/raw/asl_alphabet_train/V/V1997.jpg,V,train
data/raw/asl_alphabet_train/V/V1770.jpg,V,train
data/raw/asl_alphabet_train/V/V1352.jpg,V,train
data/raw/asl_alphabet_train/V/V1646.jpg,V,train
data/raw/asl_alphabet_train/V/V2787.jpg,V,train
data/raw/asl_alphabet_train/V/V820.jpg,V,train
data/raw/asl_alphabet_train/V/V700.jpg,V,train
data/raw/asl_alphabet_train/V/V1273.jpg,V,train
data/raw/asl_alphabet_train/V/V1422.jpg,V,train
data/raw/asl_alphabet_train/V/V1203.jpg,V,train
data/raw/asl_alphabet_train/V/V1734.jpg,V,val
data/raw/asl_alphabet_train/V/V540.jpg,V,val
data/raw/asl_alphabet_train/V/V815.jpg,V,val
data/raw/asl_alphabet_train/V/V2908.jpg,V,val
data/raw/asl_alphabet_train/V/V233.jpg,V,val
data/raw/asl_alphabet_train/V/V670.jpg,V,val
data/raw/asl_alphabet_train/V/V725.jpg,V,val
data/raw/asl_alphabet_train/V/V2707.jpg,V,val
data/raw/asl_alphabet_train/V/V514.jpg,V,val
data/raw/asl_alphabet_train/V/V326.jpg,V,val
data/raw/asl_alphabet_train/V/V243.jpg,V,val
data/raw/asl_alphabet_train/V/V1458.jpg,V,val
data/raw/asl_alphabet_train/V/V93.jpg,V,val
data/raw/asl_alphabet_train/V/V1250.jpg,V,val
data/raw/asl_alphabet_train/V/V1072.jpg,V,val
data/raw/asl_alphabet_train/V/V2154.jpg,V,val
data/raw/asl_alphabet_train/V/V1164.jpg,V,val
data/raw/asl_alphabet_train/V/V1293.jpg,V,val
data/raw/asl_alphabet_train/V/V1532.jpg,V,val
data/raw/asl_alphabet_train/V/V1001.jpg,V,val
data/raw/asl_alphabet_train/V/V2677.jpg,V,val
data/raw/asl_alphabet_train/V/V994.jpg,V,val
data/raw/asl_alphabet_train/V/V891.jpg,V,val
data/raw/asl_alphabet_train/V/V731.jpg,V,val
data/raw/asl_alphabet_train/V/V1728.jpg,V,val
data/raw/asl_alphabet_train/V/V2611.jpg,V,val
data/raw/asl_alphabet_train/V/V1506.jpg,V,val
data/raw/asl_alphabet_train/V/V2289.jpg,V,val
data/raw/asl_alphabet_train/V/V1459.jpg,V,val
data/raw/asl_alphabet_train/V/V595.jpg,V,val
data/raw/asl_alphabet_train/V/V1097.jpg,V,val
data/raw/asl_alphabet_train/V/V1335.jpg,V,val
data/raw/asl_alphabet_train/V/V537.jpg,V,val
data/raw/asl_alphabet_train/V/V1266.jpg,V,val
data/raw/asl_alphabet_train/V/V1314.jpg,V,val
data/raw/asl_alphabet_train/V/V2325.jpg,V,val
data/raw/asl_alphabet_train/V/V2312.jpg,V,val
data/raw/asl_alphabet_train/V/V2905.jpg,V,val
data/raw/asl_alphabet_train/V/V2048.jpg,V,val
data/raw/asl_alphabet_train/V/V350.jpg,V,val
data/raw/asl_alphabet_train/V/V1328.jpg,V,val
data/raw/asl_alphabet_train/V/V170.jpg,V,val
data/raw/asl_alphabet_train/V/V649.jpg,V,val
data/raw/asl_alphabet_train/V/V982.jpg,V,val
data/raw/asl_alphabet_train/V/V1823.jpg,V,val
data/raw/asl_alphabet_train/V/V2418.jpg,V,val
data/raw/asl_alphabet_train/V/V430.jpg,V,val
data/raw/asl_alphabet_train/V/V1007.jpg,V,val
data/raw/asl_alphabet_train/V/V1241.jpg,V,val
data/raw/asl_alphabet_train/V/V1660.jpg,V,val
data/raw/asl_alphabet_train/V/V1821.jpg,V,val
data/raw/asl_alphabet_train/V/V470.jpg,V,val
data/raw/asl_alphabet_train/V/V2603.jpg,V,val
data/raw/asl_alphabet_train/V/V1738.jpg,V,val
data/raw/asl_alphabet_train/V/V2464.jpg,V,val
data/raw/asl_alphabet_train/V/V2785.jpg,V,val
data/raw/asl_alphabet_train/V/V761.jpg,V,val
data/raw/asl_alphabet_train/V/V1255.jpg,V,val
data/raw/asl_alphabet_train/V/V1330.jpg,V,val
data/raw/asl_alphabet_train/V/V1484.jpg,V,val
data/raw/asl_alphabet_train/V/V894.jpg,V,val
data/raw/asl_alphabet_train/V/V1462.jpg,V,val
data/raw/asl_alphabet_train/V/V2296.jpg,V,val
data/raw/asl_alphabet_train/V/V2043.jpg,V,val
data/raw/asl_alphabet_train/V/V2644.jpg,V,val
data/raw/asl_alphabet_train/V/V2432.jpg,V,val
data/raw/asl_alphabet_train/V/V1052.jpg,V,val
data/raw/asl_alphabet_train/V/V1283.jpg,V,val
data/raw/asl_alphabet_train/V/V648.jpg,V,val
data/raw/asl_alphabet_train/V/V287.jpg,V,val
data/raw/asl_alphabet_train/V/V1547.jpg,V,val
data/raw/asl_alphabet_train/V/V1442.jpg,V,val
data/raw/asl_alphabet_train/V/V300.jpg,V,val
data/raw/asl_alphabet_train/V/V1808.jpg,V,val
data/raw/asl_alphabet_train/V/V2653.jpg,V,val
data/raw/asl_alphabet_train/V/V2637.jpg,V,val
data/raw/asl_alphabet_train/V/V460.jpg,V,val
data/raw/asl_alphabet_train/V/V2750.jpg,V,val
data/raw/asl_alphabet_train/V/V469.jpg,V,val
data/raw/asl_alphabet_train/V/V99.jpg,V,val
data/raw/asl_alphabet_train/V/V2375.jpg,V,val
data/raw/asl_alphabet_train/V/V2287.jpg,V,val
data/raw/asl_alphabet_train/V/V2293.jpg,V,val
data/raw/asl_alphabet_train/V/V2477.jpg,V,val
data/raw/asl_alphabet_train/V/V1202.jpg,V,val
data/raw/asl_alphabet_train/V/V1477.jpg,V,val
data/raw/asl_alphabet_train/V/V1645.jpg,V,val
data/raw/asl_alphabet_train/V/V2680.jpg,V,val
data/raw/asl_alphabet_train/V/V2525.jpg,V,val
data/raw/asl_alphabet_train/V/V1096.jpg,V,val
data/raw/asl_alphabet_train/V/V443.jpg,V,test
data/raw/asl_alphabet_train/V/V1650.jpg,V,test
data/raw/asl_alphabet_train/V/V492.jpg,V,test
data/raw/asl_alphabet_train/V/V2640.jpg,V,test
data/raw/asl_alphabet_train/V/V126.jpg,V,test
data/raw/asl_alphabet_train/V/V2558.jpg,V,test
data/raw/asl_alphabet_train/V/V412.jpg,V,test
data/raw/asl_alphabet_train/V/V2502.jpg,V,test
data/raw/asl_alphabet_train/V/V2060.jpg,V,test
data/raw/asl_alphabet_train/V/V2544.jpg,V,test
data/raw/asl_alphabet_train/V/V1955.jpg,V,test
data/raw/asl_alphabet_train/V/V1996.jpg,V,test
data/raw/asl_alphabet_train/V/V2302.jpg,V,test
data/raw/asl_alphabet_train/V/V1399.jpg,V,test
data/raw/asl_alphabet_train/V/V2335.jpg,V,test
data/raw/asl_alphabet_train/V/V2850.jpg,V,test
data/raw/asl_alphabet_train/V/V1298.jpg,V,test
data/raw/asl_alphabet_train/V/V26.jpg,V,test
data/raw/asl_alphabet_train/V/V531.jpg,V,test
data/raw/asl_alphabet_train/V/V1223.jpg,V,test
data/raw/asl_alphabet_train/V/V1998.jpg,V,test
data/raw/asl_alphabet_train/V/V588.jpg,V,test
data/raw/asl_alphabet_train/V/V2486.jpg,V,test
data/raw/asl_alphabet_train/V/V3000.jpg,V,test
data/raw/asl_alphabet_train/V/V2112.jpg,V,test
data/raw/asl_alphabet_train/V/V201.jpg,V,test
data/raw/asl_alphabet_train/V/V2219.jpg,V,test
data/raw/asl_alphabet_train/V/V1760.jpg,V,test
data/raw/asl_alphabet_train/V/V1308.jpg,V,test
data/raw/asl_alphabet_train/V/V357.jpg,V,test
data/raw/asl_alphabet_train/V/V685.jpg,V,test
data/raw/asl_alphabet_train/V/V866.jpg,V,test
data/raw/asl_alphabet_train/V/V1626.jpg,V,test
data/raw/asl_alphabet_train/V/V2378.jpg,V,test
data/raw/asl_alphabet_train/V/V2839.jpg,V,test
data/raw/asl_alphabet_train/V/V855.jpg,V,test
data/raw/asl_alphabet_train/V/V2801.jpg,V,test
data/raw/asl_alphabet_train/V/V2886.jpg,V,test
data/raw/asl_alphabet_train/V/V1142.jpg,V,test
data/raw/asl_alphabet_train/V/V110.jpg,V,test
data/raw/asl_alphabet_train/V/V119.jpg,V,test
data/raw/asl_alphabet_train/V/V505.jpg,V,test
data/raw/asl_alphabet_train/V/V125.jpg,V,test
data/raw/asl_alphabet_train/V/V995.jpg,V,test
data/raw/asl_alphabet_train/V/V2121.jpg,V,test
data/raw/asl_alphabet_train/V/V978.jpg,V,test
data/raw/asl_alphabet_train/V/V1684.jpg,V,test
data/raw/asl_alphabet_train/V/V1087.jpg,V,test
data/raw/asl_alphabet_train/V/V2397.jpg,V,test
data/raw/asl_alphabet_train/V/V2343.jpg,V,test
data/raw/asl_alphabet_train/V/V2238.jpg,V,test
data/raw/asl_alphabet_train/V/V114.jpg,V,test
data/raw/asl_alphabet_train/V/V919.jpg,V,test
data/raw/asl_alphabet_train/V/V1403.jpg,V,test
data/raw/asl_alphabet_train/V/V1194.jpg,V,test
data/raw/asl_alphabet_train/V/V1850.jpg,V,test
data/raw/asl_alphabet_train/V/V231.jpg,V,test
data/raw/asl_alphabet_train/V/V2570.jpg,V,test
data/raw/asl_alphabet_train/V/V1931.jpg,V,test
data/raw/asl_alphabet_train/V/V1703.jpg,V,test
data/raw/asl_alphabet_train/V/V1042.jpg,V,test
data/raw/asl_alphabet_train/V/V1173.jpg,V,test
data/raw/asl_alphabet_train/V/V1580.jpg,V,test
data/raw/asl_alphabet_train/V/V117.jpg,V,test
data/raw/asl_alphabet_train/V/V1161.jpg,V,test
data/raw/asl_alphabet_train/V/V315.jpg,V,test
data/raw/asl_alphabet_train/V/V2942.jpg,V,test
data/raw/asl_alphabet_train/V/V57.jpg,V,test
data/raw/asl_alphabet_train/V/V2292.jpg,V,test
data/raw/asl_alphabet_train/V/V869.jpg,V,test
data/raw/asl_alphabet_train/V/V1794.jpg,V,test
data/raw/asl_alphabet_train/V/V1705.jpg,V,test
data/raw/asl_alphabet_train/V/V2720.jpg,V,test
data/raw/asl_alphabet_train/V/V846.jpg,V,test
data/raw/asl_alphabet_train/V/V1410.jpg,V,test
data/raw/asl_alphabet_train/V/V1474.jpg,V,test
data/raw/asl_alphabet_train/V/V66.jpg,V,test
data/raw/asl_alphabet_train/V/V759.jpg,V,test
data/raw/asl_alphabet_train/V/V1692.jpg,V,test
data/raw/asl_alphabet_train/V/V517.jpg,V,test
data/raw/asl_alphabet_train/V/V2367.jpg,V,test
data/raw/asl_alphabet_train/V/V733.jpg,V,test
data/raw/asl_alphabet_train/V/V1864.jpg,V,test
data/raw/asl_alphabet_train/V/V2084.jpg,V,test
data/raw/asl_alphabet_train/V/V76.jpg,V,test
data/raw/asl_alphabet_train/V/V562.jpg,V,test
data/raw/asl_alphabet_train/V/V783.jpg,V,test
data/raw/asl_alphabet_train/V/V2827.jpg,V,test
data/raw/asl_alphabet_train/V/V297.jpg,V,test
data/raw/asl_alphabet_train/V/V453.jpg,V,test
data/raw/asl_alphabet_train/W/W2454.jpg,W,train
data/raw/asl_alphabet_train/W/W841.jpg,W,train
data/raw/asl_alphabet_train/W/W743.jpg,W,train
data/raw/asl_alphabet_train/W/W163.jpg,W,train
data/raw/asl_alphabet_train/W/W571.jpg,W,train
data/raw/asl_alphabet_train/W/W2303.jpg,W,train
data/raw/asl_alphabet_train/W/W7.jpg,W,train
data/raw/asl_alphabet_train/W/W6.jpg,W,train
data/raw/asl_alphabet_train/W/W692.jpg,W,train
data/raw/asl_alphabet_train/W/W2685.jpg,W,train
data/raw/asl_alphabet_train/W/W710.jpg,W,train
data/raw/asl_alphabet_train/W/W1994.jpg,W,train
data/raw/asl_alphabet_train/W/W2424.jpg,W,train
data/raw/asl_alphabet_train/W/W1890.jpg,W,train
data/raw/asl_alphabet_train/W/W852.jpg,W,train
data/raw/asl_alphabet_train/W/W2909.jpg,W,train
data/raw/asl_alphabet_train/W/W1122.jpg,W,train
data/raw/asl_alphabet_train/W/W2443.jpg,W,train
data/raw/asl_alphabet_train/W/W2147.jpg,W,train
data/raw/asl_alphabet_train/W/W1062.jpg,W,train
data/raw/asl_alphabet_train/W/W566.jpg,W,train
data/raw/asl_alphabet_train/W/W744.jpg,W,train
data/raw/asl_alphabet_train/W/W74.jpg,W,train
data/raw/asl_alphabet_train/W/W303.jpg,W,train
data/raw/asl_alphabet_train/W/W2384.jpg,W,train
data/raw/asl_alphabet_train/W/W2608.jpg,W,train
data/raw/asl_alphabet_train/W/W1252.jpg,W,train
data/raw/asl_alphabet_train/W/W2535.jpg,W,train
data/raw/asl_alphabet_train/W/W646.jpg,W,train
data/raw/asl_alphabet_train/W/W2756.jpg,W,train
data/raw/asl_alphabet_train/W/W2943.jpg,W,train
data/raw/asl_alphabet_train/W/W2565.jpg,W,train
data/raw/asl_alphabet_train/W/W1400.jpg,W,train
data/raw/asl_alphabet_train/W/W1585.jpg,W,train
data/raw/asl_alphabet_train/W/W1358.jpg,W,train
data/raw/asl_alphabet_train/W/W1665.jpg,W,train
data/raw/asl_alphabet_train/W/W1684.jpg,W,train
data/raw/asl_alphabet_train/W/W1802.jpg,W,train
data/raw/asl_alphabet_train/W/W929.jpg,W,train
data/raw/asl_alphabet_train/W/W1648.jpg,W,train
data/raw/asl_alphabet_train/W/W1623.jpg,W,train
data/raw/asl_alphabet_train/W/W1617.jpg,W,train
data/raw/asl_alphabet_train/W/W1443.jpg,W,train
data/raw/asl_alphabet_train/W/W1655.jpg,W,train
data/raw/asl_alphabet_train/W/W519.jpg,W,train
data/raw/asl_alphabet_train/W/W1819.jpg,W,train
data/raw/asl_alphabet_train/W/W2134.jpg,W,train
data/raw/asl_alphabet_train/W/W704.jpg,W,train
data/raw/asl_alphabet_train/W/W1999.jpg,W,train
data/raw/asl_alphabet_train/W/W2935.jpg,W,train
data/raw/asl_alphabet_train/W/W1799.jpg,W,train
data/raw/asl_alphabet_train/W/W636.jpg,W,train
data/raw/asl_alphabet_train/W/W1374.jpg,W,train
data/raw/asl_alphabet_train/W/W2047.jpg,W,train
data/raw/asl_alphabet_train/W/W1226.jpg,W,train
data/raw/asl_alphabet_train/W/W41.jpg,W,train
data/raw/asl_alphabet_train/W/W927.jpg,W,train
data/raw/asl_alphabet_train/W/W1755.jpg,W,train
data/raw/asl_alphabet_train/W/W2669.jpg,W,train
data/raw/asl_alphabet_train/W/W1969.jpg,W,train
data/raw/asl_alphabet_train/W/W3.jpg,W,train
data/raw/asl_alphabet_train/W/W1947.jpg,W,train
data/raw/asl_alphabet_train/W/W1916.jpg,W,train
data/raw/asl_alphabet_train/W/W1505.jpg,W,train
data/raw/asl_alphabet_train/W/W298.jpg,W,train
data/raw/asl_alphabet_train/W/W1442.jpg,W,train
data/raw/asl_alphabet_train/W/W1006.jpg,W,train
data/raw/asl_alphabet_train/W/W315.jpg,W,train
data/raw/asl_alphabet_train/W/W2301.jpg,W,train
data/raw/asl_alphabet_train/W/W275.jpg,W,train
data/raw/asl_alphabet_train/W/W962.jpg,W,train
data/raw/asl_alphabet_train/W/W1546.jpg,W,train
data/raw/asl_alphabet_train/W/W631.jpg,W,train
data/raw/asl_alphabet_train/W/W2914.jpg,W,train
data/raw/asl_alphabet_train/W/W614.jpg,W,train
data/raw/asl_alphabet_train/W/W652.jpg,W,train
data/raw/asl_alphabet_train/W/W2575.jpg,W,train
data/raw/asl_alphabet_train/W/W2786.jpg,W,train
data/raw/asl_alphabet_train/W/W2042.jpg,W,train
data/raw/asl_alphabet_train/W/W2446.jpg,W,train
data/raw/asl_alphabet_train/W/W2881.jpg,W,train
data/raw/asl_alphabet_train/W/W815.jpg,W,train
data/raw/asl_alphabet_train/W/W1014.jpg,W,train
data/raw/asl_alphabet_train/W/W2103.jpg,W,train
data/raw/asl_alphabet_train/W/W2771.jpg,W,train
data/raw/asl_alphabet_train/W/W803.jpg,W,train
data/raw/asl_alphabet_train/W/W1500.jpg,W,train
data/raw/asl_alphabet_train/W/W2369.jpg,W,train
data/raw/asl_alphabet_train/W/W2386.jpg,W,train
data/raw/asl_alphabet_train/W/W1155.jpg,W,train
data/raw/asl_alphabet_train/W/W1549.jpg,W,train
data/raw/asl_alphabet_train/W/W2336.jpg,W,train
data/raw/asl_alphabet_train/W/W2745.jpg,W,train
data/raw/asl_alphabet_train/W/W1211.jpg,W,train
data/raw/asl_alphabet_train/W/W2869.jpg,W,train
data/raw/asl_alphabet_train/W/W2245.jpg,W,train
data/raw/asl_alphabet_train/W/W2653.jpg,W,train
data/raw/asl_alphabet_train/W/W2783.jpg,W,train
data/raw/asl_alphabet_train/W/W949.jpg,W,train
data/raw/asl_alphabet_train/W/W698.jpg,W,train
data/raw/asl_alphabet_train/W/W2639.jpg,W,train
data/raw/asl_alphabet_train/W/W1599.jpg,W,train
data/raw/asl_alphabet_train/W/W1247.jpg,W,train
data/raw/asl_alphabet_train/W/W946.jpg,W,train
data/raw/asl_alphabet_train/W/W2573.jpg,W,train
data/raw/asl_alphabet_train/W/W217.jpg,W,train
data/raw/asl_alphabet_train/W/W1980.jpg,W,train
data/raw/asl_alphabet_train/W/W1543.jpg,W,train
data/raw/asl_alphabet_train/W/W2435.jpg,W,train
data/raw/asl_alphabet_train/W/W2875.jpg,W,train
data/raw/asl_alphabet_train/W/W918.jpg,W,train
data/raw/asl_alphabet_train/W/W1708.jpg,W,train
data/raw/asl_alphabet_train/W/W1883.jpg,W,train
data/raw/asl_alphabet_train/W/W2644.jpg,W,train
data/raw/asl_alphabet_train/W/W2800.jpg,W,train
data/raw/asl_alphabet_train/W/W406.jpg,W,train
data/raw/asl_alphabet_train/W/W1872.jpg,W,train
data/raw/asl_alphabet_train/W/W1191.jpg,W,train
data/raw/asl_alphabet_train/W/W328.jpg,W,train
data/raw/asl_alphabet_train/W/W2321.jpg,W,train
data/raw/asl_alphabet_train/W/W68.jpg,W,train
data/raw/asl_alphabet_train/W/W1737.jpg,W,train
data/raw/asl_alphabet_train/W/W2841.jpg,W,train
data/raw/asl_alphabet_train/W/W2679.jpg,W,train
data/raw/asl_alphabet_train/W/W71.jpg,W,train
data/raw/asl_alphabet_train/W/W2961.jpg,W,train
data/raw/asl_alphabet_train/W/W205.jpg,W,train
data/raw/asl_alphabet_train/W/W2665.jpg,W,train
data/raw/asl_alphabet_train/W/W2811.jpg,W,train
data/raw/asl_alphabet_train/W/W2738.jpg,W,train
data/raw/asl_alphabet_train/W/W268.jpg,W,train
data/raw/asl_alphabet_train/W/W1329.jpg,W,train
data/raw/asl_alphabet_train/W/W2414.jpg,W,train
data/raw/asl_alphabet_train/W/W1055.jpg,W,train
data/raw/asl_alphabet_train/W/W128.jpg,W,train
data/raw/asl_alphabet_train/W/W441.jpg,W,train
data/raw/asl_alphabet_train/W/W1612.jpg,W,train
data/raw/asl_alphabet_train/W/W1111.jpg,W,train
data/raw/asl_alphabet_train/W/W2847.jpg,W,train
data/raw/asl_alphabet_train/W/W1698.jpg,W,train
data/raw/asl_alphabet_train/W/W1696.jpg,W,train
data/raw/asl_alphabet_train/W/W1150.jpg,W,train
data/raw/asl_alphabet_train/W/W81.jpg,W,train
data/raw/asl_alphabet_train/W/W1529.jpg,W,train
data/raw/asl_alphabet_train/W/W2634.jpg,W,train
data/raw/asl_alphabet_train/W/W429.jpg,W,train
data/raw/asl_alphabet_train/W/W1476.jpg,W,train
data/raw/asl_alphabet_train/W/W1213.jpg,W,train
data/raw/asl_alphabet_train/W/W760.jpg,W,train
data/raw/asl_alphabet_train/W/W1071.jpg,W,train
data/raw/asl_alphabet_train/W/W889.jpg,W,train
data/raw/asl_alphabet_train/W/W609.jpg,W,train
data/raw/asl_alphabet_train/W/W2344.jpg,W,train
data/raw/asl_alphabet_train/W/W2863.jpg,W,train
data/raw/asl_alphabet_train/W/W2623.jpg,W,train
data/raw/asl_alphabet_train/W/W1185.jpg,W,train
data/raw/asl_alphabet_train/W/W890.jpg,W,train
data/raw/asl_alphabet_train/W/W409.jpg,W,train
data/raw/asl_alphabet_train/W/W2333.jpg,W,train
data/raw/asl_alphabet_train/W/W1020.jpg,W,train
data/raw/asl_alphabet_train/W/W1449.jpg,W,train
data/raw/asl_alphabet_train/W/W195.jpg,W,train
data/raw/asl_alphabet_train/W/W2358.jpg,W,train
data/raw/asl_alphabet_train/W/W1643.jpg,W,train
data/raw/asl_alphabet_train/W/W2277.jpg,W,train
data/raw/asl_alphabet_train/W/W2377.jpg,W,train
data/raw/asl_alphabet_train/W/W2206.jpg,W,train
data/raw/asl_alphabet_train/W/W1.jpg,W,train
data/raw/asl_alphabet_train/W/W37.jpg,W,train
data/raw/asl_alphabet_train/W/W879.jpg,W,train
data/raw/asl_alphabet_train/W/W1710.jpg,W,train
data/raw/asl_alphabet_train/W/W2000.jpg,W,train
data/raw/asl_alphabet_train/W/W17.jpg,W,train
data/raw/asl_alphabet_train/W/W2989.jpg,W,train
data/raw/asl_alphabet_train/W/W2602.jpg,W,train
data/raw/asl_alphabet_train/W/W1924.jpg,W,train
data/raw/asl_alphabet_train/W/W520.jpg,W,train
data/raw/asl_alphabet_train/W/W1454.jpg,W,train
data/raw/asl_alphabet_train/W/W640.jpg,W,train
data/raw/asl_alphabet_train/W/W2695.jpg,W,train
data/raw/asl_alphabet_train/W/W2954.jpg,W,train
data/raw/asl_alphabet_train/W/W1269.jpg,W,train
data/raw/asl_alphabet_train/W/W992.jpg,W,train
data/raw/asl_alphabet_train/W/W2135.jpg,W,train
data/raw/asl_alphabet_train/W/W1831.jpg,W,train
data/raw/asl_alphabet_train/W/W2045.jpg,W,train
data/raw/asl_alphabet_train/W/W2962.jpg,W,train
data/raw/asl_alphabet_train/W/W2481.jpg,W,train
data/raw/asl_alphabet_train/W/W1081.jpg,W,train
data/raw/asl_alphabet_train/W/W1177.jpg,W,train
data/raw/asl_alphabet_train/W/W2850.jpg,W,train
data/raw/asl_alphabet_train/W/W422.jpg,W,train
data/raw/asl_alphabet_train/W/W2689.jpg,W,train
data/raw/asl_alphabet_train/W/W1910.jpg,W,train
data/raw/asl_alphabet_train/W/W1904.jpg,W,train
data/raw/asl_alphabet_train/W/W1268.jpg,W,train
data/raw/asl_alphabet_train/W/W385.jpg,W,train
data/raw/asl_alphabet_train/W/W1826.jpg,W,train
data/raw/asl_alphabet_train/W/W2604.jpg,W,train
data/raw/asl_alphabet_train/W/W2655.jpg,W,train
data/raw/asl_alphabet_train/W/W1552.jpg,W,train
data/raw/asl_alphabet_train/W/W2101.jpg,W,train
data/raw/asl_alphabet_train/W/W2946.jpg,W,train
data/raw/asl_alphabet_train/W/W83.jpg,W,train
data/raw/asl_alphabet_train/W/W2633.jpg,W,train
data/raw/asl_alphabet_train/W/W2087.jpg,W,train
data/raw/asl_alphabet_train/W/W2522.jpg,W,train
data/raw/asl_alphabet_train/W/W2742.jpg,W,train
data/raw/asl_alphabet_train/W/W2611.jpg,W,train
data/raw/asl_alphabet_train/W/W1771.jpg,W,train
data/raw/asl_alphabet_train/W/W2071.jpg,W,train
data/raw/asl_alphabet_train/W/W1758.jpg,W,train
data/raw/asl_alphabet_train/W/W817.jpg,W,train
data/raw/asl_alphabet_train/W/W2516.jpg,W,train
data/raw/asl_alphabet_train/W/W1691.jpg,W,train
data/raw/asl_alphabet_train/W/W2884.jpg,W,train
data/raw/asl_alphabet_train/W/W1618.jpg,W,train
data/raw/asl_alphabet_train/W/W805.jpg,W,train
data/raw/asl_alphabet_train/W/W2813.jpg,W,train
data/raw/asl_alphabet_train/W/W2215.jpg,W,train
data/raw/asl_alphabet_train/W/W1042.jpg,W,train
data/raw/asl_alphabet_train/W/W2699.jpg,W,train
data/raw/asl_alphabet_train/W/W466.jpg,W,train
data/raw/asl_alphabet_train/W/W868.jpg,W,train
data/raw/asl_alphabet_train/W/W578.jpg,W,train
data/raw/asl_alphabet_train/W/W2505.jpg,W,train
data/raw/asl_alphabet_train/W/W2723.jpg,W,train
data/raw/asl_alphabet_train/W/W72.jpg,W,train
data/raw/asl_alphabet_train/W/W2104.jpg,W,train
data/raw/asl_alphabet_train/W/W804.jpg,W,train
data/raw/asl_alphabet_train/W/W2592.jpg,W,train
data/raw/asl_alphabet_train/W/W2588.jpg,W,train
data/raw/asl_alphabet_train/W/W1527.jpg,W,train
data/raw/asl_alphabet_train/W/W2011.jpg,W,train
data/raw/asl_alphabet_train/W/W2266.jpg,W,train
data/raw/asl_alphabet_train/W/W1216.jpg,W,train
data/raw/asl_alphabet_train/W/W245.jpg,W,train
data/raw/asl_alphabet_train/W/W2238.jpg,W,train
data/raw/asl_alphabet_train/W/W428.jpg,W,train
data/raw/asl_alphabet_train/W/W1300.jpg,W,train
data/raw/asl_alphabet_train/W/W878.jpg,W,train
data/raw/asl_alphabet_train/W/W2077.jpg,W,train
data/raw/asl_alphabet_train/W/W2240.jpg,W,train
data/raw/asl_alphabet_train/W/W24.jpg,W,train
data/raw/asl_alphabet_train/W/W1351.jpg,W,train
data/raw/asl_alphabet_train/W/W1641.jpg,W,train
data/raw/asl_alphabet_train/W/W80.jpg,W,train
data/raw/asl_alphabet_train/W/W1719.jpg,W,train
data/raw/asl_alphabet_train/W/W2595.jpg,W,train
data/raw/asl_alphabet_train/W/W2730.jpg,W,train
data/raw/asl_alphabet_train/W/W164.jpg,W,train
data/raw/asl_alphabet_train/W/W2018.jpg,W,train
data/raw/asl_alphabet_train/W/W624.jpg,W,train
data/raw/asl_alphabet_train/W/W986.jpg,W,train
data/raw/asl_alphabet_train/W/W816.jpg,W,train
data/raw/asl_alphabet_train/W/W597.jpg,W,train
data/raw/asl_alphabet_train/W/W2757.jpg,W,train
data/raw/asl_alphabet_train/W/W1766.jpg,W,train
data/raw/asl_alphabet_train/W/W2903.jpg,W,train
data/raw/asl_alphabet_train/W/W2209.jpg,W,train
data/raw/asl_alphabet_train/W/W2544.jpg,W,train
data/raw/asl_alphabet_train/W/W729.jpg,W,train
data/raw/asl_alphabet_train/W/W2119.jpg,W,train
data/raw/asl_alphabet_train/W/W1974.jpg,W,train
data/raw/asl_alphabet_train/W/W2256.jpg,W,train
data/raw/asl_alphabet_train/W/W2049.jpg,W,train
data/raw/asl_alphabet_train/W/W2022.jpg,W,train
data/raw/asl_alphabet_train/W/W287.jpg,W,train
data/raw/asl_alphabet_train/W/W1227.jpg,W,train
data/raw/asl_alphabet_train/W/W440.jpg,W,train
data/raw/asl_alphabet_train/W/W2160.jpg,W,train
data/raw/asl_alphabet_train/W/W583.jpg,W,train
data/raw/asl_alphabet_train/W/W1761.jpg,W,train
data/raw/asl_alphabet_train/W/W1972.jpg,W,train
data/raw/asl_alphabet_train/W/W2817.jpg,W,train
data/raw/asl_alphabet_train/W/W901.jpg,W,train
data/raw/asl_alphabet_train/W/W2895.jpg,W,train
data/raw/asl_alphabet_train/W/W1587.jpg,W,train
data/raw/asl_alphabet_train/W/W379.jpg,W,train
data/raw/asl_alphabet_train/W/W45.jpg,W,train
data/raw/asl_alphabet_train/W/W1037.jpg,W,train
data/raw/asl_alphabet_train/W/W76.jpg,W,train
data/raw/asl_alphabet_train/W/W845.jpg,W,train
data/raw/asl_alphabet_train/W/W2703.jpg,W,train
data/raw/asl_alphabet_train/W/W2581.jpg,W,train
data/raw/asl_alphabet_train/W/W932.jpg,W,train
data/raw/asl_alphabet_train/W/W2859.jpg,W,train
data/raw/asl_alphabet_train/W/W2465.jpg,W,train
data/raw/asl_alphabet_train/W/W753.jpg,W,train
data/raw/asl_alphabet_train/W/W2012.jpg,W,train
data/raw/asl_alphabet_train/W/W1820.jpg,W,train
data/raw/asl_alphabet_train/W/W483.jpg,W,train
data/raw/asl_alphabet_train/W/W1775.jpg,W,train
data/raw/asl_alphabet_train/W/W844.jpg,W,train
data/raw/asl_alphabet_train/W/W2159.jpg,W,train
data/raw/asl_alphabet_train/W/W1539.jpg,W,train
data/raw/asl_alphabet_train/W/W2498.jpg,W,train
data/raw/asl_alphabet_train/W/W1063.jpg,W,train
data/raw/asl_alphabet_train/W/W1033.jpg,W,train
data/raw/asl_alphabet_train/W/W2223.jpg,W,train
data/raw/asl_alphabet_train/W/W1293.jpg,W,train
data/raw/asl_alphabet_train/W/W1694.jpg,W,train
data/raw/asl_alphabet_train/W/W2300.jpg,W,train
data/raw/asl_alphabet_train/W/W503.jpg,W,train
data/raw/asl_alphabet_train/W/W2945.jpg,W,train
data/raw/asl_alphabet_train/W/W1265.jpg,W,train
data/raw/asl_alphabet_train/W/W2652.jpg,W,train
data/raw/asl_alphabet_train/W/W1047.jpg,W,train
data/raw/asl_alphabet_train/W/W2944.jpg,W,train
data/raw/asl_alphabet_train/W/W1017.jpg,W,train
data/raw/asl_alphabet_train/W/W1832.jpg,W,train
data/raw/asl_alphabet_train/W/W1434.jpg,W,train
data/raw/asl_alphabet_train/W/W1577.jpg,W,train
data/raw/asl_alphabet_train/W/W721.jpg,W,train
data/raw/asl_alphabet_train/W/W2629.jpg,W,train
data/raw/asl_alphabet_train/W/W2299.jpg,W,train
data/raw/asl_alphabet_train/W/W601.jpg,W,train
data/raw/asl_alphabet_train/W/W1615.jpg,W,train
data/raw/asl_alphabet_train/W/W688.jpg,W,train
data/raw/asl_alphabet_train/W/W2133.jpg,W,train
data/raw/asl_alphabet_train/W/W261.jpg,W,train
data/raw/asl_alphabet_train/W/W1554.jpg,W,train
data/raw/asl_alphabet_train/W/W2488.jpg,W,train
data/raw/asl_alphabet_train/W/W2263.jpg,W,train
data/raw/asl_alphabet_train/W/W2729.jpg,W,train
data/raw/asl_alphabet_train/W/W1463.jpg,W,train
data/raw/asl_alphabet_train/W/W2376.jpg,W,train
data/raw/asl_alphabet_train/W/W2026.jpg,W,train
data/raw/asl_alphabet_train/W/W2907.jpg,W,train
data/raw/asl_alphabet_train/W/W1800.jpg,W,train
data/raw/asl_alphabet_train/W/W213.jpg,W,train
data/raw/asl_alphabet_train/W/W623.jpg,W,train
data/raw/asl_alphabet_train/W/W1711.jpg,W,train
data/raw/asl_alphabet_train/W/W2553.jpg,W,train
data/raw/asl_alphabet_train/W/W1409.jpg,W,train
data/raw/asl_alphabet_train/W/W252.jpg,W,train
data/raw/asl_alphabet_train/W/W46.jpg,W,train
data/raw/asl_alphabet_train/W/W1955.jpg,W,train
data/raw/asl_alphabet_train/W/W858.jpg,W,train
data/raw/asl_alphabet_train/W/W2193.jpg,W,train
data/raw/asl_alphabet_train/W/W538.jpg,W,train
data/raw/asl_alphabet_train/W/W1435.jpg,W,train
data/raw/asl_alphabet_train/W/W1760.jpg,W,train
data/raw/asl_alphabet_train/W/W56.jpg,W,train
data/raw/asl_alphabet_train/W/W1921.jpg,W,train
data/raw/asl_alphabet_train/W/W1119.jpg,W,train
data/raw/asl_alphabet_train/W/W2129.jpg,W,train
data/raw/asl_alphabet_train/W/W61.jpg,W,train
data/raw/asl_alphabet_train/W/W2490.jpg,W,train
data/raw/asl_alphabet_train/W/W2750.jpg,W,train
data/raw/asl_alphabet_train/W/W2747.jpg,W,train
data/raw/asl_alphabet_train/W/W121.jpg,W,train
data/raw/asl_alphabet_train/W/W1193.jpg,W,train
data/raw/asl_alphabet_train/W/W414.jpg,W,train
data/raw/asl_alphabet_train/W/W1080.jpg,W,train
data/raw/asl_alphabet_train/W/W2574.jpg,W,train
data/raw/asl_alphabet_train/W/W1391.jpg,W,train
data/raw/asl_alphabet_train/W/W1503.jpg,W,train
data/raw/asl_alphabet_train/W/W1937.jpg,W,train
data/raw/asl_alphabet_train/W/W1759.jpg,W,train
data/raw/asl_alphabet_train/W/W203.jpg,W,train
data/raw/asl_alphabet_train/W/W560.jpg,W,train
data/raw/asl_alphabet_train/W/W279.jpg,W,train
data/raw/asl_alphabet_train/W/W2069.jpg,W,train
data/raw/asl_alphabet_train/W/W2562.jpg,W,train
data/raw/asl_alphabet_train/W/W1677.jpg,W,train
data/raw/asl_alphabet_train/W/W2687.jpg,W,train
data/raw/asl_alphabet_train/W/W1428.jpg,W,train
data/raw/asl_alphabet_train/W/W976.jpg,W,train
data/raw/asl_alphabet_train/W/W1547.jpg,W,train
data/raw/asl_alphabet_train/W/W1492.jpg,W,train
data/raw/asl_alphabet_train/W/W35.jpg,W,train
data/raw/asl_alphabet_train/W/W1688.jpg,W,train
data/raw/asl_alphabet_train/W/W923.jpg,W,train
data/raw/asl_alphabet_train/W/W2782.jpg,W,train
data/raw/asl_alphabet_train/W/W2247.jpg,W,train
data/raw/asl_alphabet_train/W/W1146.jpg,W,train
data/raw/asl_alphabet_train/W/W403.jpg,W,train
data/raw/asl_alphabet_train/W/W2576.jpg,W,train
data/raw/asl_alphabet_train/W/W2411.jpg,W,train
data/raw/asl_alphabet_train/W/W1044.jpg,W,train
data/raw/asl_alphabet_train/W/W2023.jpg,W,train
data/raw/asl_alphabet_train/W/W600.jpg,W,train
data/raw/asl_alphabet_train/W/W1468.jpg,W,train
data/raw/asl_alphabet_train/W/W1402.jpg,W,train
data/raw/asl_alphabet_train/W/W1778.jpg,W,train
data/raw/asl_alphabet_train/W/W1285.jpg,W,train
data/raw/asl_alphabet_train/W/W1411.jpg,W,train
data/raw/asl_alphabet_train/W/W2582.jpg,W,train
data/raw/asl_alphabet_train/W/W1875.jpg,W,train
data/raw/asl_alphabet_train/W/W955.jpg,W,train
data/raw/asl_alphabet_train/W/W226.jpg,W,train
data/raw/asl_alphabet_train/W/W1928.jpg,W,train
data/raw/asl_alphabet_train/W/W871.jpg,W,train
data/raw/asl_alphabet_train/W/W1676.jpg,W,train
data/raw/asl_alphabet_train/W/W1188.jpg,W,train
data/raw/asl_alphabet_train/W/W1627.jpg,W,train
data/raw/asl_alphabet_train/W/W602.jpg,W,train
data/raw/asl_alphabet_train/W/W774.jpg,W,train
data/raw/asl_alphabet_train/W/W864.jpg,W,train
data/raw/asl_alphabet_train/W/W1773.jpg,W,train
data/raw/asl_alphabet_train/W/W1169.jpg,W,train
data/raw/asl_alphabet_train/W/W1829.jpg,W,train
data/raw/asl_alphabet_train/W/W2393.jpg,W,train
data/raw/asl_alphabet_train/W/W1137.jpg,W,train
data/raw/asl_alphabet_train/W/W1722.jpg,W,train
data/raw/asl_alphabet_train/W/W2328.jpg,W,train
data/raw/asl_alphabet_train/W/W2089.jpg,W,train
data/raw/asl_alphabet_train/W/W1810.jpg,W,train
data/raw/asl_alphabet_train/W/W1723.jpg,W,train
data/raw/asl_alphabet_train/W/W1309.jpg,W,train
data/raw/asl_alphabet_train/W/W1540.jpg,W,train
data/raw/asl_alphabet_train/W/W116.jpg,W,train
data/raw/asl_alphabet_train/W/W2767.jpg,W,train
data/raw/asl_alphabet_train/W/W1589.jpg,W,train
data/raw/asl_alphabet_train/W/W2758.jpg,W,train
data/raw/asl_alphabet_train/W/W2474.jpg,W,train
data/raw/asl_alphabet_train/W/W943.jpg,W,train
data/raw/asl_alphabet_train/W/W812.jpg,W,train
data/raw/asl_alphabet_train/W/W2667.jpg,W,train
data/raw/asl_alphabet_train/W/W788.jpg,W,val
data/raw/asl_alphabet_train/W/W916.jpg,W,val
data/raw/asl_alphabet_train/W/W2380.jpg,W,val
data/raw/asl_alphabet_train/W/W950.jpg,W,val
data/raw/asl_alphabet_train/W/W1429.jpg,W,val
data/raw/asl_alphabet_train/W/W225.jpg,W,val
data/raw/asl_alphabet_train/W/W876.jpg,W,val
data/raw/asl_alphabet_train/W/W2910.jpg,W,val
data/raw/asl_alphabet_train/W/W778.jpg,W,val
data/raw/asl_alphabet_train/W/W321.jpg,W,val
data/raw/asl_alphabet_train/W/W847.jpg,W,val
data/raw/asl_alphabet_train/W/W1951.jpg,W,val
data/raw/asl_alphabet_train/W/W1798.jpg,W,val
data/raw/asl_alphabet_train/W/W1168.jpg,W,val
data/raw/asl_alphabet_train/W/W2168.jpg,W,val
data/raw/asl_alphabet_train/W/W1683.jpg,W,val
data/raw/asl_alphabet_train/W/W1906.jpg,W,val
data/raw/asl_alphabet_train/W/W65.jpg,W,val
data/raw/asl_alphabet_train/W/W963.jpg,W,val
data/raw/asl_alphabet_train/W/W899.jpg,W,val
data/raw/asl_alphabet_train/W/W2953.jpg,W,val
data/raw/asl_alphabet_train/W/W1195.jpg,W,val
data/raw/asl_alphabet_train/W/W2761.jpg,W,val
data/raw/asl_alphabet_train/W/W1614.jpg,W,val
data/raw/asl_alphabet_train/W/W1501.jpg,W,val
data/raw/asl_alphabet_train/W/W763.jpg,W,val
data/raw/asl_alphabet_train/W/W2605.jpg,W,val
data/raw/asl_alphabet_train/W/W1823.jpg,W,val
data/raw/asl_alphabet_train/W/W2313.jpg,W,val
data/raw/asl_alphabet_train/W/W1010.jpg,W,val
data/raw/asl_alphabet_train/W/W617.jpg,W,val
data/raw/asl_alphabet_train/W/W1376.jpg,W,val
data/raw/asl_alphabet_train/W/W1602.jpg,W,val
data/raw/asl_alphabet_train/W/W2456.jpg,W,val
data/raw/asl_alphabet_train/W/W380.jpg,W,val
data/raw/asl_alphabet_train/W/W1087.jpg,W,val
data/raw/asl_alphabet_train/W/W2020.jpg,W,val
data/raw/asl_alphabet_train/W/W716.jpg,W,val
data/raw/asl_alphabet_train/W/W1528.jpg,W,val
data/raw/asl_alphabet_train/W/W2609.jpg,W,val
data/raw/asl_alphabet_train/W/W1249.jpg,W,val
data/raw/asl_alphabet_train/W/W1292.jpg,W,val
data/raw/asl_alphabet_train/W/W2379.jpg,W,val
data/raw/asl_alphabet_train/W/W1563.jpg,W,val
data/raw/asl_alphabet_train/W/W2879.jpg,W,val
data/raw/asl_alphabet_train/W/W1511.jpg,W,val
data/raw/asl_alphabet_train/W/W1385.jpg,W,val
data/raw/asl_alphabet_train/W/W366.jpg,W,val
data/raw/asl_alphabet_train/W/W387.jpg,W,val
data/raw/asl_alphabet_train/W/W1520.jpg,W,val
data/raw/asl_alphabet_train/W/W2918.jpg,W,val
data/raw/asl_alphabet_train/W/W140.jpg,W,val
data/raw/asl_alphabet_train/W/W2970.jpg,W,val
data/raw/asl_alphabet_train/W/W2493.jpg,W,val
data/raw/asl_alphabet_train/W/W1325.jpg,W,val
data/raw/asl_alphabet_train/W/W373.jpg,W,val
data/raw/asl_alphabet_train/W/W1059.jpg,W,val
data/raw/asl_alphabet_train/W/W767.jpg,W,val
data/raw/asl_alphabet_train/W/W1135.jpg,W,val
data/raw/asl_alphabet_train/W/W204.jpg,W,val
data/raw/asl_alphabet_train/W/W172.jpg,W,val
data/raw/asl_alphabet_train/W/W2262.jpg,W,val
data/raw/asl_alphabet_train/W/W75.jpg,W,val
data/raw/asl_alphabet_train/W/W1787.jpg,W,val
data/raw/asl_alphabet_train/W/W306.jpg,W,val
data/raw/asl_alphabet_train/W/W671.jpg,W,val
data/raw/asl_alphabet_train/W/W2618.jpg,W,val
data/raw/asl_alphabet_train/W/W586.jpg,W,val
data/raw/asl_alphabet_train/W/W1770.jpg,W,val
data/raw/asl_alphabet_train/W/W534.jpg,W,val
data/raw/asl_alphabet_train/W/W2666.jpg,W,val
data/raw/asl_alphabet_train/W/W960.jpg,W,val
data/raw/asl_alphabet_train/W/W2993.jpg,W,val
data/raw/asl_alphabet_train/W/W402.jpg,W,val
data/raw/asl_alphabet_train/W/W383.jpg,W,val
data/raw/asl_alphabet_train/W/W2389.jpg,W,val
data/raw/asl_alphabet_train/W/W2243.jpg,W,val
data/raw/asl_alphabet_train/W/W795.jpg,W,val
data/raw/asl_alphabet_train/W/W435.jpg,W,val
data/raw/asl_alphabet_train/W/W331.jpg,W,val
data/raw/asl_alphabet_train/W/W2751.jpg,W,val
data/raw/asl_alphabet_train/W/W2520.jpg,W,val
data/raw/asl_alphabet_train/W/W2541.jpg,W,val
data/raw/asl_alphabet_train/W/W2963.jpg,W,val
data/raw/asl_alphabet_train/W/W2929.jpg,W,val
data/raw/asl_alphabet_train/W/W1488.jpg,W,val
data/raw/asl_alphabet_train/W/W2777.jpg,W,val
data/raw/asl_alphabet_train/W/W1731.jpg,W,val
data/raw/asl_alphabet_train/W/W2095.jpg,W,val
data/raw/asl_alphabet_train/W/W936.jpg,W,val
data/raw/asl_alphabet_train/W/W1668.jpg,W,test
data/raw/asl_alphabet_train/W/W1244.jpg,W,test
data/raw/asl_alphabet_train/W/W2224.jpg,W,test
data/raw/asl_alphabet_train/W/W853.jpg,W,test
data/raw/asl_alphabet_train/W/W1630.jpg,W,test
data/raw/asl_alphabet_train/W/W1489.jpg,W,test
data/raw/asl_alphabet_train/W/W2684.jpg,W,test
data/raw/asl_alphabet_train/W/W1481.jpg,W,test
data/raw/asl_alphabet_train/W/W1781.jpg,W,test
data/raw/asl_alphabet_train/W/W1789.jpg,W,test
data/raw/asl_alphabet_train/W/W2911.jpg,W,test
data/raw/asl_alphabet_train/W/W2500.jpg,W,test
data/raw/asl_alphabet_train/W/W674.jpg,W,test
data/raw/asl_alphabet_train/W/W1853.jpg,W,test
data/raw/asl_alphabet_train/W/W2401.jpg,W,test
data/raw/asl_alphabet_train/W/W2422.jpg,W,test
data/raw/asl_alphabet_train/W/W1943.jpg,W,test
data/raw/asl_alphabet_train/W/W2107.jpg,W,test
data/raw/asl_alphabet_train/W/W494.jpg,W,test
data/raw/asl_alphabet_train/W/W657.jpg,W,test
data/raw/asl_alphabet_train/W/W1923.jpg,W,test
data/raw/asl_alphabet_train/W/W2964.jpg,W,test
data/raw/asl_alphabet_train/W/W1586.jpg,W,test
data/raw/asl_alphabet_train/W/W2819.jpg,W,test
data/raw/asl_alphabet_train/W/W855.jpg,W,test
data/raw/asl_alphabet_train/W/W521.jpg,W,test
data/raw/asl_alphabet_train/W/W2772.jpg,W,test
data/raw/asl_alphabet_train/W/W2927.jpg,W,test
data/raw/asl_alphabet_train/W/W527.jpg,W,test
data/raw/asl_alphabet_train/W/W1783.jpg,W,test
data/raw/asl_alphabet_train/W/W959.jpg,W,test
data/raw/asl_alphabet_train/W/W1060.jpg,W,test
data/raw/asl_alphabet_train/W/W259.jpg,W,test
data/raw/asl_alphabet_train/W/W1625.jpg,W,test
data/raw/asl_alphabet_train/W/W340.jpg,W,test
data/raw/asl_alphabet_train/W/W2330.jpg,W,test
data/raw/asl_alphabet_train/W/W1596.jpg,W,test
data/raw/asl_alphabet_train/W/W1338.jpg,W,test
data/raw/asl_alphabet_train/W/W2804.jpg,W,test
data/raw/asl_alphabet_train/W/W1838.jpg,W,test
data/raw/asl_alphabet_train/W/W1090.jpg,W,test
data/raw/asl_alphabet_train/W/W1657.jpg,W,test
data/raw/asl_alphabet_train/W/W240.jpg,W,test
data/raw/asl_alphabet_train/W/W185.jpg,W,test
data/raw/asl_alphabet_train/W/W254.jpg,W,test
data/raw/asl_alphabet_train/W/W1053.jpg,W,test
data/raw/asl_alphabet_train/W/W2452.jpg,W,test
data/raw/asl_alphabet_train/W/W832.jpg,W,test
data/raw/asl_alphabet_train/W/W95.jpg,W,test
data/raw/asl_alphabet_train/W/W2477.jpg,W,test
data/raw/asl_alphabet_train/W/W1366.jpg,W,test
data/raw/asl_alphabet_train/W/W126.jpg,W,test
data/raw/asl_alphabet_train/W/W2697.jpg,W,test
data/raw/asl_alphabet_train/W/W2514.jpg,W,test
data/raw/asl_alphabet_train/W/W983.jpg,W,test
data/raw/asl_alphabet_train/W/W912.jpg,W,test
data/raw/asl_alphabet_train/W/W1102.jpg,W,test
data/raw/asl_alphabet_train/W/W448.jpg,W,test
data/raw/asl_alphabet_train/W/W653.jpg,W,test
data/raw/asl_alphabet_train/W/W1622.jpg,W,test
data/raw/asl_alphabet_train/W/W643.jpg,W,test
data/raw/asl_alphabet_train/W/W1479.jpg,W,test
data/raw/asl_alphabet_train/W/W1933.jpg,W,test
data/raw/asl_alphabet_train/W/W1809.jpg,W,test
data/raw/asl_alphabet_train/W/W106.jpg,W,test
data/raw/asl_alphabet_train/W/W2123.jpg,W,test
data/raw/asl_alphabet_train/W/W1736.jpg,W,test
data/raw/asl_alphabet_train/W/W2400.jpg,W,test
data/raw/asl_alphabet_train/W/W2838.jpg,W,test
data/raw/asl_alphabet_train/W/W977.jpg,W,test
data/raw/asl_alphabet_train/W/W1361.jpg,W,test
data/raw/asl_alphabet_train/W/W291.jpg,W,test
data/raw/asl_alphabet_train/W/W1496.jpg,W,test
data/raw/asl_alphabet_train/W/W2533.jpg,W,test
data/raw/asl_alphabet_train/W/W1978.jpg,W,test
data/raw/asl_alphabet_train/W/W2681.jpg,W,test
data/raw/asl_alphabet_train/W/W2464.jpg,W,test
data/raw/asl_alphabet_train/W/W2048.jpg,W,test
data/raw/asl_alphabet_train/W/W593.jpg,W,test
data/raw/asl_alphabet_train/W/W532.jpg,W,test
data/raw/asl_alphabet_train/W/W569.jpg,W,test
data/raw/asl_alphabet_train/W/W2829.jpg,W,test
data/raw/asl_alphabet_train/W/W1871.jpg,W,test
data/raw/asl_alphabet_train/W/W2406.jpg,W,test
data/raw/asl_alphabet_train/W/W2981.jpg,W,test
data/raw/asl_alphabet_train/W/W2006.jpg,W,test
data/raw/asl_alphabet_train/W/W2388.jpg,W,test
data/raw/asl_alphabet_train/W/W1386.jpg,W,test
data/raw/asl_alphabet_train/W/W799.jpg,W,test
data/raw/asl_alphabet_train/W/W1482.jpg,W,test
data/raw/asl_alphabet_train/X/X1869.jpg,X,train
data/raw/asl_alphabet_train/X/X1193.jpg,X,train
data/raw/asl_alphabet_train/X/X1035.jpg,X,train
data/raw/asl_alphabet_train/X/X2889.jpg,X,train
data/raw/asl_alphabet_train/X/X657.jpg,X,train
data/raw/asl_alphabet_train/X/X1104.jpg,X,train
data/raw/asl_alphabet_train/X/X680.jpg,X,train
data/raw/asl_alphabet_train/X/X2868.jpg,X,train
data/raw/asl_alphabet_train/X/X1334.jpg,X,train
data/raw/asl_alphabet_train/X/X2549.jpg,X,train
data/raw/asl_alphabet_train/X/X933.jpg,X,train
data/raw/asl_alphabet_train/X/X2313.jpg,X,train
data/raw/asl_alphabet_train/X/X2848.jpg,X,train
data/raw/asl_alphabet_train/X/X2624.jpg,X,train
data/raw/asl_alphabet_train/X/X2052.jpg,X,train
data/raw/asl_alphabet_train/X/X362.jpg,X,train
data/raw/asl_alphabet_train/X/X256.jpg,X,train
data/raw/asl_alphabet_train/X/X1742.jpg,X,train
data/raw/asl_alphabet_train/X/X1323.jpg,X,train
data/raw/asl_alphabet_train/X/X535.jpg,X,train
data/raw/asl_alphabet_train/X/X1686.jpg,X,train
data/raw/asl_alphabet_train/X/X1195.jpg,X,train
data/raw/asl_alphabet_train/X/X795.jpg,X,train
data/raw/asl_alphabet_train/X/X165.jpg,X,train
data/raw/asl_alphabet_train/X/X171.jpg,X,train
data/raw/asl_alphabet_train/X/X2605.jpg,X,train
data/raw/asl_alphabet_train/X/X2142.jpg,X,train
data/raw/asl_alphabet_train/X/X969.jpg,X,train
data/raw/asl_alphabet_train/X/X2716.jpg,X,train
data/raw/asl_alphabet_train/X/X1871.jpg,X,train
data/raw/asl_alphabet_train/X/X1212.jpg,X,train
data/raw/asl_alphabet_train/X/X608.jpg,X,train
data/raw/asl_alphabet_train/X/X1934.jpg,X,train
data/raw/asl_alphabet_train/X/X2168.jpg,X,train
data/raw/asl_alphabet_train/X/X236.jpg,X,train
data/raw/asl_alphabet_train/X/X1885.jpg,X,train
data/raw/asl_alphabet_train/X/X2872.jpg,X,train
data/raw/asl_alphabet_train/X/X2361.jpg,X,train
data/raw/asl_alphabet_train/X/X2892.jpg,X,train
data/raw/asl_alphabet_train/X/X53.jpg,X,train
data/raw/asl_alphabet_train/X/X2969.jpg,X,train
data/raw/asl_alphabet_train/X/X1652.jpg,X,train
data/raw/asl_alphabet_train/X/X1176.jpg,X,train
data/raw/asl_alphabet_train/X/X732.jpg,X,train
data/raw/asl_alphabet_train/X/X1397.jpg,X,train
data/raw/asl_alphabet_train/X/X2097.jpg,X,train
data/raw/asl_alphabet_train/X/X2987.jpg,X,train
data/raw/asl_alphabet_train/X/X1003.jpg,X,train
data/raw/asl_alphabet_train/X/X879.jpg,X,train
data/raw/asl_alphabet_train/X/X15.jpg,X,train
data/raw/asl_alphabet_train/X/X1925.jpg,X,train
data/raw/asl_alphabet_train/X/X1842.jpg,X,train
data/raw/asl_alphabet_train/X/X1462.jpg,X,train
data/raw/asl_alphabet_train/X/X1659.jpg,X,train
data/raw/asl_alphabet_train/X/X2980.jpg,X,train
data/raw/asl_alphabet_train/X/X2625.jpg,X,train
data/raw/asl_alphabet_train/X/X1277.jpg,X,train
data/raw/asl_alphabet_train/X/X89.jpg,X,train
data/raw/asl_alphabet_train/X/X38.jpg,X,train
data/raw/asl_alphabet_train/X/X1722.jpg,X,train
data/raw/asl_alphabet_train/X/X352.jpg,X,train
data/raw/asl_alphabet_train/X/X1617.jpg,X,train
data/raw/asl_alphabet_train/X/X2973.jpg,X,train
data/raw/asl_alphabet_train/X/X57.jpg,X,train
data/raw/asl_alphabet_train/X/X2228.jpg,X,train
data/raw/asl_alphabet_train/X/X1353.jpg,X,train
data/raw/asl_alphabet_train/X/X872.jpg,X,train
data/raw/asl_alphabet_train/X/X2633.jpg,X,train
data/raw/asl_alphabet_train/X/X964.jpg,X,train
data/raw/asl_alphabet_train/X/X1987.jpg,X,train
data/raw/asl_alphabet_train/X/X2882.jpg,X,train
data/raw/asl_alphabet_train/X/X539.jpg,X,train
data/raw/asl_alphabet_train/X/X646.jpg,X,train
data/raw/asl_alphabet_train/X/X1135.jpg,X,train
data/raw/asl_alphabet_train/X/X1710.jpg,X,train
data/raw/asl_alphabet_train/X/X559.jpg,X,train
data/raw/asl_alphabet_train/X/X103.jpg,X,train
data/raw/asl_alphabet_train/X/X696.jpg,X,train
data/raw/asl_alphabet_train/X/X1948.jpg,X,train
data/raw/asl_alphabet_train/X/X1438.jpg,X,train
data/raw/asl_alphabet_train/X/X917.jpg,X,train
data/raw/asl_alphabet_train/X/X1732.jpg,X,train
data/raw/asl_alphabet_train/X/X2298.jpg,X,train
data/raw/asl_alphabet_train/X/X373.jpg,X,train
data/raw/asl_alphabet_train/X/X1562.jpg,X,train
data/raw/asl_alphabet_train/X/X2082.jpg,X,train
data/raw/asl_alphabet_train/X/X394.jpg,X,train
data/raw/asl_alphabet_train/X/X1768.jpg,X,train
data/raw/asl_alphabet_train/X/X2426.jpg,X,train
data/raw/asl_alphabet_train/X/X1517.jpg,X,train
data/raw/asl_alphabet_train/X/X448.jpg,X,train
data/raw/asl_alphabet_train/X/X2374.jpg,X,train
data/raw/asl_alphabet_train/X/X434.jpg,X,train
data/raw/asl_alphabet_train/X/X777.jpg,X,train
data/raw/asl_alphabet_train/X/X2639.jpg,X,train
data/raw/asl_alphabet_train/X/X1483.jpg,X,train
data/raw/asl_alphabet_train/X/X669.jpg,X,train
data/raw/asl_alphabet_train/X/X2491.jpg,X,train
data/raw/asl_alphabet_train/X/X1912.jpg,X,train
data/raw/asl_alphabet_train/X/X1537.jpg,X,train
data/raw/asl_alphabet_train/X/X2967.jpg,X,train
data/raw/asl_alphabet_train/X/X2806.jpg,X,train
data/raw/asl_alphabet_train/X/X1319.jpg,X,train
data/raw/asl_alphabet_train/X/X2499.jpg,X,train
data/raw/asl_alphabet_train/X/X681.jpg,X,train
data/raw/asl_alphabet_train/X/X2764.jpg,X,train
data/raw/asl_alphabet_train/X/X2201.jpg,X,train
data/raw/asl_alphabet_train/X/X1829.jpg,X,train
data/raw/asl_alphabet_train/X/X1756.jpg,X,train
data/raw/asl_alphabet_train/X/X2274.jpg,X,train
data/raw/asl_alphabet_train/X/X1847.jpg,X,train
data/raw/asl_alphabet_train/X/X2175.jpg,X,train
data/raw/asl_alphabet_train/X/X1447.jpg,X,train
data/raw/asl_alphabet_train/X/X1613.jpg,X,train
data/raw/asl_alphabet_train/X/X2832.jpg,X,train
data/raw/asl_alphabet_train/X/X489.jpg,X,train
data/raw/asl_alphabet_train/X/X2386.jpg,X,train
data/raw/asl_alphabet_train/X/X2802.jpg,X,train
data/raw/asl_alphabet_train/X/X2841.jpg,X,train
data/raw/asl_alphabet_train/X/X485.jpg,X,train
data/raw/asl_alphabet_train/X/X1395.jpg,X,train
data/raw/asl_alphabet_train/X/X1341.jpg,X,train
data/raw/asl_alphabet_train/X/X2740.jpg,X,train
data/raw/asl_alphabet_train/X/X1238.jpg,X,train
data/raw/asl_alphabet_train/X/X986.jpg,X,train
data/raw/asl_alphabet_train/X/X2874.jpg,X,train
data/raw/asl_alphabet_train/X/X815.jpg,X,train
data/raw/asl_alphabet_train/X/X694.jpg,X,train
data/raw/asl_alphabet_train/X/X2327.jpg,X,train
data/raw/asl_alphabet_train/X/X117.jpg,X,train
data/raw/asl_alphabet_train/X/X2143.jpg,X,train
data/raw/asl_alphabet_train/X/X2673.jpg,X,train
data/raw/asl_alphabet_train/X/X2696.jpg,X,train
data/raw/asl_alphabet_train/X/X2727.jpg,X,train
data/raw/asl_alphabet_train/X/X864.jpg,X,train
data/raw/asl_alphabet_train/X/X299.jpg,X,train
data/raw/asl_alphabet_train/X/X2563.jpg,X,train
data/raw/asl_alphabet_train/X/X1200.jpg,X,train
data/raw/asl_alphabet_train/X/X953.jpg,X,train
data/raw/asl_alphabet_train/X/X1118.jpg,X,train
data/raw/asl_alphabet_train/X/X1185.jpg,X,train
data/raw/asl_alphabet_train/X/X735.jpg,X,train
data/raw/asl_alphabet_train/X/X1822.jpg,X,train
data/raw/asl_alphabet_train/X/X1751.jpg,X,train
data/raw/asl_alphabet_train/X/X1133.jpg,X,train
data/raw/asl_alphabet_train/X/X1199.jpg,X,train
data/raw/asl_alphabet_train/X/X1828.jpg,X,train
data/raw/asl_alphabet_train/X/X2808.jpg,X,train
data/raw/asl_alphabet_train/X/X1900.jpg,X,train
data/raw/asl_alphabet_train/X/X787.jpg,X,train
data/raw/asl_alphabet_train/X/X2145.jpg,X,train
data/raw/asl_alphabet_train/X/X967.jpg,X,train
data/raw/asl_alphabet_train/X/X2674.jpg,X,train
data/raw/asl_alphabet_train/X/X1694.jpg,X,train
data/raw/asl_alphabet_train/X/X2046.jpg,X,train
data/raw/asl_alphabet_train/X/X960.jpg,X,train
data/raw/asl_alphabet_train/X/X1241.jpg,X,train
data/raw/asl_alphabet_train/X/X1051.jpg,X,train
data/raw/asl_alphabet_train/X/X216.jpg,X,train
data/raw/asl_alphabet_train/X/X1921.jpg,X,train
data/raw/asl_alphabet_train/X/X1174.jpg,X,train
data/raw/asl_alphabet_train/X/X1418.jpg,X,train
data/raw/asl_alphabet_train/X/X972.jpg,X,train
data/raw/asl_alphabet_train/X/X73.jpg,X,train
data/raw/asl_alphabet_train/X/X36.jpg,X,train
data/raw/asl_alphabet_train/X/X2513.jpg,X,train
data/raw/asl_alphabet_train/X/X2828.jpg,X,train
data/raw/asl_alphabet_train/X/X1633.jpg,X,train
data/raw/asl_alphabet_train/X/X286.jpg,X,train
data/raw/asl_alphabet_train/X/X2114.jpg,X,train
data/raw/asl_alphabet_train/X/X2860.jpg,X,train
data/raw/asl_alphabet_train/X/X1538.jpg,X,train
data/raw/asl_alphabet_train/X/X1364.jpg,X,train
data/raw/asl_alphabet_train/X/X1535.jpg,X,train
data/raw/asl_alphabet_train/X/X2695.jpg,X,train
data/raw/asl_alphabet_train/X/X180.jpg,X,train
data/raw/asl_alphabet_train/X/X84.jpg,X,train
data/raw/asl_alphabet_train/X/X1453.jpg,X,train
data/raw/asl_alphabet_train/X/X1226.jpg,X,train
data/raw/asl_alphabet_train/X/X2901.jpg,X,train
data/raw/asl_alphabet_train/X/X2297.jpg,X,train
data/raw/asl_alphabet_train/X/X2473.jpg,X,train
data/raw/asl_alphabet_train/X/X1006.jpg,X,train
data/raw/asl_alphabet_train/X/X888.jpg,X,train
data/raw/asl_alphabet_train/X/X2921.jpg,X,train
data/raw/asl_alphabet_train/X/X403.jpg,X,train
data/raw/asl_alphabet_train/X/X663.jpg,X,train
data/raw/asl_alphabet_train/X/X2125.jpg,X,train
data/raw/asl_alphabet_train/X/X1071.jpg,X,train
data/raw/asl_alphabet_train/X/X21.jpg,X,train
data/raw/asl_alphabet_train/X/X1860.jpg,X,train
data/raw/asl_alphabet_train/X/X2293.jpg,X,train
data/raw/asl_alphabet_train/X/X1431.jpg,X,train
data/raw/asl_alphabet_train/X/X308.jpg,X,train
data/raw/asl_alphabet_train/X/X2946.jpg,X,train
data/raw/asl_alphabet_train/X/X1590.jpg,X,train
data/raw/asl_alphabet_train/X/X2523.jpg,X,train
data/raw/asl_alphabet_train/X/X759.jpg,X,train
data/raw/asl_alphabet_train/X/X2560.jpg,X,train
data/raw/asl_alphabet_train/X/X1872.jpg,X,train
data/raw/asl_alphabet_train/X/X523.jpg,X,train
data/raw/asl_alphabet_train/X/X382.jpg,X,train
data/raw/asl_alphabet_train/X/X1059.jpg,X,train
data/raw/asl_alphabet_train/X/X175.jpg,X,train
data/raw/asl_alphabet_train/X/X741.jpg,X,train
data/raw/asl_alphabet_train/X/X486.jpg,X,train
data/raw/asl_alphabet_train/X/X1773.jpg,X,train
data/raw/asl_alphabet_train/X/X2377.jpg,X,train
data/raw/asl_alphabet_train/X/X971.jpg,X,train
data/raw/asl_alphabet_train/X/X873.jpg,X,train
data/raw/asl_alphabet_train/X/X1944.jpg,X,train
data/raw/asl_alphabet_train/X/X2370.jpg,X,train
data/raw/asl_alphabet_train/X/X606.jpg,X,train
data/raw/asl_alphabet_train/X/X2809.jpg,X,train
data/raw/asl_alphabet_train/X/X281.jpg,X,train
data/raw/asl_alphabet_train/X/X1136.jpg,X,train
data/raw/asl_alphabet_train/X/X482.jpg,X,train
data/raw/asl_alphabet_train/X/X1850.jpg,X,train
data/raw/asl_alphabet_train/X/X29.jpg,X,train
data/raw/asl_alphabet_train/X/X1070.jpg,X,train
data/raw/asl_alphabet_train/X/X2752.jpg,X,train
data/raw/asl_alphabet_train/X/X1324.jpg,X,train
data/raw/asl_alphabet_train/X/X2257.jpg,X,train
data/raw/asl_alphabet_train/X/X2045.jpg,X,train
data/raw/asl_alphabet_train/X/X1994.jpg,X,train
data/raw/asl_alphabet_train/X/X512.jpg,X,train
data/raw/asl_alphabet_train/X/X258.jpg,X,train
data/raw/asl_alphabet_train/X/X2057.jpg,X,train
data/raw/asl_alphabet_train/X/X1993.jpg,X,train
data/raw/asl_alphabet_train/X/X2233.jpg,X,train
data/raw/asl_alphabet_train/X/X1717.jpg,X,train
data/raw/asl_alphabet_train/X/X105.jpg,X,train
data/raw/asl_alphabet_train/X/X897.jpg,X,train
data/raw/asl_alphabet_train/X/X697.jpg,X,train
data/raw/asl_alphabet_train/X/X838.jpg,X,train
data/raw/asl_alphabet_train/X/X1554.jpg,X,train
data/raw/asl_alphabet_train/X/X499.jpg,X,train
data/raw/asl_alphabet_train/X/X1602.jpg,X,train
data/raw/asl_alphabet_train/X/X2219.jpg,X,train
data/raw/asl_alphabet_train/X/X243.jpg,X,train
data/raw/asl_alphabet_train/X/X2528.jpg,X,train
data/raw/asl_alphabet_train/X/X2019.jpg,X,train
data/raw/asl_alphabet_train/X/X2167.jpg,X,train
data/raw/asl_alphabet_train/X/X1355.jpg,X,train
data/raw/asl_alphabet_train/X/X1037.jpg,X,train
data/raw/asl_alphabet_train/X/X2281.jpg,X,train
data/raw/asl_alphabet_train/X/X2439.jpg,X,train
data/raw/asl_alphabet_train/X/X839.jpg,X,train
data/raw/asl_alphabet_train/X/X2349.jpg,X,train
data/raw/asl_alphabet_train/X/X428.jpg,X,train
data/raw/asl_alphabet_train/X/X86.jpg,X,train
data/raw/asl_alphabet_train/X/X2953.jpg,X,train
data/raw/asl_alphabet_train/X/X2618.jpg,X,train
data/raw/asl_alphabet_train/X/X1127.jpg,X,train
data/raw/asl_alphabet_train/X/X2679.jpg,X,train
data/raw/asl_alphabet_train/X/X1720.jpg,X,train
data/raw/asl_alphabet_train/X/X338.jpg,X,train
data/raw/asl_alphabet_train/X/X1672.jpg,X,train
data/raw/asl_alphabet_train/X/X2879.jpg,X,train
data/raw/asl_alphabet_train/X/X2947.jpg,X,train
data/raw/asl_alphabet_train/X/X183.jpg,X,train
data/raw/asl_alphabet_train/X/X2815.jpg,X,train
data/raw/asl_alphabet_train/X/X98.jpg,X,train
data/raw/asl_alphabet_train/X/X1573.jpg,X,train
data/raw/asl_alphabet_train/X/X1299.jpg,X,train
data/raw/asl_alphabet_train/X/X710.jpg,X,train
data/raw/asl_alphabet_train/X/X513.jpg,X,train
data/raw/asl_alphabet_train/X/X2888.jpg,X,train
data/raw/asl_alphabet_train/X/X1748.jpg,X,train
data/raw/asl_alphabet_train/X/X1603.jpg,X,train
data/raw/asl_alphabet_train/X/X1575.jpg,X,train
data/raw/asl_alphabet_train/X/X2445.jpg,X,train
data/raw/asl_alphabet_train/X/X1593.jpg,X,train
data/raw/asl_alphabet_train/X/X1715.jpg,X,train
data/raw/asl_alphabet_train/X/X578.jpg,X,train
data/raw/asl_alphabet_train/X/X1332.jpg,X,train
data/raw/asl_alphabet_train/X/X1880.jpg,X,train
data/raw/asl_alphabet_train/X/X2336.jpg,X,train
data/raw/asl_alphabet_train/X/X108.jpg,X,train
data/raw/asl_alphabet_train/X/X2511.jpg,X,train
data/raw/asl_alphabet_train/X/X1020.jpg,X,train
data/raw/asl_alphabet_train/X/X1627.jpg,X,train
data/raw/asl_alphabet_train/X/X2562.jpg,X,train
data/raw/asl_alphabet_train/X/X544.jpg,X,train
data/raw/asl_alphabet_train/X/X1614.jpg,X,train
data/raw/asl_alphabet_train/X/X2751.jpg,X,train
data/raw/asl_alphabet_train/X/X463.jpg,X,train
data/raw/asl_alphabet_train/X/X639.jpg,X,train
data/raw/asl_alphabet_train/X/X919.jpg,X,train
data/raw/asl_alphabet_train/X/X2288.jpg,X,train
data/raw/asl_alphabet_train/X/X2602.jpg,X,train
data/raw/asl_alphabet_train/X/X2689.jpg,X,train
data/raw/asl_alphabet_train/X/X2755.jpg,X,train
data/raw/asl_alphabet_train/X/X91.jpg,X,train
data/raw/asl_alphabet_train/X/X2965.jpg,X,train
data/raw/asl_alphabet_train/X/X1709.jpg,X,train
data/raw/asl_alphabet_train/X/X1572.jpg,X,train
data/raw/asl_alphabet_train/X/X2275.jpg,X,train
data/raw/asl_alphabet_train/X/X1015.jpg,X,train
data/raw/asl_alphabet_train/X/X1231.jpg,X,train
data/raw/asl_alphabet_train/X/X2227.jpg,X,train
data/raw/asl_alphabet_train/X/X821.jpg,X,train
data/raw/asl_alphabet_train/X/X195.jpg,X,train
data/raw/asl_alphabet_train/X/X781.jpg,X,train
data/raw/asl_alphabet_train/X/X1368.jpg,X,train
data/raw/asl_alphabet_train/X/X2432.jpg,X,train
data/raw/asl_alphabet_train/X/X2650.jpg,X,train
data/raw/asl_alphabet_train/X/X1548.jpg,X,train
data/raw/asl_alphabet_train/X/X1568.jpg,X,train
data/raw/asl_alphabet_train/X/X775.jpg,X,train
data/raw/asl_alphabet_train/X/X2085.jpg,X,train
data/raw/asl_alphabet_train/X/X54.jpg,X,train
data/raw/asl_alphabet_train/X/X2014.jpg,X,train
data/raw/asl_alphabet_train/X/X750.jpg,X,train
data/raw/asl_alphabet_train/X/X2912.jpg,X,train
data/raw/asl_alphabet_train/X/X1172.jpg,X,train
data/raw/asl_alphabet_train/X/X474.jpg,X,train
data/raw/asl_alphabet_train/X/X989.jpg,X,train
data/raw/asl_alphabet_train/X/X2307.jpg,X,train
data/raw/asl_alphabet_train/X/X2471.jpg,X,train
data/raw/asl_alphabet_train/X/X2998.jpg,X,train
data/raw/asl_alphabet_train/X/X628.jpg,X,train
data/raw/asl_alphabet_train/X/X2452.jpg,X,train
data/raw/asl_alphabet_train/X/X886.jpg,X,train
data/raw/asl_alphabet_train/X/X1534.jpg,X,train
data/raw/asl_alphabet_train/X/X415.jpg,X,train
data/raw/asl_alphabet_train/X/X635.jpg,X,train
data/raw/asl_alphabet_train/X/X901.jpg,X,train
data/raw/asl_alphabet_train/X/X1612.jpg,X,train
data/raw/asl_alphabet_train/X/X866.jpg,X,train
data/raw/asl_alphabet_train/X/X1550.jpg,X,train
data/raw/asl_alphabet_train/X/X582.jpg,X,train
data/raw/asl_alphabet_train/X/X426.jpg,X,train
data/raw/asl_alphabet_train/X/X660.jpg,X,train
data/raw/asl_alphabet_train/X/X1329.jpg,X,train
data/raw/asl_alphabet_train/X/X1402.jpg,X,train
data/raw/asl_alphabet_train/X/X2229.jpg,X,train
data/raw/asl_alphabet_train/X/X746.jpg,X,train
data/raw/asl_alphabet_train/X/X234.jpg,X,train
data/raw/asl_alphabet_train/X/X2387.jpg,X,train
data/raw/asl_alphabet_train/X/X2903.jpg,X,train
data/raw/asl_alphabet_train/X/X1398.jpg,X,train
data/raw/asl_alphabet_train/X/X865.jpg,X,train
data/raw/asl_alphabet_train/X/X2273.jpg,X,train
data/raw/asl_alphabet_train/X/X1254.jpg,X,train
data/raw/asl_alphabet_train/X/X1528.jpg,X,train
data/raw/asl_alphabet_train/X/X2897.jpg,X,train
data/raw/asl_alphabet_train/X/X547.jpg,X,train
data/raw/asl_alphabet_train/X/X1125.jpg,X,train
data/raw/asl_alphabet_train/X/X2923.jpg,X,train
data/raw/asl_alphabet_train/X/X2063.jpg,X,train
data/raw/asl_alphabet_train/X/X1920.jpg,X,train
data/raw/asl_alphabet_train/X/X837.jpg,X,train
data/raw/asl_alphabet_train/X/X988.jpg,X,train
data/raw/asl_alphabet_train/X/X2059.jpg,X,train
data/raw/asl_alphabet_train/X/X849.jpg,X,train
data/raw/asl_alphabet_train/X/X2567.jpg,X,train
data/raw/asl_alphabet_train/X/X1866.jpg,X,train
data/raw/asl_alphabet_train/X/X13.jpg,X,train
data/raw/asl_alphabet_train/X/X2636.jpg,X,train
data/raw/asl_alphabet_train/X/X1005.jpg,X,train
data/raw/asl_alphabet_train/X/X726.jpg,X,train
data/raw/asl_alphabet_train/X/X2021.jpg,X,train
data/raw/asl_alphabet_train/X/X1218.jpg,X,train
data/raw/asl_alphabet_train/X/X521.jpg,X,train
data/raw/asl_alphabet_train/X/X2996.jpg,X,train
data/raw/asl_alphabet_train/X/X2128.jpg,X,train
data/raw/asl_alphabet_train/X/X1891.jpg,X,train
data/raw/asl_alphabet_train/X/X2329.jpg,X,train
data/raw/asl_alphabet_train/X/X451.jpg,X,train
data/raw/asl_alphabet_train/X/X1584.jpg,X,train
data/raw/asl_alphabet_train/X/X1333.jpg,X,train
data/raw/asl_alphabet_train/X/X1557.jpg,X,train
data/raw/asl_alphabet_train/X/X44.jpg,X,train
data/raw/asl_alphabet_train/X/X1883.jpg,X,train
data/raw/asl_alphabet_train/X/X731.jpg,X,train
data/raw/asl_alphabet_train/X/X187.jpg,X,train
data/raw/asl_alphabet_train/X/X728.jpg,X,train
data/raw/asl_alphabet_train/X/X294.jpg,X,train
data/raw/asl_alphabet_train/X/X1335.jpg,X,train
data/raw/asl_alphabet_train/X/X1078.jpg,X,train
data/raw/asl_alphabet_train/X/X2183.jpg,X,train
data/raw/asl_alphabet_train/X/X2126.jpg,X,train
data/raw/asl_alphabet_train/X/X307.jpg,X,train
data/raw/asl_alphabet_train/X/X1559.jpg,X,train
data/raw/asl_alphabet_train/X/X1340.jpg,X,train
data/raw/asl_alphabet_train/X/X1514.jpg,X,train
data/raw/asl_alphabet_train/X/X1310.jpg,X,train
data/raw/asl_alphabet_train/X/X250.jpg,X,train
data/raw/asl_alphabet_train/X/X2572.jpg,X,train
data/raw/asl_alphabet_train/X/X2412.jpg,X,train
data/raw/asl_alphabet_train/X/X1267.jpg,X,train
data/raw/asl_alphabet_train/X/X1726.jpg,X,train
data/raw/asl_alphabet_train/X/X2197.jpg,X,train
data/raw/asl_alphabet_train/X/X2420.jpg,X,train
data/raw/asl_alphabet_train/X/X1043.jpg,X,train
data/raw/asl_alphabet_train/X/X2749.jpg,X,train
data/raw/asl_alphabet_train/X/X1558.jpg,X,train
data/raw/asl_alphabet_train/X/X1155.jpg,X,train
data/raw/asl_alphabet_train/X/X962.jpg,X,train
data/raw/asl_alphabet_train/X/X2937.jpg,X,train
data/raw/asl_alphabet_train/X/X874.jpg,X,train
data/raw/asl_alphabet_train/X/X322.jpg,X,train
data/raw/asl_alphabet_train/X/X2777.jpg,X,train
data/raw/asl_alphabet_train/X/X2548.jpg,X,train
data/raw/asl_alphabet_train/X/X2481.jpg,X,train
data/raw/asl_alphabet_train/X/X1531.jpg,X,train
data/raw/asl_alphabet_train/X/X2394.jpg,X,train
data/raw/asl_alphabet_train/X/X1800.jpg,X,train
data/raw/asl_alphabet_train/X/X438.jpg,X,train
data/raw/asl_alphabet_train/X/X1570.jpg,X,train
data/raw/asl_alphabet_train/X/X529.jpg,X,train
data/raw/asl_alphabet_train/X/X2430.jpg,X,train
data/raw/asl_alphabet_train/X/X24.jpg,X,train
data/raw/asl_alphabet_train/X/X1294.jpg,X,train
data/raw/asl_alphabet_train/X/X2406.jpg,X,train
data/raw/asl_alphabet_train/X/X2231.jpg,X,train
data/raw/asl_alphabet_train/X/X1106.jpg,X,train
data/raw/asl_alphabet_train/X/X32.jpg,X,train
data/raw/asl_alphabet_train/X/X2539.jpg,X,train
data/raw/asl_alphabet_train/X/X2385.jpg,X,val
data/raw/asl_alphabet_train/X/X2116.jpg,X,val
data/raw/asl_alphabet_train/X/X1894.jpg,X,val
data/raw/asl_alphabet_train/X/X2421.jpg,X,val
data/raw/asl_alphabet_train/X/X1729.jpg,X,val
data/raw/asl_alphabet_train/X/X995.jpg,X,val
data/raw/asl_alphabet_train/X/X122.jpg,X,val
data/raw/asl_alphabet_train/X/X2561.jpg,X,val
data/raw/asl_alphabet_train/X/X1338.jpg,X,val
data/raw/asl_alphabet_train/X/X2246.jpg,X,val
data/raw/asl_alphabet_train/X/X1253.jpg,X,val
data/raw/asl_alphabet_train/X/X1408.jpg,X,val
data/raw/asl_alphabet_train/X/X2609.jpg,X,val
data/raw/asl_alphabet_train/X/X461.jpg,X,val
data/raw/asl_alphabet_train/X/X810.jpg,X,val
data/raw/asl_alphabet_train/X/X2873.jpg,X,val
data/raw/asl_alphabet_train/X/X174.jpg,X,val
data/raw/asl_alphabet_train/X/X2337.jpg,X,val
data/raw/asl_alphabet_train/X/X545.jpg,X,val
data/raw/asl_alphabet_train/X/X2653.jpg,X,val
data/raw/asl_alphabet_train/X/X1644.jpg,X,val
data/raw/asl_alphabet_train/X/X1264.jpg,X,val
data/raw/asl_alphabet_train/X/X1757.jpg,X,val
data/raw/asl_alphabet_train/X/X172.jpg,X,val
data/raw/asl_alphabet_train/X/X596.jpg,X,val
data/raw/asl_alphabet_train/X/X2350.jpg,X,val
data/raw/asl_alphabet_train/X/X2408.jpg,X,val
data/raw/asl_alphabet_train/X/X69.jpg,X,val
data/raw/asl_alphabet_train/X/X2195.jpg,X,val
data/raw/asl_alphabet_train/X/X1288.jpg,X,val
data/raw/asl_alphabet_train/X/X842.jpg,X,val
data/raw/asl_alphabet_train/X/X889.jpg,X,val
data/raw/asl_alphabet_train/X/X2587.jpg,X,val
data/raw/asl_alphabet_train/X/X909.jpg,X,val
data/raw/asl_alphabet_train/X/X1540.jpg,X,val
data/raw/asl_alphabet_train/X/X2648.jpg,X,val
data/raw/asl_alphabet_train/X/X2585.jpg,X,val
data/raw/asl_alphabet_train/X/X247.jpg,X,val
data/raw/asl_alphabet_train/X/X1975.jpg,X,val
data/raw/asl_alphabet_train/X/X2535.jpg,X,val
data/raw/asl_alphabet_train/X/X445.jpg,X,val
data/raw/asl_alphabet_train/X/X2613.jpg,X,val
data/raw/asl_alphabet_train/X/X301.jpg,X,val
data/raw/asl_alphabet_train/X/X1893.jpg,X,val
data/raw/asl_alphabet_train/X/X17.jpg,X,val
data/raw/asl_alphabet_train/X/X409.jpg,X,val
data/raw/asl_alphabet_train/X/X724.jpg,X,val
data/raw/asl_alphabet_train/X/X1581.jpg,X,val
data/raw/asl_alphabet_train/X/X157.jpg,X,val
data/raw/asl_alphabet_train/X/X1978.jpg,X,val
data/raw/asl_alphabet_train/X/X505.jpg,X,val
data/raw/asl_alphabet_train/X/X771.jpg,X,val
data/raw/asl_alphabet_train/X/X834.jpg,X,val
data/raw/asl_alphabet_train/X/X2287.jpg,X,val
data/raw/asl_alphabet_train/X/X1532.jpg,X,val
data/raw/asl_alphabet_train/X/X1121.jpg,X,val
data/raw/asl_alphabet_train/X/X2881.jpg,X,val
data/raw/asl_alphabet_train/X/X496.jpg,X,val
data/raw/asl_alphabet_train/X/X2583.jpg,X,val
data/raw/asl_alphabet_train/X/X2300.jpg,X,val
data/raw/asl_alphabet_train/X/X1884.jpg,X,val
data/raw/asl_alphabet_train/X/X259.jpg,X,val
data/raw/asl_alphabet_train/X/X843.jpg,X,val
data/raw/asl_alphabet_train/X/X1366.jpg,X,val
data/raw/asl_alphabet_train/X/X2694.jpg,X,val
data/raw/asl_alphabet_train/X/X328.jpg,X,val
data/raw/asl_alphabet_train/X/X515.jpg,X,val
data/raw/asl_alphabet_train/X/X227.jpg,X,val
data/raw/asl_alphabet_train/X/X1634.jpg,X,val
data/raw/asl_alphabet_train/X/X747.jpg,X,val
data/raw/asl_alphabet_train/X/X2655.jpg,X,val
data/raw/asl_alphabet_train/X/X1296.jpg,X,val
data/raw/asl_alphabet_train/X/X1679.jpg,X,val
data/raw/asl_alphabet_train/X/X1108.jpg,X,val
data/raw/asl_alphabet_train/X/X1487.jpg,X,val
data/raw/asl_alphabet_train/X/X484.jpg,X,val
data/raw/asl_alphabet_train/X/X1270.jpg,X,val
data/raw/asl_alphabet_train/X/X2783.jpg,X,val
data/raw/asl_alphabet_train/X/X1846.jpg,X,val
data/raw/asl_alphabet_train/X/X2344.jpg,X,val
data/raw/asl_alphabet_train/X/X430.jpg,X,val
data/raw/asl_alphabet_train/X/X725.jpg,X,val
data/raw/asl_alphabet_train/X/X1284.jpg,X,val
data/raw/asl_alphabet_train/X/X1832.jpg,X,val
data/raw/asl_alphabet_train/X/X1389.jpg,X,val
data/raw/asl_alphabet_train/X/X588.jpg,X,val
data/raw/asl_alphabet_train/X/X1137.jpg,X,val
data/raw/asl_alphabet_train/X/X796.jpg,X,val
data/raw/asl_alphabet_train/X/X1862.jpg,X,val
data/raw/asl_alphabet_train/X/X349.jpg,X,val
data/raw/asl_alphabet_train/X/X1728.jpg,X,test
data/raw/asl_alphabet_train/X/X1272.jpg,X,test
data/raw/asl_alphabet_train/X/X2460.jpg,X,test
data/raw/asl_alphabet_train/X/X2870.jpg,X,test
data/raw/asl_alphabet_train/X/X2789.jpg,X,test
data/raw/asl_alphabet_train/X/X2476.jpg,X,test
data/raw/asl_alphabet_train/X/X2508.jpg,X,test
data/raw/asl_alphabet_train/X/X1516.jpg,X,test
data/raw/asl_alphabet_train/X/X2712.jpg,X,test
data/raw/asl_alphabet_train/X/X662.jpg,X,test
data/raw/asl_alphabet_train/X/X6.jpg,X,test
data/raw/asl_alphabet_train/X/X1077.jpg,X,test
data/raw/asl_alphabet_train/X/X2074.jpg,X,test
data/raw/asl_alphabet_train/X/X855.jpg,X,test
data/raw/asl_alphabet_train/X/X999.jpg,X,test
data/raw/asl_alphabet_train/X/X1946.jpg,X,test
data/raw/asl_alphabet_train/X/X2314.jpg,X,test
data/raw/asl_alphabet_train/X/X2259.jpg,X,test
data/raw/asl_alphabet_train/X/X1844.jpg,X,test
data/raw/asl_alphabet_train/X/X34.jpg,X,test
data/raw/asl_alphabet_train/X/X1941.jpg,X,test
data/raw/asl_alphabet_train/X/X2916.jpg,X,test
data/raw/asl_alphabet_train/X/X351.jpg,X,test
data/raw/asl_alphabet_train/X/X2269.jpg,X,test
data/raw/asl_alphabet_train/X/X1052.jpg,X,test
data/raw/asl_alphabet_train/X/X2863.jpg,X,test
data/raw/asl_alphabet_train/X/X927.jpg,X,test
data/raw/asl_alphabet_train/X/X773.jpg,X,test
data/raw/asl_alphabet_train/X/X1407.jpg,X,test
data/raw/asl_alphabet_train/X/X2596.jpg,X,test
data/raw/asl_alphabet_train/X/X649.jpg,X,test
data/raw/asl_alphabet_train/X/X1508.jpg,X,test
data/raw/asl_alphabet_train/X/X2280.jpg,X,test
data/raw/asl_alphabet_train/X/X1386.jpg,X,test
data/raw/asl_alphabet_train/X/X1019.jpg,X,test
data/raw/asl_alphabet_train/X/X1268.jpg,X,test
data/raw/asl_alphabet_train/X/X2614.jpg,X,test
data/raw/asl_alphabet_train/X/X579.jpg,X,test
data/raw/asl_alphabet_train/X/X828.jpg,X,test
data/raw/asl_alphabet_train/X/X658.jpg,X,test
data/raw/asl_alphabet_train/X/X1350.jpg,X,test
data/raw/asl_alphabet_train/X/X2033.jpg,X,test
data/raw/asl_alphabet_train/X/X1144.jpg,X,test
data/raw/asl_alphabet_train/X/X2665.jpg,X,test
data/raw/asl_alphabet_train/X/X475.jpg,X,test
data/raw/asl_alphabet_train/X/X2577.jpg,X,test
data/raw/asl_alphabet_train/X/X321.jpg,X,test
data/raw/asl_alphabet_train/X/X1973.jpg,X,test
data/raw/asl_alphabet_train/X/X723.jpg,X,test
data/raw/asl_alphabet_train/X/X309.jpg,X,test
data/raw/asl_alphabet_train/X/X177.jpg,X,test
data/raw/asl_alphabet_train/X/X2440.jpg,X,test
data/raw/asl_alphabet_train/X/X1278.jpg,X,test
data/raw/asl_alphabet_train/X/X1202.jpg,X,test
data/raw/asl_alphabet_train/X/X2668.jpg,X,test
data/raw/asl_alphabet_train/X/X1072.jpg,X,test
data/raw/asl_alphabet_train/X/X1705.jpg,X,test
data/raw/asl_alphabet_train/X/X1263.jpg,X,test
data/raw/asl_alphabet_train/X/X2909.jpg,X,test
data/raw/asl_alphabet_train/X/X1000.jpg,X,test
data/raw/asl_alphabet_train/X/X2989.jpg,X,test
data/raw/asl_alphabet_train/X/X1738.jpg,X,test
data/raw/asl_alphabet_train/X/X1079.jpg,X,test
data/raw/asl_alphabet_train/X/X2032.jpg,X,test
data/raw/asl_alphabet_train/X/X453.jpg,X,test
data/raw/asl_alphabet_train/X/X1311.jpg,X,test
data/raw/asl_alphabet_train/X/X2779.jpg,X,test
data/raw/asl_alphabet_train/X/X2069.jpg,X,test
data/raw/asl_alphabet_train/X/X1592.jpg,X,test
data/raw/asl_alphabet_train/X/X2880.jpg,X,test
data/raw/asl_alphabet_train/X/X1971.jpg,X,test
data/raw/asl_alphabet_train/X/X1931.jpg,X,test
data/raw/asl_alphabet_train/X/X2189.jpg,X,test
data/raw/asl_alphabet_train/X/X2375.jpg,X,test
data/raw/asl_alphabet_train/X/X132.jpg,X,test
data/raw/asl_alphabet_train/X/X284.jpg,X,test
data/raw/asl_alphabet_train/X/X2611.jpg,X,test
data/raw/asl_alphabet_train/X/X418.jpg,X,test
data/raw/asl_alphabet_train/X/X1370.jpg,X,test
data/raw/asl_alphabet_train/X/X265.jpg,X,test
data/raw/asl_alphabet_train/X/X455.jpg,X,test
data/raw/asl_alphabet_train/X/X1560.jpg,X,test
data/raw/asl_alphabet_train/X/X2400.jpg,X,test
data/raw/asl_alphabet_train/X/X1493.jpg,X,test
data/raw/asl_alphabet_train/X/X264.jpg,X,test
data/raw/asl_alphabet_train/X/X1419.jpg,X,test
data/raw/asl_alphabet_train/X/X1151.jpg,X,test
data/raw/asl_alphabet_train/X/X1914.jpg,X,test
data/raw/asl_alphabet_train/X/X2283.jpg,X,test
data/raw/asl_alphabet_train/X/X1607.jpg,X,test
data/raw/asl_alphabet_train/Y/Y2740.jpg,Y,train
data/raw/asl_alphabet_train/Y/Y1972.jpg,Y,train
data/raw/asl_alphabet_train/Y/Y1648.jpg,Y,train
data/raw/asl_alphabet_train/Y/Y2517.jpg,Y,train
data/raw/asl_alphabet_train/Y/Y749.jpg,Y,train
data/raw/asl_alphabet_train/Y/Y2810.jpg,Y,train
data/raw/asl_alphabet_train/Y/Y253.jpg,Y,train
data/raw/asl_alphabet_train/Y/Y756.jpg,Y,train
data/raw/asl_alphabet_train/Y/Y2087.jpg,Y,train
data/raw/asl_alphabet_train/Y/Y1209.jpg,Y,train
data/raw/asl_alphabet_train/Y/Y411.jpg,Y,train
data/raw/asl_alphabet_train/Y/Y1377.jpg,Y,train
data/raw/asl_alphabet_train/Y/Y1744.jpg,Y,train
data/raw/asl_alphabet_train/Y/Y2293.jpg,Y,train
data/raw/asl_alphabet_train/Y/Y268.jpg,Y,train
data/raw/asl_alphabet_train/Y/Y95.jpg,Y,train
data/raw/asl_alphabet_train/Y/Y924.jpg,Y,train
data/raw/asl_alphabet_train/Y/Y2372.jpg,Y,train
data/raw/asl_alphabet_train/Y/Y2529.jpg,Y,train
data/raw/asl_alphabet_train/Y/Y1879.jpg,Y,train
data/raw/asl_alphabet_train/Y/Y2958.jpg,Y,train
data/raw/asl_alphabet_train/Y/Y167.jpg,Y,train
data/raw/asl_alphabet_train/Y/Y2861.jpg,Y,train
data/raw/asl_alphabet_train/Y/Y1906.jpg,Y,train
data/raw/asl_alphabet_train/Y/Y1472.jpg,Y,train
data/raw/asl_alphabet_train/Y/Y2950.jpg,Y,train
data/raw/asl_alphabet_train/Y/Y2253.jpg,Y,train
data/raw/asl_alphabet_train/Y/Y2457.jpg,Y,train
data/raw/asl_alphabet_train/Y/Y2668.jpg,Y,train
data/raw/asl_alphabet_train/Y/Y743.jpg,Y,train
data/raw/asl_alphabet_train/Y/Y2391.jpg,Y,train
data/raw/asl_alphabet_train/Y/Y738.jpg,Y,train
data/raw/asl_alphabet_train/Y/Y716.jpg,Y,train
data/raw/asl_alphabet_train/Y/Y2619.jpg,Y,train
data/raw/asl_alphabet_train/Y/Y2837.jpg,Y,train
data/raw/asl_alphabet_train/Y/Y1048.jpg,Y,train
data/raw/asl_alphabet_train/Y/Y1289.jpg,Y,train
data/raw/asl_alphabet_train/Y/Y448.jpg,Y,train
data/raw/asl_alphabet_train/Y/Y689.jpg,Y,train
data/raw/asl_alphabet_train/Y/Y1590.jpg,Y,train
data/raw/asl_alphabet_train/Y/Y2380.jpg,Y,train
data/raw/asl_alphabet_train/Y/Y2188.jpg,Y,train
data/raw/asl_alphabet_train/Y/Y1949.jpg,Y,train
data/raw/asl_alphabet_train/Y/Y803.jpg,Y,train
data/raw/asl_alphabet_train/Y/Y727.jpg,Y,train
data/raw/asl_alphabet_train/Y/Y2804.jpg,Y,train
data/raw/asl_alphabet_train/Y/Y2190.jpg,Y,train
data/raw/asl_alphabet_train/Y/Y2889.jpg,Y,train
data/raw/asl_alphabet_train/Y/Y2447.jpg,Y,train
data/raw/asl_alphabet_train/Y/Y1273.jpg,Y,train
data/raw/asl_alphabet_train/Y/Y2940.jpg,Y,train
data/raw/asl_alphabet_train/Y/Y1661.jpg,Y,train
data/raw/asl_alphabet_train/Y/Y2502.jpg,Y,train
data/raw/asl_alphabet_train/Y/Y612.jpg,Y,train
data/raw/asl_alphabet_train/Y/Y409.jpg,Y,train
data/raw/asl_alphabet_train/Y/Y1070.jpg,Y,train
data/raw/asl_alphabet_train/Y/Y671.jpg,Y,train
data/raw/asl_alphabet_train/Y/Y1832.jpg,Y,train
data/raw/asl_alphabet_train/Y/Y2488.jpg,Y,train
data/raw/asl_alphabet_train/Y/Y2500.jpg,Y,train
data/raw/asl_alphabet_train/Y/Y2759.jpg,Y,train
data/raw/asl_alphabet_train/Y/Y2305.jpg,Y,train
data/raw/asl_alphabet_train/Y/Y510.jpg,Y,train
data/raw/asl_alphabet_train/Y/Y1435.jpg,Y,train
data/raw/asl_alphabet_train/Y/Y2205.jpg,Y,train
data/raw/asl_alphabet_train/Y/Y142.jpg,Y,train
data/raw/asl_alphabet_train/Y/Y1351.jpg,Y,train
data/raw/asl_alphabet_train/Y/Y2085.jpg,Y,train
data/raw/asl_alphabet_train/Y/Y627.jpg,Y,train
data/raw/asl_alphabet_train/Y/Y19.jpg,Y,train
data/raw/asl_alphabet_train/Y/Y457.jpg,Y,train
data/raw/asl_alphabet_train/Y/Y2001.jpg,Y,train
data/raw/asl_alphabet_train/Y/Y90.jpg,Y,train
data/raw/asl_alphabet_train/Y/Y1603.jpg,Y,train
data/raw/asl_alphabet_train/Y/Y1562.jpg,Y,train
data/raw/asl_alphabet_train/Y/Y972.jpg,Y,train
data/raw/asl_alphabet_train/Y/Y1508.jpg,Y,train
data/raw/asl_alphabet_train/Y/Y551.jpg,Y,train
data/raw/asl_alphabet_train/Y/Y634.jpg,Y,train
data/raw/asl_alphabet_train/Y/Y157.jpg,Y,train
data/raw/asl_alphabet_train/Y/Y740.jpg,Y,train
data/raw/asl_alphabet_train/Y/Y560.jpg,Y,train
data/raw/asl_alphabet_train/Y/Y1406.jpg,Y,train
data/raw/asl_alphabet_train/Y/Y322.jpg,Y,train
data/raw/asl_alphabet_train/Y/Y255.jpg,Y,train
data/raw/asl_alphabet_train/Y/Y1177.jpg,Y,train
data/raw/asl_alphabet_train/Y/Y649.jpg,Y,train
data/raw/asl_alphabet_train/Y/Y2965.jpg,Y,train
data/raw/asl_alphabet_train/Y/Y440.jpg,Y,train
data/raw/asl_alphabet_train/Y/Y621.jpg,Y,train
data/raw/asl_alphabet_train/Y/Y2475.jpg,Y,train
data/raw/asl_alphabet_train/Y/Y569.jpg,Y,train
data/raw/asl_alphabet_train/Y/Y85.jpg,Y,train
data/raw/asl_alphabet_train/Y/Y2898.jpg,Y,train
data/raw/asl_alphabet_train/Y/Y354.jpg,Y,train
data/raw/asl_alphabet_train/Y/Y1882.jpg,Y,train
data/raw/asl_alphabet_train/Y/Y129.jpg,Y,train
data/raw/asl_alphabet_train/Y/Y1386.jpg,Y,train
data/raw/asl_alphabet_train/Y/Y2924.jpg,Y,train
data/raw/asl_alphabet_train/Y/Y1757.jpg,Y,train
data/raw/asl_alphabet_train/Y/Y2743.jpg,Y,train
data/raw/asl_alphabet_train/Y/Y1923.jpg,Y,train
data/raw/asl_alphabet_train/Y/Y807.jpg,Y,train
data/raw/asl_alphabet_train/Y/Y422.jpg,Y,train
data/raw/asl_alphabet_train/Y/Y2409.jpg,Y,train
data/raw/asl_alphabet_train/Y/Y1955.jpg,Y,train
data/raw/asl_alphabet_train/Y/Y2094.jpg,Y,train
data/raw/asl_alphabet_train/Y/Y2485.jpg,Y,train
data/raw/asl_alphabet_train/Y/Y2518.jpg,Y,train
data/raw/asl_alphabet_train/Y/Y2832.jpg,Y,train
data/raw/asl_alphabet_train/Y/Y1288.jpg,Y,train
data/raw/asl_alphabet_train/Y/Y2710.jpg,Y,train
data/raw/asl_alphabet_train/Y/Y484.jpg,Y,train
data/raw/asl_alphabet_train/Y/Y2894.jpg,Y,train
data/raw/asl_alphabet_train/Y/Y1607.jpg,Y,train
data/raw/asl_alphabet_train/Y/Y2164.jpg,Y,train
data/raw/asl_alphabet_train/Y/Y2281.jpg,Y,train
data/raw/asl_alphabet_train/Y/Y1766.jpg,Y,train
data/raw/asl_alphabet_train/Y/Y532.jpg,Y,train
data/raw/asl_alphabet_train/Y/Y1017.jpg,Y,train
data/raw/asl_alphabet_train/Y/Y49.jpg,Y,train
data/raw/asl_alphabet_train/Y/Y2588.jpg,Y,train
data/raw/asl_alphabet_train/Y/Y1725.jpg,Y,train
data/raw/asl_alphabet_train/Y/Y122.jpg,Y,train
data/raw/asl_alphabet_train/Y/Y326.jpg,Y,train
data/raw/asl_alphabet_train/Y/Y1967.jpg,Y,train
data/raw/asl_alphabet_train/Y/Y1981.jpg,Y,train
data/raw/asl_alphabet_train/Y/Y1737.jpg,Y,train
data/raw/asl_alphabet_train/Y/Y2575.jpg,Y,train
data/raw/asl_alphabet_train/Y/Y720.jpg,Y,train
data/raw/asl_alphabet_train/Y/Y527.jpg,Y,train
data/raw/asl_alphabet_train/Y/Y2541.jpg,Y,train
data/raw/asl_alphabet_train/Y/Y315.jpg,Y,train
data/raw/asl_alphabet_train/Y/Y2049.jpg,Y,train
data/raw/asl_alphabet_train/Y/Y2672.jpg,Y,train
data/raw/asl_alphabet_train/Y/Y655.jpg,Y,train
data/raw/asl_alphabet_train/Y/Y93.jpg,Y,train
data/raw/asl_alphabet_train/Y/Y629.jpg,Y,train
data/raw/asl_alphabet_train/Y/Y1942.jpg,Y,train
data/raw/asl_alphabet_train/Y/Y2814.jpg,Y,train
data/raw/asl_alphabet_train/Y/Y1732.jpg,Y,train
data/raw/asl_alphabet_train/Y/Y2558.jpg,Y,train
data/raw/asl_alphabet_train/Y/Y2149.jpg,Y,train
data/raw/asl_alphabet_train/Y/Y319.jpg,Y,train
data/raw/asl_alphabet_train/Y/Y2283.jpg,Y,train
data/raw/asl_alphabet_train/Y/Y2204.jpg,Y,train
data/raw/asl_alphabet_train/Y/Y1904.jpg,Y,train
data/raw/asl_alphabet_train/Y/Y703.jpg,Y,train
data/raw/asl_alphabet_train/Y/Y2813.jpg,Y,train
data/raw/asl_alphabet_train/Y/Y2985.jpg,Y,train
data/raw/asl_alphabet_train/Y/Y2437.jpg,Y,train
data/raw/asl_alphabet_train/Y/Y1318.jpg,Y,train
data/raw/asl_alphabet_train/Y/Y229.jpg,Y,train
data/raw/asl_alphabet_train/Y/Y2993.jpg,Y,train
data/raw/asl_alphabet_train/Y/Y813.jpg,Y,train
data/raw/asl_alphabet_train/Y/Y1838.jpg,Y,train
data/raw/asl_alphabet_train/Y/Y2029.jpg,Y,train
data/raw/asl_alphabet_train/Y/Y586.jpg,Y,train
data/raw/asl_alphabet_train/Y/Y638.jpg,Y,train
data/raw/asl_alphabet_train/Y/Y832.jpg,Y,train
data/raw/asl_alphabet_train/Y/Y1947.jpg,Y,train
data/raw/asl_alphabet_train/Y/Y1811.jpg,Y,train
data/raw/asl_alphabet_train/Y/Y2850.jpg,Y,train
data/raw/asl_alphabet_train/Y/Y530.jpg,Y,train
data/raw/asl_alphabet_train/Y/Y795.jpg,Y,train
data/raw/asl_alphabet_train/Y/Y2370.jpg,Y,train
data/raw/asl_alphabet_train/Y/Y269.jpg,Y,train
data/raw/asl_alphabet_train/Y/Y1077.jpg,Y,train
data/raw/asl_alphabet_train/Y/Y205.jpg,Y,train
data/raw/asl_alphabet_train/Y/Y262.jpg,Y,train
data/raw/asl_alphabet_train/Y/Y2120.jpg,Y,train
data/raw/asl_alphabet_train/Y/Y151.jpg,Y,train
data/raw/asl_alphabet_train/Y/Y2703.jpg,Y,train
data/raw/asl_alphabet_train/Y/Y2177.jpg,Y,train
data/raw/asl_alphabet_train/Y/Y2320.jpg,Y,train
data/raw/asl_alphabet_train/Y/Y945.jpg,Y,train
data/raw/asl_alphabet_train/Y/Y1888.jpg,Y,train
data/raw/asl_alphabet_train/Y/Y1831.jpg,Y,train
data/raw/asl_alphabet_train/Y/Y56.jpg,Y,train
data/raw/asl_alphabet_train/Y/Y2685.jpg,Y,train
data/raw/asl_alphabet_train/Y/Y617.jpg,Y,train
data/raw/asl_alphabet_train/Y/Y2101.jpg,Y,train
data/raw/asl_alphabet_train/Y/Y1772.jpg,Y,train
data/raw/asl_alphabet_train/Y/Y178.jpg,Y,train
data/raw/asl_alphabet_train/Y/Y581.jpg,Y,train
data/raw/asl_alphabet_train/Y/Y715.jpg,Y,train
data/raw/asl_alphabet_train/Y/Y2357.jpg,Y,train
data/raw/asl_alphabet_train/Y/Y320.jpg,Y,train
data/raw/asl_alphabet_train/Y/Y2527.jpg,Y,train
data/raw/asl_alphabet_train/Y/Y1279.jpg,Y,train
data/raw/asl_alphabet_train/Y/Y2747.jpg,Y,train
data/raw/asl_alphabet_train/Y/Y2395.jpg,Y,train
data/raw/asl_alphabet_train/Y/Y559.jpg,Y,train
data/raw/asl_alphabet_train/Y/Y519.jpg,Y,train
data/raw/asl_alphabet_train/Y/Y611.jpg,Y,train
data/raw/asl_alphabet_train/Y/Y2640.jpg,Y,train
data/raw/asl_alphabet_train/Y/Y2053.jpg,Y,train
data/raw/asl_alphabet_train/Y/Y2435.jpg,Y,train
data/raw/asl_alphabet_train/Y/Y2424.jpg,Y,train
data/raw/asl_alphabet_train/Y/Y1952.jpg,Y,train
data/raw/asl_alphabet_train/Y/Y46.jpg,Y,train
data/raw/asl_alphabet_train/Y/Y2520.jpg,Y,train
data/raw/asl_alphabet_train/Y/Y2629.jpg,Y,train
data/raw/asl_alphabet_train/Y/Y1395.jpg,Y,train
data/raw/asl_alphabet_train/Y/Y2441.jpg,Y,train
data/raw/asl_alphabet_train/Y/Y1658.jpg,Y,train
data/raw/asl_alphabet_train/Y/Y113.jpg,Y,train
data/raw/asl_alphabet_train/Y/Y1068.jpg,Y,train
data/raw/asl_alphabet_train/Y/Y343.jpg,Y,train
data/raw/asl_alphabet_train/Y/Y275.jpg,Y,train
data/raw/asl_alphabet_train/Y/Y225.jpg,Y,train
data/raw/asl_alphabet_train/Y/Y2597.jpg,Y,train
data/raw/asl_alphabet_train/Y/Y730.jpg,Y,train
data/raw/asl_alphabet_train/Y/Y2652.jpg,Y,train
data/raw/asl_alphabet_train/Y/Y1527.jpg,Y,train
data/raw/asl_alphabet_train/Y/Y2460.jpg,Y,train
data/raw/asl_alphabet_train/Y/Y784.jpg,Y,train
data/raw/asl_alphabet_train/Y/Y352.jpg,Y,train
data/raw/asl_alphabet_train/Y/Y1.jpg,Y,train
data/raw/asl_alphabet_train/Y/Y1356.jpg,Y,train
data/raw/asl_alphabet_train/Y/Y222.jpg,Y,train
data/raw/asl_alphabet_train/Y/Y1260.jpg,Y,train
data/raw/asl_alphabet_train/Y/Y2266.jpg,Y,train
data/raw/asl_alphabet_train/Y/Y2784.jpg,Y,train
data/raw/asl_alphabet_train/Y/Y1727.jpg,Y,train
data/raw/asl_alphabet_train/Y/Y2142.jpg,Y,train
data/raw/asl_alphabet_train/Y/Y610.jpg,Y,train
data/raw/asl_alphabet_train/Y/Y1015.jpg,Y,train
data/raw/asl_alphabet_train/Y/Y1627.jpg,Y,train
data/raw/asl_alphabet_train/Y/Y831.jpg,Y,train
data/raw/asl_alphabet_train/Y/Y2621.jpg,Y,train
data/raw/asl_alphabet_train/Y/Y2826.jpg,Y,train
data/raw/asl_alphabet_train/Y/Y2349.jpg,Y,train
data/raw/asl_alphabet_train/Y/Y1925.jpg,Y,train
data/raw/asl_alphabet_train/Y/Y2417.jpg,Y,train
data/raw/asl_alphabet_train/Y/Y1697.jpg,Y,train
data/raw/asl_alphabet_train/Y/Y1020.jpg,Y,train
data/raw/asl_alphabet_train/Y/Y844.jpg,Y,train
data/raw/asl_alphabet_train/Y/Y603.jpg,Y,train
data/raw/asl_alphabet_train/Y/Y916.jpg,Y,train
data/raw/asl_alphabet_train/Y/Y2110.jpg,Y,train
data/raw/asl_alphabet_train/Y/Y1323.jpg,Y,train
data/raw/asl_alphabet_train/Y/Y31.jpg,Y,train
data/raw/asl_alphabet_train/Y/Y87.jpg,Y,train
data/raw/asl_alphabet_train/Y/Y2935.jpg,Y,train
data/raw/asl_alphabet_train/Y/Y263.jpg,Y,train
data/raw/asl_alphabet_train/Y/Y531.jpg,Y,train
data/raw/asl_alphabet_train/Y/Y1412.jpg,Y,train
data/raw/asl_alphabet_train/Y/Y1616.jpg,Y,train
data/raw/asl_alphabet_train/Y/Y523.jpg,Y,train
data/raw/asl_alphabet_train/Y/Y203.jpg,Y,train
data/raw/asl_alphabet_train/Y/Y461.jpg,Y,train
data/raw/asl_alphabet_train/Y/Y2805.jpg,Y,train
data/raw/asl_alphabet_train/Y/Y1192.jpg,Y,train
data/raw/asl_alphabet_train/Y/Y2169.jpg,Y,train
data/raw/asl_alphabet_train/Y/Y606.jpg,Y,train
data/raw/asl_alphabet_train/Y/Y1458.jpg,Y,train
data/raw/asl_alphabet_train/Y/Y2824.jpg,Y,train
data/raw/asl_alphabet_train/Y/Y520.jpg,Y,train
data/raw/asl_alphabet_train/Y/Y1963.jpg,Y,train
data/raw/asl_alphabet_train/Y/Y1674.jpg,Y,train
data/raw/asl_alphabet_train/Y/Y24.jpg,Y,train
data/raw/asl_alphabet_train/Y/Y826.jpg,Y,train
data/raw/asl_alphabet_train/Y/Y233.jpg,Y,train
data/raw/asl_alphabet_train/Y/Y2579.jpg,Y,train
data/raw/asl_alphabet_train/Y/Y988.jpg,Y,train
data/raw/asl_alphabet_train/Y/Y2576.jpg,Y,train
data/raw/asl_alphabet_train/Y/Y199.jpg,Y,train
data/raw/asl_alphabet_train/Y/Y1649.jpg,Y,train
data/raw/asl_alphabet_train/Y/Y555.jpg,Y,train
data/raw/asl_alphabet_train/Y/Y2936.jpg,Y,train
data/raw/asl_alphabet_train/Y/Y164.jpg,Y,train
data/raw/asl_alphabet_train/Y/Y1692.jpg,Y,train
data/raw/asl_alphabet_train/Y/Y1133.jpg,Y,train
data/raw/asl_alphabet_train/Y/Y1429.jpg,Y,train
data/raw/asl_alphabet_train/Y/Y506.jpg,Y,train
data/raw/asl_alphabet_train/Y/Y1702.jpg,Y,train
data/raw/asl_alphabet_train/Y/Y1598.jpg,Y,train
data/raw/asl_alphabet_train/Y/Y1851.jpg,Y,train
data/raw/asl_alphabet_train/Y/Y69.jpg,Y,train
data/raw/asl_alphabet_train/Y/Y15.jpg,Y,train
data/raw/asl_alphabet_train/Y/Y1576.jpg,Y,train
data/raw/asl_alphabet_train/Y/Y1403.jpg,Y,train
data/raw/asl_alphabet_train/Y/Y1625.jpg,Y,train
data/raw/asl_alphabet_train/Y/Y700.jpg,Y,train
data/raw/asl_alphabet_train/Y/Y1206.jpg,Y,train
data/raw/asl_alphabet_train/Y/Y2345.jpg,Y,train
data/raw/asl_alphabet_train/Y/Y2847.jpg,Y,train
data/raw/asl_alphabet_train/Y/Y451.jpg,Y,train
data/raw/asl_alphabet_train/Y/Y2653.jpg,Y,train
data/raw/asl_alphabet_train/Y/Y2016.jpg,Y,train
data/raw/asl_alphabet_train/Y/Y187.jpg,Y,train
data/raw/asl_alphabet_train/Y/Y304.jpg,Y,train
data/raw/asl_alphabet_train/Y/Y2807.jpg,Y,train
data/raw/asl_alphabet_train/Y/Y1790.jpg,Y,train
data/raw/asl_alphabet_train/Y/Y291.jpg,Y,train
data/raw/asl_alphabet_train/Y/Y2112.jpg,Y,train
data/raw/asl_alphabet_train/Y/Y824.jpg,Y,train
data/raw/asl_alphabet_train/Y/Y2445.jpg,Y,train
data/raw/asl_alphabet_train/Y/Y1937.jpg,Y,train
data/raw/asl_alphabet_train/Y/Y1158.jpg,Y,train
data/raw/asl_alphabet_train/Y/Y880.jpg,Y,train
data/raw/asl_alphabet_train/Y/Y2330.jpg,Y,train
data/raw/asl_alphabet_train/Y/Y227.jpg,Y,train
data/raw/asl_alphabet_train/Y/Y2443.jpg,Y,train
data/raw/asl_alphabet_train/Y/Y1745.jpg,Y,train
data/raw/asl_alphabet_train/Y/Y2325.jpg,Y,train
data/raw/asl_alphabet_train/Y/Y1909.jpg,Y,train
data/raw/asl_alphabet_train/Y/Y2280.jpg,Y,train
data/raw/asl_alphabet_train/Y/Y647.jpg,Y,train
data/raw/asl_alphabet_train/Y/Y2384.jpg,Y,train
data/raw/asl_alphabet_train/Y/Y2493.jpg,Y,train
data/raw/asl_alphabet_train/Y/Y29.jpg,Y,train
data/raw/asl_alphabet_train/Y/Y231.jpg,Y,train
data/raw/asl_alphabet_train/Y/Y1910.jpg,Y,train
data/raw/asl_alphabet_train/Y/Y2942.jpg,Y,train
data/raw/asl_alphabet_train/Y/Y1167.jpg,Y,train
data/raw/asl_alphabet_train/Y/Y2555.jpg,Y,train
data/raw/asl_alphabet_train/Y/Y905.jpg,Y,train
data/raw/asl_alphabet_train/Y/Y1647.jpg,Y,train
data/raw/asl_alphabet_train/Y/Y2198.jpg,Y,train
data/raw/asl_alphabet_train/Y/Y2363.jpg,Y,train
data/raw/asl_alphabet_train/Y/Y1655.jpg,Y,train
data/raw/asl_alphabet_train/Y/Y2163.jpg,Y,train
data/raw/asl_alphabet_train/Y/Y1339.jpg,Y,train
data/raw/asl_alphabet_train/Y/Y295.jpg,Y,train
data/raw/asl_alphabet_train/Y/Y2831.jpg,Y,train
data/raw/asl_alphabet_train/Y/Y2113.jpg,Y,train
data/raw/asl_alphabet_train/Y/Y678.jpg,Y,train
data/raw/asl_alphabet_train/Y/Y1771.jpg,Y,train
data/raw/asl_alphabet_train/Y/Y1641.jpg,Y,train
data/raw/asl_alphabet_train/Y/Y285.jpg,Y,train
data/raw/asl_alphabet_train/Y/Y654.jpg,Y,train
data/raw/asl_alphabet_train/Y/Y1116.jpg,Y,train
data/raw/asl_alphabet_train/Y/Y1098.jpg,Y,train
data/raw/asl_alphabet_train/Y/Y1636.jpg,Y,train
data/raw/asl_alphabet_train/Y/Y372.jpg,Y,train
data/raw/asl_alphabet_train/Y/Y450.jpg,Y,train
data/raw/asl_alphabet_train/Y/Y300.jpg,Y,train
data/raw/asl_alphabet_train/Y/Y618.jpg,Y,train
data/raw/asl_alphabet_train/Y/Y1434.jpg,Y,train
data/raw/asl_alphabet_train/Y/Y882.jpg,Y,train
data/raw/asl_alphabet_train/Y/Y800.jpg,Y,train
data/raw/asl_alphabet_train/Y/Y477.jpg,Y,train
data/raw/asl_alphabet_train/Y/Y2895.jpg,Y,train
data/raw/asl_alphabet_train/Y/Y173.jpg,Y,train
data/raw/asl_alphabet_train/Y/Y77.jpg,Y,train
data/raw/asl_alphabet_train/Y/Y2806.jpg,Y,train
data/raw/asl_alphabet_train/Y/Y2622.jpg,Y,train
data/raw/asl_alphabet_train/Y/Y2885.jpg,Y,train
data/raw/asl_alphabet_train/Y/Y2800.jpg,Y,train
data/raw/asl_alphabet_train/Y/Y798.jpg,Y,train
data/raw/asl_alphabet_train/Y/Y2552.jpg,Y,train
data/raw/asl_alphabet_train/Y/Y2986.jpg,Y,train
data/raw/asl_alphabet_train/Y/Y1421.jpg,Y,train
data/raw/asl_alphabet_train/Y/Y2319.jpg,Y,train
data/raw/asl_alphabet_train/Y/Y1505.jpg,Y,train
data/raw/asl_alphabet_train/Y/Y1461.jpg,Y,train
data/raw/asl_alphabet_train/Y/Y2099.jpg,Y,train
data/raw/asl_alphabet_train/Y/Y369.jpg,Y,train
data/raw/asl_alphabet_train/Y/Y2681.jpg,Y,train
data/raw/asl_alphabet_train/Y/Y2419.jpg,Y,train
data/raw/asl_alphabet_train/Y/Y325.jpg,Y,train
data/raw/asl_alphabet_train/Y/Y1883.jpg,Y,train
data/raw/asl_alphabet_train/Y/Y1350.jpg,Y,train
data/raw/asl_alphabet_train/Y/Y2052.jpg,Y,train
data/raw/asl_alphabet_train/Y/Y963.jpg,Y,train
data/raw/asl_alphabet_train/Y/Y1522.jpg,Y,train
data/raw/asl_alphabet_train/Y/Y135.jpg,Y,train
data/raw/asl_alphabet_train/Y/Y1666.jpg,Y,train
data/raw/asl_alphabet_train/Y/Y2512.jpg,Y,train
data/raw/asl_alphabet_train/Y/Y2462.jpg,Y,train
data/raw/asl_alphabet_train/Y/Y2051.jpg,Y,train
data/raw/asl_alphabet_train/Y/Y1789.jpg,Y,train
data/raw/asl_alphabet_train/Y/Y2269.jpg,Y,train
data/raw/asl_alphabet_train/Y/Y391.jpg,Y,train
data/raw/asl_alphabet_train/Y/Y892.jpg,Y,train
data/raw/asl_alphabet_train/Y/Y402.jpg,Y,train
data/raw/asl_alphabet_train/Y/Y2403.jpg,Y,train
data/raw/asl_alphabet_train/Y/Y1415.jpg,Y,train
data/raw/asl_alphabet_train/Y/Y1300.jpg,Y,train
data/raw/asl_alphabet_train/Y/Y2140.jpg,Y,train
data/raw/asl_alphabet_train/Y/Y588.jpg,Y,train
data/raw/asl_alphabet_train/Y/Y2318.jpg,Y,train
data/raw/asl_alphabet_train/Y/Y377.jpg,Y,train
data/raw/asl_alphabet_train/Y/Y2591.jpg,Y,train
data/raw/asl_alphabet_train/Y/Y1703.jpg,Y,train
data/raw/asl_alphabet_train/Y/Y2808.jpg,Y,train
data/raw/asl_alphabet_train/Y/Y1615.jpg,Y,train
data/raw/asl_alphabet_train/Y/Y1233.jpg,Y,train
data/raw/asl_alphabet_train/Y/Y737.jpg,Y,train
data/raw/asl_alphabet_train/Y/Y797.jpg,Y,train
data/raw/asl_alphabet_train/Y/Y2299.jpg,Y,train
data/raw/asl_alphabet_train/Y/Y753.jpg,Y,train
data/raw/asl_alphabet_train/Y/Y1366.jpg,Y,train
data/raw/asl_alphabet_train/Y/Y1693.jpg,Y,train
data/raw/asl_alphabet_train/Y/Y1213.jpg,Y,train
data/raw/asl_alphabet_train/Y/Y2339.jpg,Y,train
data/raw/asl_alphabet_train/Y/Y340.jpg,Y,train
data/raw/asl_alphabet_train/Y/Y2105.jpg,Y,train
data/raw/asl_alphabet_train/Y/Y2294.jpg,Y,train
data/raw/asl_alphabet_train/Y/Y1651.jpg,Y,train
data/raw/asl_alphabet_train/Y/Y821.jpg,Y,train
data/raw/asl_alphabet_train/Y/Y2498.jpg,Y,train
data/raw/asl_alphabet_train/Y/Y1669.jpg,Y,train
data/raw/asl_alphabet_train/Y/Y1389.jpg,Y,train
data/raw/asl_alphabet_train/Y/Y162.jpg,Y,train
data/raw/asl_alphabet_train/Y/Y718.jpg,Y,train
data/raw/asl_alphabet_train/Y/Y1396.jpg,Y,train
data/raw/asl_alphabet_train/Y/Y1965.jpg,Y,train
data/raw/asl_alphabet_train/Y/Y1033.jpg,Y,train
data/raw/asl_alphabet_train/Y/Y2254.jpg,Y,train
data/raw/asl_alphabet_train/Y/Y472.jpg,Y,train
data/raw/asl_alphabet_train/Y/Y306.jpg,Y,train
data/raw/asl_alphabet_train/Y/Y1236.jpg,Y,train
data/raw/asl_alphabet_train/Y/Y502.jpg,Y,train
data/raw/asl_alphabet_train/Y/Y841.jpg,Y,train
data/raw/asl_alphabet_train/Y/Y665.jpg,Y,train
data/raw/asl_alphabet_train/Y/Y2551.jpg,Y,train
data/raw/asl_alphabet_train/Y/Y2546.jpg,Y,train
data/raw/asl_alphabet_train/Y/Y2009.jpg,Y,val
data/raw/asl_alphabet_train/Y/Y889.jpg,Y,val
data/raw/asl_alphabet_train/Y/Y2508.jpg,Y,val
data/raw/asl_alphabet_train/Y/Y1714.jpg,Y,val
data/raw/asl_alphabet_train/Y/Y2568.jpg,Y,val
data/raw/asl_alphabet_train/Y/Y216.jpg,Y,val
data/raw/asl_alphabet_train/Y/Y2015.jpg,Y,val
data/raw/asl_alphabet_train/Y/Y636.jpg,Y,val
data/raw/asl_alphabet_train/Y/Y2702.jpg,Y,val
data/raw/asl_alphabet_train/Y/Y479.jpg,Y,val
data/raw/asl_alphabet_train/Y/Y2264.jpg,Y,val
data/raw/asl_alphabet_train/Y/Y810.jpg,Y,val
data/raw/asl_alphabet_train/Y/Y13.jpg,Y,val
data/raw/asl_alphabet_train/Y/Y2146.jpg,Y,val
data/raw/asl_alphabet_train/Y/Y318.jpg,Y,val
data/raw/asl_alphabet_train/Y/Y777.jpg,Y,val
data/raw/asl_alphabet_train/Y/Y2809.jpg,Y,val
data/raw/asl_alphabet_train/Y/Y2860.jpg,Y,val
data/raw/asl_alphabet_train/Y/Y36.jpg,Y,val
data/raw/asl_alphabet_train/Y/Y2611.jpg,Y,val
data/raw/asl_alphabet_train/Y/Y2758.jpg,Y,val
data/raw/asl_alphabet_train/Y/Y2697.jpg,Y,val
data/raw/asl_alphabet_train/Y/Y169.jpg,Y,val
data/raw/asl_alphabet_train/Y/Y1220.jpg,Y,val
data/raw/asl_alphabet_train/Y/Y1966.jpg,Y,val
data/raw/asl_alphabet_train/Y/Y2030.jpg,Y,val
data/raw/asl_alphabet_train/Y/Y1600.jpg,Y,val
data/raw/asl_alphabet_train/Y/Y507.jpg,Y,val
data/raw/asl_alphabet_train/Y/Y2328.jpg,Y,val
data/raw/asl_alphabet_train/Y/Y1029.jpg,Y,val
data/raw/asl_alphabet_train/Y/Y296.jpg,Y,val
data/raw/asl_alphabet_train/Y/Y410.jpg,Y,val
data/raw/asl_alphabet_train/Y/Y686.jpg,Y,val
data/raw/asl_alphabet_train/Y/Y1405.jpg,Y,val
data/raw/asl_alphabet_train/Y/Y2170.jpg,Y,val
data/raw/asl_alphabet_train/Y/Y524.jpg,Y,val
data/raw/asl_alphabet_train/Y/Y1392.jpg,Y,val
data/raw/asl_alphabet_train/Y/Y1899.jpg,Y,val
data/raw/asl_alphabet_train/Y/Y67.jpg,Y,val
data/raw/asl_alphabet_train/Y/Y1540.jpg,Y,val
data/raw/asl_alphabet_train/Y/Y381.jpg,Y,val
data/raw/asl_alphabet_train/Y/Y2316.jpg,Y,val
data/raw/asl_alphabet_train/Y/Y1569.jpg,Y,val
data/raw/asl_alphabet_train/Y/Y2387.jpg,Y,val
data/raw/asl_alphabet_train/Y/Y1129.jpg,Y,val
data/raw/asl_alphabet_train/Y/Y633.jpg,Y,val
data/raw/asl_alphabet_train/Y/Y2450.jpg,Y,val
data/raw/asl_alphabet_train/Y/Y2250.jpg,Y,val
data/raw/asl_alphabet_train/Y/Y683.jpg,Y,val
data/raw/asl_alphabet_train/Y/Y808.jpg,Y,val
data/raw/asl_alphabet_train/Y/Y938.jpg,Y,val
data/raw/asl_alphabet_train/Y/Y1067.jpg,Y,val
data/raw/asl_alphabet_train/Y/Y591.jpg,Y,val
data/raw/asl_alphabet_train/Y/Y997.jpg,Y,val
data/raw/asl_alphabet_train/Y/Y732.jpg,Y,val
data/raw/asl_alphabet_train/Y/Y2311.jpg,Y,val
data/raw/asl_alphabet_train/Y/Y2862.jpg,Y,val
data/raw/asl_alphabet_train/Y/Y1805.jpg,Y,val
data/raw/asl_alphabet_train/Y/Y238.jpg,Y,val
data/raw/asl_alphabet_train/Y/Y1659.jpg,Y,val
data/raw/asl_alphabet_train/Y/Y857.jpg,Y,val
data/raw/asl_alphabet_train/Y/Y365.jpg,Y,val
data/raw/asl_alphabet_train/Y/Y1135.jpg,Y,val
data/raw/asl_alphabet_train/Y/Y1087.jpg,Y,val
data/raw/asl_alphabet_train/Y/Y424.jpg,Y,val
data/raw/asl_alphabet_train/Y/Y923.jpg,Y,val
data/raw/asl_alphabet_train/Y/Y2260.jpg,Y,val
data/raw/asl_alphabet_train/Y/Y1150.jpg,Y,val
data/raw/asl_alphabet_train/Y/Y460.jpg,Y,val
data/raw/asl_alphabet_train/Y/Y1554.jpg,Y,val
data/raw/asl_alphabet_train/Y/Y1839.jpg,Y,val
data/raw/asl_alphabet_train/Y/Y2284.jpg,Y,val
data/raw/asl_alphabet_train/Y/Y1080.jpg,Y,val
data/raw/asl_alphabet_train/Y/Y544.jpg,Y,val
data/raw/asl_alphabet_train/Y/Y1428.jpg,Y,val
data/raw/asl_alphabet_train/Y/Y642.jpg,Y,val
data/raw/asl_alphabet_train/Y/Y2081.jpg,Y,val
data/raw/asl_alphabet_train/Y/Y1161.jpg,Y,val
data/raw/asl_alphabet_train/Y/Y2158.jpg,Y,val
data/raw/asl_alphabet_train/Y/Y415.jpg,Y,val
data/raw/asl_alphabet_train/Y/Y596.jpg,Y,val
data/raw/asl_alphabet_train/Y/Y486.jpg,Y,val
data/raw/asl_alphabet_train/Y/Y2530.jpg,Y,val
data/raw/asl_alphabet_train/Y/Y1411.jpg,Y,val
data/raw/asl_alphabet_train/Y/Y820.jpg,Y,val
data/raw/asl_alphabet_train/Y/Y833.jpg,Y,val
data/raw/asl_alphabet_train/Y/Y1266.jpg,Y,val
data/raw/asl_alphabet_train/Y/Y630.jpg,Y,val
data/raw/asl_alphabet_train/Y/Y131.jpg,Y,val
data/raw/asl_alphabet_train/Y/Y1791.jpg,Y,val
data/raw/asl_alphabet_train/Y/Y1336.jpg,Y,test
data/raw/asl_alphabet_train/Y/Y806.jpg,Y,test
data/raw/asl_alphabet_train/Y/Y1449.jpg,Y,test
data/raw/asl_alphabet_train/Y/Y2229.jpg,Y,test
data/raw/asl_alphabet_train/Y/Y2757.jpg,Y,test
data/raw/asl_alphabet_train/Y/Y244.jpg,Y,test
data/raw/asl_alphabet_train/Y/Y1313.jpg,Y,test
data/raw/asl_alphabet_train/Y/Y1196.jpg,Y,test
data/raw/asl_alphabet_train/Y/Y1962.jpg,Y,test
data/raw/asl_alphabet_train/Y/Y28.jpg,Y,test
data/raw/asl_alphabet_train/Y/Y625.jpg,Y,test
data/raw/asl_alphabet_train/Y/Y2033.jpg,Y,test
data/raw/asl_alphabet_train/Y/Y1682.jpg,Y,test
data/raw/asl_alphabet_train/Y/Y961.jpg,Y,test
data/raw/asl_alphabet_train/Y/Y1736.jpg,Y,test
data/raw/asl_alphabet_train/Y/Y2777.jpg,Y,test
data/raw/asl_alphabet_train/Y/Y1064.jpg,Y,test
data/raw/asl_alphabet_train/Y/Y2317.jpg,Y,test
data/raw/asl_alphabet_train/Y/Y2548.jpg,Y,test
data/raw/asl_alphabet_train/Y/Y1680.jpg,Y,test
data/raw/asl_alphabet_train/Y/Y2275.jpg,Y,test
data/raw/asl_alphabet_train/Y/Y2866.jpg,Y,test
data/raw/asl_alphabet_train/Y/Y1124.jpg,Y,test
data/raw/asl_alphabet_train/Y/Y92.jpg,Y,test
data/raw/asl_alphabet_train/Y/Y2834.jpg,Y,test
data/raw/asl_alphabet_train/Y/Y1834.jpg,Y,test
data/raw/asl_alphabet_train/Y/Y1374.jpg,Y,test
data/raw/asl_alphabet_train/Y/Y2610.jpg,Y,test
data/raw/asl_alphabet_train/Y/Y2265.jpg,Y,test
data/raw/asl_alphabet_train/Y/Y1114.jpg,Y,test
data/raw/asl_alphabet_train/Y/Y2324.jpg,Y,test
data/raw/asl_alphabet_train/Y/Y2504.jpg,Y,test
data/raw/asl_alphabet_train/Y/Y1495.jpg,Y,test
data/raw/asl_alphabet_train/Y/Y2098.jpg,Y,test
data/raw/asl_alphabet_train/Y/Y133.jpg,Y,test
data/raw/asl_alphabet_train/Y/Y1574.jpg,Y,test
data/raw/asl_alphabet_train/Y/Y1635.jpg,Y,test
data/raw/asl_alphabet_train/Y/Y283.jpg,Y,test
data/raw/asl_alphabet_train/Y/Y1860.jpg,Y,test
data/raw/asl_alphabet_train/Y/Y388.jpg,Y,test
data/raw/asl_alphabet_train/Y/Y110.jpg,Y,test
data/raw/asl_alphabet_train/Y/Y946.jpg,Y,test
data/raw/asl_alphabet_train/Y/Y644.jpg,Y,test
data/raw/asl_alphabet_train/Y/Y499.jpg,Y,test
data/raw/asl_alphabet_train/Y/Y941.jpg,Y,test
data/raw/asl_alphabet_train/Y/Y2223.jpg,Y,test
data/raw/asl_alphabet_train/Y/Y1463.jpg,Y,test
data/raw/asl_alphabet_train/Y/Y1256.jpg,Y,test
data/raw/asl_alphabet_train/Y/Y2048.jpg,Y,test
data/raw/asl_alphabet_train/Y/Y2160.jpg,Y,test
data/raw/asl_alphabet_train/Y/Y1107.jpg,Y,test
data/raw/asl_alphabet_train/Y/Y1090.jpg,Y,test
data/raw/asl_alphabet_train/Y/Y850.jpg,Y,test
data/raw/asl_alphabet_train/Y/Y2838.jpg,Y,test
data/raw/asl_alphabet_train/Y/Y2194.jpg,Y,test
data/raw/asl_alphabet_train/Y/Y2887.jpg,Y,test
data/raw/asl_alphabet_train/Y/Y2961.jpg,Y,test
data/raw/asl_alphabet_train/Y/Y2267.jpg,Y,test
data/raw/asl_alphabet_train/Y/Y1259.jpg,Y,test
data/raw/asl_alphabet_train/Y/Y564.jpg,Y,test
data/raw/asl_alphabet_train/Y/Y534.jpg,Y,test
data/raw/asl_alphabet_train/Y/Y127.jpg,Y,test
data/raw/asl_alphabet_train/Y/Y1078.jpg,Y,test
data/raw/asl_alphabet_train/Y/Y672.jpg,Y,test
data/raw/asl_alphabet_train/Y/Y1773.jpg,Y,test
data/raw/asl_alphabet_train/Y/Y2178.jpg,Y,test
data/raw/asl_alphabet_train/Y/Y1165.jpg,Y,test
data/raw/asl_alphabet_train/Y/Y1023.jpg,Y,test
data/raw/asl_alphabet_train/Y/Y174.jpg,Y,test
data/raw/asl_alphabet_train/Y/Y1954.jpg,Y,test
data/raw/asl_alphabet_train/Y/Y2545.jpg,Y,test
data/raw/asl_alphabet_train/Y/Y2489.jpg,Y,test
data/raw/asl_alphabet_train/Y/Y788.jpg,Y,test
data/raw/asl_alphabet_train/Y/Y297.jpg,Y,test
data/raw/asl_alphabet_train/Y/Y478.jpg,Y,test
data/raw/asl_alphabet_train/Y/Y1105.jpg,Y,test
data/raw/asl_alphabet_train/Y/Y1052.jpg,Y,test
data/raw/asl_alphabet_train/Y/Y1836.jpg,Y,test
data/raw/asl_alphabet_train/Y/Y245.jpg,Y,test
data/raw/asl_alphabet_train/Y/Y2145.jpg,Y,test
data/raw/asl_alphabet_train/Y/Y1255.jpg,Y,test
data/raw/asl_alphabet_train/Y/Y1951.jpg,Y,test
data/raw/asl_alphabet_train/Y/Y2941.jpg,Y,test
data/raw/asl_alphabet_train/Y/Y2692.jpg,Y,test
data/raw/asl_alphabet_train/Y/Y2679.jpg,Y,test
data/raw/asl_alphabet_train/Y/Y155.jpg,Y,test
data/raw/asl_alphabet_train/Y/Y2915.jpg,Y,test
data/raw/asl_alphabet_train/Y/Y933.jpg,Y,test
data/raw/asl_alphabet_train/Y/Y1513.jpg,Y,test
data/raw/asl_alphabet_train/Y/Y702.jpg,Y,test
data/raw/asl_alphabet_train/Z/Z364.jpg,Z,train
data/raw/asl_alphabet_train/Z/Z1539.jpg,Z,train
data/raw/asl_alphabet_train/Z/Z2297.jpg,Z,train
data/raw/asl_alphabet_train/Z/Z859.jpg,Z,train
data/raw/asl_alphabet_train/Z/Z184.jpg,Z,train
data/raw/asl_alphabet_train/Z/Z977.jpg,Z,train
data/raw/asl_alphabet_train/Z/Z2073.jpg,Z,train
data/raw/asl_alphabet_train/Z/Z2476.jpg,Z,train
data/raw/asl_alphabet_train/Z/Z2465.jpg,Z,train
data/raw/asl_alphabet_train/Z/Z1709.jpg,Z,train
data/raw/asl_alphabet_train/Z/Z2213.jpg,Z,train
data/raw/asl_alphabet_train/Z/Z1794.jpg,Z,train
data/raw/asl_alphabet_train/Z/Z469.jpg,Z,train
data/raw/asl_alphabet_train/Z/Z180.jpg,Z,train
data/raw/asl_alphabet_train/Z/Z1030.jpg,Z,train
data/raw/asl_alphabet_train/Z/Z765.jpg,Z,train
data/raw/asl_alphabet_train/Z/Z1118.jpg,Z,train
data/raw/asl_alphabet_train/Z/Z887.jpg,Z,train
data/raw/asl_alphabet_train/Z/Z2138.jpg,Z,train
data/raw/asl_alphabet_train/Z/Z406.jpg,Z,train
data/raw/asl_alphabet_train/Z/Z1405.jpg,Z,train
data/raw/asl_alphabet_train/Z/Z537.jpg,Z,train
data/raw/asl_alphabet_train/Z/Z2624.jpg,Z,train
data/raw/asl_alphabet_train/Z/Z1050.jpg,Z,train
data/raw/asl_alphabet_train/Z/Z1649.jpg,Z,train
data/raw/asl_alphabet_train/Z/Z2132.jpg,Z,train
data/raw/asl_alphabet_train/Z/Z1378.jpg,Z,train
data/raw/asl_alphabet_train/Z/Z2194.jpg,Z,train
data/raw/asl_alphabet_train/Z/Z1286.jpg,Z,train
data/raw/asl_alphabet_train/Z/Z2986.jpg,Z,train
data/raw/asl_alphabet_train/Z/Z802.jpg,Z,train
data/raw/asl_alphabet_train/Z/Z2795.jpg,Z,train
data/raw/asl_alphabet_train/Z/Z549.jpg,Z,train
data/raw/asl_alphabet_train/Z/Z1825.jpg,Z,train
data/raw/asl_alphabet_train/Z/Z2987.jpg,Z,train
data/raw/asl_alphabet_train/Z/Z396.jpg,Z,train
data/raw/asl_alphabet_train/Z/Z419.jpg,Z,train
data/raw/asl_alphabet_train/Z/Z1127.jpg,Z,train
data/raw/asl_alphabet_train/Z/Z1849.jpg,Z,train
data/raw/asl_alphabet_train/Z/Z948.jpg,Z,train
data/raw/asl_alphabet_train/Z/Z1457.jpg,Z,train
data/raw/asl_alphabet_train/Z/Z430.jpg,Z,train
data/raw/asl_alphabet_train/Z/Z1585.jpg,Z,train
data/raw/asl_alphabet_train/Z/Z2417.jpg,Z,train
data/raw/asl_alphabet_train/Z/Z1785.jpg,Z,train
data/raw/asl_alphabet_train/Z/Z792.jpg,Z,train
data/raw/asl_alphabet_train/Z/Z850.jpg,Z,train
data/raw/asl_alphabet_train/Z/Z899.jpg,Z,train
data/raw/asl_alphabet_train/Z/Z255.jpg,Z,train
data/raw/asl_alphabet_train/Z/Z2178.jpg,Z,train
data/raw/asl_alphabet_train/Z/Z2118.jpg,Z,train
data/raw/asl_alphabet_train/Z/Z2749.jpg,Z,train
data/raw/asl_alphabet_train/Z/Z455.jpg,Z,train
data/raw/asl_alphabet_train/Z/Z2026.jpg,Z,train
data/raw/asl_alphabet_train/Z/Z606.jpg,Z,train
data/raw/asl_alphabet_train/Z/Z1672.jpg,Z,train
data/raw/asl_alphabet_train/Z/Z282.jpg,Z,train
data/raw/asl_alphabet_train/Z/Z1319.jpg,Z,train
data/raw/asl_alphabet_train/Z/Z1681.jpg,Z,train
data/raw/asl_alphabet_train/Z/Z2791.jpg,Z,train
data/raw/asl_alphabet_train/Z/Z1855.jpg,Z,train
data/raw/asl_alphabet_train/Z/Z741.jpg,Z,train
data/raw/asl_alphabet_train/Z/Z1772.jpg,Z,train
data/raw/asl_alphabet_train/Z/Z391.jpg,Z,train
data/raw/asl_alphabet_train/Z/Z1026.jpg,Z,train
data/raw/asl_alphabet_train/Z/Z1326.jpg,Z,train
data/raw/asl_alphabet_train/Z/Z307.jpg,Z,train
data/raw/asl_alphabet_train/Z/Z2639.jpg,Z,train
data/raw/asl_alphabet_train/Z/Z535.jpg,Z,train
data/raw/asl_alphabet_train/Z/Z1650.jpg,Z,train
data/raw/asl_alphabet_train/Z/Z512.jpg,Z,train
data/raw/asl_alphabet_train/Z/Z47.jpg,Z,train
data/raw/asl_alphabet_train/Z/Z1223.jpg,Z,train
data/raw/asl_alphabet_train/Z/Z2278.jpg,Z,train
data/raw/asl_alphabet_train/Z/Z585.jpg,Z,train
data/raw/asl_alphabet_train/Z/Z1527.jpg,Z,train
data/raw/asl_alphabet_train/Z/Z756.jpg,Z,train
data/raw/asl_alphabet_train/Z/Z1130.jpg,Z,train
data/raw/asl_alphabet_train/Z/Z2151.jpg,Z,train
data/raw/asl_alphabet_train/Z/Z82.jpg,Z,train
data/raw/asl_alphabet_train/Z/Z2911.jpg,Z,train
data/raw/asl_alphabet_train/Z/Z2403.jpg,Z,train
data/raw/asl_alphabet_train/Z/Z2699.jpg,Z,train
data/raw/asl_alphabet_train/Z/Z1147.jpg,Z,train
data/raw/asl_alphabet_train/Z/Z1296.jpg,Z,train
data/raw/asl_alphabet_train/Z/Z1288.jpg,Z,train
data/raw/asl_alphabet_train/Z/Z299.jpg,Z,train
data/raw/asl_alphabet_train/Z/Z1192.jpg,Z,train
data/raw/asl_alphabet_train/Z/Z757.jpg,Z,train
data/raw/asl_alphabet_train/Z/Z2515.jpg,Z,train
data/raw/asl_alphabet_train/Z/Z2789.jpg,Z,train
data/raw/asl_alphabet_train/Z/Z2959.jpg,Z,train
data/raw/asl_alphabet_train/Z/Z761.jpg,Z,train
data/raw/asl_alphabet_train/Z/Z1004.jpg,Z,train
data/raw/asl_alphabet_train/Z/Z2757.jpg,Z,train
data/raw/asl_alphabet_train/Z/Z30.jpg,Z,train
data/raw/asl_alphabet_train/Z/Z941.jpg,Z,train
data/raw/asl_alphabet_train/Z/Z2009.jpg,Z,train
data/raw/asl_alphabet_train/Z/Z229.jpg,Z,train
data/raw/asl_alphabet_train/Z/Z1289.jpg,Z,train
data/raw/asl_alphabet_train/Z/Z1888.jpg,Z,train
data/raw/asl_alphabet_train/Z/Z2917.jpg,Z,train
data/raw/asl_alphabet_train/Z/Z1483.jpg,Z,train
data/raw/asl_alphabet_train/Z/Z201.jpg,Z,train
data/raw/asl_alphabet_train/Z/Z1671.jpg,Z,train
data/raw/asl_alphabet_train/Z/Z704.jpg,Z,train
data/raw/asl_alphabet_train/Z/Z1020.jpg,Z,train
data/raw/asl_alphabet_train/Z/Z494.jpg,Z,train
data/raw/asl_alphabet_train/Z/Z1860.jpg,Z,train
data/raw/asl_alphabet_train/Z/Z2310.jpg,Z,train
data/raw/asl_alphabet_train/Z/Z1829.jpg,Z,train
data/raw/asl_alphabet_train/Z/Z76.jpg,Z,train
data/raw/asl_alphabet_train/Z/Z1940.jpg,Z,train
data/raw/asl_alphabet_train/Z/Z1545.jpg,Z,train
data/raw/asl_alphabet_train/Z/Z2763.jpg,Z,train
data/raw/asl_alphabet_train/Z/Z766.jpg,Z,train
data/raw/asl_alphabet_train/Z/Z150.jpg,Z,train
data/raw/asl_alphabet_train/Z/Z865.jpg,Z,train
data/raw/asl_alphabet_train/Z/Z1528.jpg,Z,train
data/raw/asl_alphabet_train/Z/Z1394.jpg,Z,train
data/raw/asl_alphabet_train/Z/Z1728.jpg,Z,train
data/raw/asl_alphabet_train/Z/Z2093.jpg,Z,train
data/raw/asl_alphabet_train/Z/Z888.jpg,Z,train
data/raw/asl_alphabet_train/Z/Z136.jpg,Z,train
data/raw/asl_alphabet_train/Z/Z2320.jpg,Z,train
data/raw/asl_alphabet_train/Z/Z2697.jpg,Z,train
data/raw/asl_alphabet_train/Z/Z2654.jpg,Z,train
data/raw/asl_alphabet_train/Z/Z2698.jpg,Z,train
data/raw/asl_alphabet_train/Z/Z395.jpg,Z,train
data/raw/asl_alphabet_train/Z/Z1959.jpg,Z,train
data/raw/asl_alphabet_train/Z/Z557.jpg,Z,train
data/raw/asl_alphabet_train/Z/Z1338.jpg,Z,train
data/raw/asl_alphabet_train/Z/Z213.jpg,Z,train
data/raw/asl_alphabet_train/Z/Z1297.jpg,Z,train
data/raw/asl_alphabet_train/Z/Z690.jpg,Z,train
data/raw/asl_alphabet_train/Z/Z263.jpg,Z,train
data/raw/asl_alphabet_train/Z/Z786.jpg,Z,train
data/raw/asl_alphabet_train/Z/Z2130.jpg,Z,train
data/raw/asl_alphabet_train/Z/Z2373.jpg,Z,train
data/raw/asl_alphabet_train/Z/Z2885.jpg,Z,train
data/raw/asl_alphabet_train/Z/Z1097.jpg,Z,train
data/raw/asl_alphabet_train/Z/Z751.jpg,Z,train
data/raw/asl_alphabet_train/Z/Z161.jpg,Z,train
data/raw/asl_alphabet_train/Z/Z926.jpg,Z,train
data/raw/asl_alphabet_train/Z/Z225.jpg,Z,train
data/raw/asl_alphabet_train/Z/Z1890.jpg,Z,train
data/raw/asl_alphabet_train/Z/Z1946.jpg,Z,train
data/raw/asl_alphabet_train/Z/Z2991.jpg,Z,train
data/raw/asl_alphabet_train/Z/Z781.jpg,Z,train
data/raw/asl_alphabet_train/Z/Z1489.jpg,Z,train
data/raw/asl_alphabet_train/Z/Z2867.jpg,Z,train
data/raw/asl_alphabet_train/Z/Z2794.jpg,Z,train
data/raw/asl_alphabet_train/Z/Z1057.jpg,Z,train
data/raw/asl_alphabet_train/Z/Z2067.jpg,Z,train
data/raw/asl_alphabet_train/Z/Z947.jpg,Z,train
data/raw/asl_alphabet_train/Z/Z647.jpg,Z,train
data/raw/asl_alphabet_train/Z/Z920.jpg,Z,train
data/raw/asl_alphabet_train/Z/Z1131.jpg,Z,train
data/raw/asl_alphabet_train/Z/Z722.jpg,Z,train
data/raw/asl_alphabet_train/Z/Z1308.jpg,Z,train
data/raw/asl_alphabet_train/Z/Z169.jpg,Z,train
data/raw/asl_alphabet_train/Z/Z2918.jpg,Z,train
data/raw/asl_alphabet_train/Z/Z250.jpg,Z,train
data/raw/asl_alphabet_train/Z/Z1253.jpg,Z,train
data/raw/asl_alphabet_train/Z/Z1256.jpg,Z,train
data/raw/asl_alphabet_train/Z/Z2229.jpg,Z,train
data/raw/asl_alphabet_train/Z/Z2122.jpg,Z,train
data/raw/asl_alphabet_train/Z/Z174.jpg,Z,train
data/raw/asl_alphabet_train/Z/Z106.jpg,Z,train
data/raw/asl_alphabet_train/Z/Z1259.jpg,Z,train
data/raw/asl_alphabet_train/Z/Z2057.jpg,Z,train
data/raw/asl_alphabet_train/Z/Z2824.jpg,Z,train
data/raw/asl_alphabet_train/Z/Z909.jpg,Z,train
data/raw/asl_alphabet_train/Z/Z2.jpg,Z,train
data/raw/asl_alphabet_train/Z/Z2095.jpg,Z,train
data/raw/asl_alphabet_train/Z/Z2064.jpg,Z,train
data/raw/asl_alphabet_train/Z/Z2536.jpg,Z,train
data/raw/asl_alphabet_train/Z/Z662.jpg,Z,train
data/raw/asl_alphabet_train/Z/Z1883.jpg,Z,train
data/raw/asl_alphabet_train/Z/Z1903.jpg,Z,train
data/raw/asl_alphabet_train/Z/Z2478.jpg,Z,train
data/raw/asl_alphabet_train/Z/Z242.jpg,Z,train
data/raw/asl_alphabet_train/Z/Z767.jpg,Z,train
data/raw/asl_alphabet_train/Z/Z507.jpg,Z,train
data/raw/asl_alphabet_train/Z/Z2154.jpg,Z,train
data/raw/asl_alphabet_train/Z/Z1620.jpg,Z,train
data/raw/asl_alphabet_train/Z/Z464.jpg,Z,train
data/raw/asl_alphabet_train/Z/Z783.jpg,Z,train
data/raw/asl_alphabet_train/Z/Z219.jpg,Z,train
data/raw/asl_alphabet_train/Z/Z2027.jpg,Z,train
data/raw/asl_alphabet_train/Z/Z2559.jpg,Z,train
data/raw/asl_alphabet_train/Z/Z1091.jpg,Z,train
data/raw/asl_alphabet_train/Z/Z1912.jpg,Z,train
data/raw/asl_alphabet_train/Z/Z928.jpg,Z,train
data/raw/asl_alphabet_train/Z/Z2925.jpg,Z,train
data/raw/asl_alphabet_train/Z/Z523.jpg,Z,train
data/raw/asl_alphabet_train/Z/Z622.jpg,Z,train
data/raw/asl_alphabet_train/Z/Z4.jpg,Z,train
data/raw/asl_alphabet_train/Z/Z1863.jpg,Z,train
data/raw/asl_alphabet_train/Z/Z2718.jpg,Z,train
data/raw/asl_alphabet_train/Z/Z1879.jpg,Z,train
data/raw/asl_alphabet_train/Z/Z2140.jpg,Z,train
data/raw/asl_alphabet_train/Z/Z975.jpg,Z,train
data/raw/asl_alphabet_train/Z/Z2112.jpg,Z,train
data/raw/asl_alphabet_train/Z/Z828.jpg,Z,train
data/raw/asl_alphabet_train/Z/Z2570.jpg,Z,train
data/raw/asl_alphabet_train/Z/Z1138.jpg,Z,train
data/raw/asl_alphabet_train/Z/Z1762.jpg,Z,train
data/raw/asl_alphabet_train/Z/Z2985.jpg,Z,train
data/raw/asl_alphabet_train/Z/Z1764.jpg,Z,train
data/raw/asl_alphabet_train/Z/Z228.jpg,Z,train
data/raw/asl_alphabet_train/Z/Z2944.jpg,Z,train
data/raw/asl_alphabet_train/Z/Z1200.jpg,Z,train
data/raw/asl_alphabet_train/Z/Z1190.jpg,Z,train
data/raw/asl_alphabet_train/Z/Z1749.jpg,Z,train
data/raw/asl_alphabet_train/Z/Z2572.jpg,Z,train
data/raw/asl_alphabet_train/Z/Z2577.jpg,Z,train
data/raw/asl_alphabet_train/Z/Z1419.jpg,Z,train
data/raw/asl_alphabet_train/Z/Z445.jpg,Z,train
data/raw/asl_alphabet_train/Z/Z1606.jpg,Z,train
data/raw/asl_alphabet_train/Z/Z1375.jpg,Z,train
data/raw/asl_alphabet_train/Z/Z1892.jpg,Z,train
data/raw/asl_alphabet_train/Z/Z2179.jpg,Z,train
data/raw/asl_alphabet_train/Z/Z1309.jpg,Z,train
data/raw/asl_alphabet_train/Z/Z2705.jpg,Z,train
data/raw/asl_alphabet_train/Z/Z552.jpg,Z,train
data/raw/asl_alphabet_train/Z/Z516.jpg,Z,train
data/raw/asl_alphabet_train/Z/Z2463.jpg,Z,train
data/raw/asl_alphabet_train/Z/Z2708.jpg,Z,train
data/raw/asl_alphabet_train/Z/Z2711.jpg,Z,train
data/raw/asl_alphabet_train/Z/Z1257.jpg,Z,train
data/raw/asl_alphabet_train/Z/Z2414.jpg,Z,train
data/raw/asl_alphabet_train/Z/Z1496.jpg,Z,train
data/raw/asl_alphabet_train/Z/Z2761.jpg,Z,train
data/raw/asl_alphabet_train/Z/Z798.jpg,Z,train
data/raw/asl_alphabet_train/Z/Z2685.jpg,Z,train
data/raw/asl_alphabet_train/Z/Z698.jpg,Z,train
data/raw/asl_alphabet_train/Z/Z2892.jpg,Z,train
data/raw/asl_alphabet_train/Z/Z823.jpg,Z,train
data/raw/asl_alphabet_train/Z/Z1425.jpg,Z,train
data/raw/asl_alphabet_train/Z/Z2921.jpg,Z,train
data/raw/asl_alphabet_train/Z/Z1029.jpg,Z,train
data/raw/asl_alphabet_train/Z/Z739.jpg,Z,train
data/raw/asl_alphabet_train/Z/Z2656.jpg,Z,train
data/raw/asl_alphabet_train/Z/Z96.jpg,Z,train
data/raw/asl_alphabet_train/Z/Z833.jpg,Z,train
data/raw/asl_alphabet_train/Z/Z1137.jpg,Z,train
data/raw/asl_alphabet_train/Z/Z2160.jpg,Z,train
data/raw/asl_alphabet_train/Z/Z1562.jpg,Z,train
data/raw/asl_alphabet_train/Z/Z1711.jpg,Z,train
data/raw/asl_alphabet_train/Z/Z444.jpg,Z,train
data/raw/asl_alphabet_train/Z/Z487.jpg,Z,train
data/raw/asl_alphabet_train/Z/Z93.jpg,Z,train
data/raw/asl_alphabet_train/Z/Z1094.jpg,Z,train
data/raw/asl_alphabet_train/Z/Z1626.jpg,Z,train
data/raw/asl_alphabet_train/Z/Z1717.jpg,Z,train
data/raw/asl_alphabet_train/Z/Z1805.jpg,Z,train
data/raw/asl_alphabet_train/Z/Z545.jpg,Z,train
data/raw/asl_alphabet_train/Z/Z1086.jpg,Z,train
data/raw/asl_alphabet_train/Z/Z2435.jpg,Z,train
data/raw/asl_alphabet_train/Z/Z1290.jpg,Z,train
data/raw/asl_alphabet_train/Z/Z1369.jpg,Z,train
data/raw/asl_alphabet_train/Z/Z588.jpg,Z,train
data/raw/asl_alphabet_train/Z/Z2993.jpg,Z,train
data/raw/asl_alphabet_train/Z/Z1924.jpg,Z,train
data/raw/asl_alphabet_train/Z/Z2829.jpg,Z,train
data/raw/asl_alphabet_train/Z/Z328.jpg,Z,train
data/raw/asl_alphabet_train/Z/Z2846.jpg,Z,train
data/raw/asl_alphabet_train/Z/Z1686.jpg,Z,train
data/raw/asl_alphabet_train/Z/Z1832.jpg,Z,train
data/raw/asl_alphabet_train/Z/Z2219.jpg,Z,train
data/raw/asl_alphabet_train/Z/Z2609.jpg,Z,train
data/raw/asl_alphabet_train/Z/Z415.jpg,Z,train
data/raw/asl_alphabet_train/Z/Z1900.jpg,Z,train
data/raw/asl_alphabet_train/Z/Z1889.jpg,Z,train
data/raw/asl_alphabet_train/Z/Z1429.jpg,Z,train
data/raw/asl_alphabet_train/Z/Z2755.jpg,Z,train
data/raw/asl_alphabet_train/Z/Z2507.jpg,Z,train
data/raw/asl_alphabet_train/Z/Z2144.jpg,Z,train
data/raw/asl_alphabet_train/Z/Z2773.jpg,Z,train
data/raw/asl_alphabet_train/Z/Z2034.jpg,Z,train
data/raw/asl_alphabet_train/Z/Z1075.jpg,Z,train
data/raw/asl_alphabet_train/Z/Z2410.jpg,Z,train
data/raw/asl_alphabet_train/Z/Z1387.jpg,Z,train
data/raw/asl_alphabet_train/Z/Z2428.jpg,Z,train
data/raw/asl_alphabet_train/Z/Z2541.jpg,Z,train
data/raw/asl_alphabet_train/Z/Z50.jpg,Z,train
data/raw/asl_alphabet_train/Z/Z1503.jpg,Z,train
data/raw/asl_alphabet_train/Z/Z2653.jpg,Z,train
data/raw/asl_alphabet_train/Z/Z1674.jpg,Z,train
data/raw/asl_alphabet_train/Z/Z2691.jpg,Z,train
data/raw/asl_alphabet_train/Z/Z176.jpg,Z,train
data/raw/asl_alphabet_train/Z/Z2468.jpg,Z,train
data/raw/asl_alphabet_train/Z/Z1992.jpg,Z,train
data/raw/asl_alphabet_train/Z/Z2240.jpg,Z,train
data/raw/asl_alphabet_train/Z/Z1767.jpg,Z,train
data/raw/asl_alphabet_train/Z/Z897.jpg,Z,train
data/raw/asl_alphabet_train/Z/Z2467.jpg,Z,train
data/raw/asl_alphabet_train/Z/Z2202.jpg,Z,train
data/raw/asl_alphabet_train/Z/Z2049.jpg,Z,train
data/raw/asl_alphabet_train/Z/Z2058.jpg,Z,train
data/raw/asl_alphabet_train/Z/Z2818.jpg,Z,train
data/raw/asl_alphabet_train/Z/Z2767.jpg,Z,train
data/raw/asl_alphabet_train/Z/Z338.jpg,Z,train
data/raw/asl_alphabet_train/Z/Z1642.jpg,Z,train
data/raw/asl_alphabet_train/Z/Z2866.jpg,Z,train
data/raw/asl_alphabet_train/Z/Z1534.jpg,Z,train
data/raw/asl_alphabet_train/Z/Z2433.jpg,Z,train
data/raw/asl_alphabet_train/Z/Z1051.jpg,Z,train
data/raw/asl_alphabet_train/Z/Z148.jpg,Z,train
data/raw/asl_alphabet_train/Z/Z1568.jpg,Z,train
data/raw/asl_alphabet_train/Z/Z758.jpg,Z,train
data/raw/asl_alphabet_train/Z/Z1569.jpg,Z,train
data/raw/asl_alphabet_train/Z/Z11.jpg,Z,train
data/raw/asl_alphabet_train/Z/Z1098.jpg,Z,train
data/raw/asl_alphabet_train/Z/Z1264.jpg,Z,train
data/raw/asl_alphabet_train/Z/Z1276.jpg,Z,train
data/raw/asl_alphabet_train/Z/Z1981.jpg,Z,train
data/raw/asl_alphabet_train/Z/Z1345.jpg,Z,train
data/raw/asl_alphabet_train/Z/Z1873.jpg,Z,train
data/raw/asl_alphabet_train/Z/Z919.jpg,Z,train
data/raw/asl_alphabet_train/Z/Z98.jpg,Z,train
data/raw/asl_alphabet_train/Z/Z236.jpg,Z,train
data/raw/asl_alphabet_train/Z/Z959.jpg,Z,train
data/raw/asl_alphabet_train/Z/Z167.jpg,Z,train
data/raw/asl_alphabet_train/Z/Z1850.jpg,Z,train
data/raw/asl_alphabet_train/Z/Z2649.jpg,Z,train
data/raw/asl_alphabet_train/Z/Z482.jpg,Z,train
data/raw/asl_alphabet_train/Z/Z2364.jpg,Z,train
data/raw/asl_alphabet_train/Z/Z2825.jpg,Z,train
data/raw/asl_alphabet_train/Z/Z2267.jpg,Z,train
data/raw/asl_alphabet_train/Z/Z1979.jpg,Z,train
data/raw/asl_alphabet_train/Z/Z1079.jpg,Z,train
data/raw/asl_alphabet_train/Z/Z820.jpg,Z,train
data/raw/asl_alphabet_train/Z/Z1343.jpg,Z,train
data/raw/asl_alphabet_train/Z/Z2856.jpg,Z,train
data/raw/asl_alphabet_train/Z/Z886.jpg,Z,train
data/raw/asl_alphabet_train/Z/Z2371.jpg,Z,train
data/raw/asl_alphabet_train/Z/Z1067.jpg,Z,train
data/raw/asl_alphabet_train/Z/Z2037.jpg,Z,train
data/raw/asl_alphabet_train/Z/Z2409.jpg,Z,train
data/raw/asl_alphabet_train/Z/Z432.jpg,Z,train
data/raw/asl_alphabet_train/Z/Z949.jpg,Z,train
data/raw/asl_alphabet_train/Z/Z1662.jpg,Z,train
data/raw/asl_alphabet_train/Z/Z414.jpg,Z,train
data/raw/asl_alphabet_train/Z/Z636.jpg,Z,train
data/raw/asl_alphabet_train/Z/Z1306.jpg,Z,train
data/raw/asl_alphabet_train/Z/Z829.jpg,Z,train
data/raw/asl_alphabet_train/Z/Z665.jpg,Z,train
data/raw/asl_alphabet_train/Z/Z658.jpg,Z,train
data/raw/asl_alphabet_train/Z/Z222.jpg,Z,train
data/raw/asl_alphabet_train/Z/Z2549.jpg,Z,train
data/raw/asl_alphabet_train/Z/Z2089.jpg,Z,train
data/raw/asl_alphabet_train/Z/Z1531.jpg,Z,train
data/raw/asl_alphabet_train/Z/Z1934.jpg,Z,train
data/raw/asl_alphabet_train/Z/Z2061.jpg,Z,train
data/raw/asl_alphabet_train/Z/Z470.jpg,Z,train
data/raw/asl_alphabet_train/Z/Z708.jpg,Z,train
data/raw/asl_alphabet_train/Z/Z2162.jpg,Z,train
data/raw/asl_alphabet_train/Z/Z2298.jpg,Z,train
data/raw/asl_alphabet_train/Z/Z1720.jpg,Z,train
data/raw/asl_alphabet_train/Z/Z301.jpg,Z,train
data/raw/asl_alphabet_train/Z/Z2312.jpg,Z,train
data/raw/asl_alphabet_train/Z/Z1906.jpg,Z,train
data/raw/asl_alphabet_train/Z/Z1324.jpg,Z,train
data/raw/asl_alphabet_train/Z/Z2131.jpg,Z,train
data/raw/asl_alphabet_train/Z/Z2105.jpg,Z,train
data/raw/asl_alphabet_train/Z/Z999.jpg,Z,train
data/raw/asl_alphabet_train/Z/Z339.jpg,Z,train
data/raw/asl_alphabet_train/Z/Z2002.jpg,Z,train
data/raw/asl_alphabet_train/Z/Z126.jpg,Z,train
data/raw/asl_alphabet_train/Z/Z1571.jpg,Z,train
data/raw/asl_alphabet_train/Z/Z2247.jpg,Z,train
data/raw/asl_alphabet_train/Z/Z659.jpg,Z,train
data/raw/asl_alphabet_train/Z/Z144.jpg,Z,train
data/raw/asl_alphabet_train/Z/Z2545.jpg,Z,train
data/raw/asl_alphabet_train/Z/Z2726.jpg,Z,train
data/raw/asl_alphabet_train/Z/Z2690.jpg,Z,train
data/raw/asl_alphabet_train/Z/Z2080.jpg,Z,train
data/raw/asl_alphabet_train/Z/Z1064.jpg,Z,train
data/raw/asl_alphabet_train/Z/Z377.jpg,Z,train
data/raw/asl_alphabet_train/Z/Z103.jpg,Z,train
data/raw/asl_alphabet_train/Z/Z2006.jpg,Z,train
data/raw/asl_alphabet_train/Z/Z978.jpg,Z,train
data/raw/asl_alphabet_train/Z/Z2296.jpg,Z,train
data/raw/asl_alphabet_train/Z/Z1689.jpg,Z,train
data/raw/asl_alphabet_train/Z/Z2406.jpg,Z,train
data/raw/asl_alphabet_train/Z/Z782.jpg,Z,train
data/raw/asl_alphabet_train/Z/Z2626.jpg,Z,train
data/raw/asl_alphabet_train/Z/Z2407.jpg,Z,train
data/raw/asl_alphabet_train/Z/Z2924.jpg,Z,train
data/raw/asl_alphabet_train/Z/Z1553.jpg,Z,train
data/raw/asl_alphabet_train/Z/Z1763.jpg,Z,train
data/raw/asl_alphabet_train/Z/Z1896.jpg,Z,train
data/raw/asl_alphabet_train/Z/Z179.jpg,Z,train
data/raw/asl_alphabet_train/Z/Z2250.jpg,Z,train
data/raw/asl_alphabet_train/Z/Z2078.jpg,Z,train
data/raw/asl_alphabet_train/Z/Z2525.jpg,Z,train
data/raw/asl_alphabet_train/Z/Z405.jpg,Z,train
data/raw/asl_alphabet_train/Z/Z425.jpg,Z,train
data/raw/asl_alphabet_train/Z/Z863.jpg,Z,train
data/raw/asl_alphabet_train/Z/Z240.jpg,Z,train
data/raw/asl_alphabet_train/Z/Z2421.jpg,Z,train
data/raw/asl_alphabet_train/Z/Z1070.jpg,Z,train
data/raw/asl_alphabet_train/Z/Z1911.jpg,Z,train
data/raw/asl_alphabet_train/Z/Z2798.jpg,Z,train
data/raw/asl_alphabet_train/Z/Z1287.jpg,Z,train
data/raw/asl_alphabet_train/Z/Z1960.jpg,Z,train
data/raw/asl_alphabet_train/Z/Z799.jpg,Z,train
data/raw/asl_alphabet_train/Z/Z944.jpg,Z,train
data/raw/asl_alphabet_train/Z/Z346.jpg,Z,train
data/raw/asl_alphabet_train/Z/Z514.jpg,Z,train
data/raw/asl_alphabet_train/Z/Z2508.jpg,Z,train
data/raw/asl_alphabet_train/Z/Z2840.jpg,Z,train
data/raw/asl_alphabet_train/Z/Z1395.jpg,Z,train
data/raw/asl_alphabet_train/Z/Z2683.jpg,Z,train
data/raw/asl_alphabet_train/Z/Z2879.jpg,Z,train
data/raw/asl_alphabet_train/Z/Z1479.jpg,Z,train
data/raw/asl_alphabet_train/Z/Z1111.jpg,Z,train
data/raw/asl_alphabet_train/Z/Z1760.jpg,Z,train
data/raw/asl_alphabet_train/Z/Z556.jpg,Z,val
data/raw/asl_alphabet_train/Z/Z199.jpg,Z,val
data/raw/asl_alphabet_train/Z/Z2712.jpg,Z,val
data/raw/asl_alphabet_train/Z/Z1406.jpg,Z,val
data/raw/asl_alphabet_train/Z/Z1800.jpg,Z,val
data/raw/asl_alphabet_train/Z/Z2832.jpg,Z,val
data/raw/asl_alphabet_train/Z/Z2982.jpg,Z,val
data/raw/asl_alphabet_train/Z/Z2778.jpg,Z,val
data/raw/asl_alphabet_train/Z/Z1729.jpg,Z,val
data/raw/asl_alphabet_train/Z/Z55.jpg,Z,val
data/raw/asl_alphabet_train/Z/Z1242.jpg,Z,val
data/raw/asl_alphabet_train/Z/Z1540.jpg,Z,val
data/raw/asl_alphabet_train/Z/Z2538.jpg,Z,val
data/raw/asl_alphabet_train/Z/Z1120.jpg,Z,val
data/raw/asl_alphabet_train/Z/Z1205.jpg,Z,val
data/raw/asl_alphabet_train/Z/Z2442.jpg,Z,val
data/raw/asl_alphabet_train/Z/Z2502.jpg,Z,val
data/raw/asl_alphabet_train/Z/Z2551.jpg,Z,val
data/raw/asl_alphabet_train/Z/Z2309.jpg,Z,val
data/raw/asl_alphabet_train/Z/Z1167.jpg,Z,val
data/raw/asl_alphabet_train/Z/Z1706.jpg,Z,val
data/raw/asl_alphabet_train/Z/Z211.jpg,Z,val
data/raw/asl_alphabet_train/Z/Z615.jpg,Z,val
data/raw/asl_alphabet_train/Z/Z1441.jpg,Z,val
data/raw/asl_alphabet_train/Z/Z595.jpg,Z,val
data/raw/asl_alphabet_train/Z/Z1823.jpg,Z,val
data/raw/asl_alphabet_train/Z/Z1643.jpg,Z,val
data/raw/asl_alphabet_train/Z/Z2571.jpg,Z,val
data/raw/asl_alphabet_train/Z/Z1735.jpg,Z,val
data/raw/asl_alphabet_train/Z/Z2469.jpg,Z,val
data/raw/asl_alphabet_train/Z/Z2366.jpg,Z,val
data/raw/asl_alphabet_train/Z/Z1842.jpg,Z,val
data/raw/asl_alphabet_train/Z/Z1661.jpg,Z,val
data/raw/asl_alphabet_train/Z/Z1189.jpg,Z,val
data/raw/asl_alphabet_train/Z/Z605.jpg,Z,val
data/raw/asl_alphabet_train/Z/Z2684.jpg,Z,val
data/raw/asl_alphabet_train/Z/Z2616.jpg,Z,val
data/raw/asl_alphabet_train/Z/Z2950.jpg,Z,val
data/raw/asl_alphabet_train/Z/Z1320.jpg,Z,val
data/raw/asl_alphabet_train/Z/Z244.jpg,Z,val
data/raw/asl_alphabet_train/Z/Z1361.jpg,Z,val
data/raw/asl_alphabet_train/Z/Z1451.jpg,Z,val
data/raw/asl_alphabet_train/Z/Z2259.jpg,Z,val
data/raw/asl_alphabet_train/Z/Z2455.jpg,Z,val
data/raw/asl_alphabet_train/Z/Z2851.jpg,Z,val
data/raw/asl_alphabet_train/Z/Z159.jpg,Z,val
data/raw/asl_alphabet_train/Z/Z2593.jpg,Z,val
data/raw/asl_alphabet_train/Z/Z1331.jpg,Z,val
data/raw/asl_alphabet_train/Z/Z1238.jpg,Z,val
data/raw/asl_alphabet_train/Z/Z664.jpg,Z,val
data/raw/asl_alphabet_train/Z/Z699.jpg,Z,val
data/raw/asl_alphabet_train/Z/Z37.jpg,Z,val
data/raw/asl_alphabet_train/Z/Z2563.jpg,Z,val
data/raw/asl_alphabet_train/Z/Z2955.jpg,Z,val
data/raw/asl_alphabet_train/Z/Z1515.jpg,Z,val
data/raw/asl_alphabet_train/Z/Z68.jpg,Z,val
data/raw/asl_alphabet_train/Z/Z852.jpg,Z,val
data/raw/asl_alphabet_train/Z/Z153.jpg,Z,val
data/raw/asl_alphabet_train/Z/Z138.jpg,Z,val
data/raw/asl_alphabet_train/Z/Z1673.jpg,Z,val
data/raw/asl_alphabet_train/Z/Z2636.jpg,Z,val
data/raw/asl_alphabet_train/Z/Z1739.jpg,Z,val
data/raw/asl_alphabet_train/Z/Z1293.jpg,Z,val
data/raw/asl_alphabet_train/Z/Z1010.jpg,Z,val
data/raw/asl_alphabet_train/Z/Z2673.jpg,Z,val
data/raw/asl_alphabet_train/Z/Z1411.jpg,Z,val
data/raw/asl_alphabet_train/Z/Z1031.jpg,Z,val
data/raw/asl_alphabet_train/Z/Z918.jpg,Z,val
data/raw/asl_alphabet_train/Z/Z1054.jpg,Z,val
data/raw/asl_alphabet_train/Z/Z321.jpg,Z,val
data/raw/asl_alphabet_train/Z/Z901.jpg,Z,val
data/raw/asl_alphabet_train/Z/Z2741.jpg,Z,val
data/raw/asl_alphabet_train/Z/Z2182.jpg,Z,val
data/raw/asl_alphabet_train/Z/Z108.jpg,Z,val
data/raw/asl_alphabet_train/Z/Z927.jpg,Z,val
data/raw/asl_alphabet_train/Z/Z2750.jpg,Z,val
data/raw/asl_alphabet_train/Z/Z1610.jpg,Z,val
data/raw/asl_alphabet_train/Z/Z546.jpg,Z,val
data/raw/asl_alphabet_train/Z/Z784.jpg,Z,val
data/raw/asl_alphabet_train/Z/Z650.jpg,Z,val
data/raw/asl_alphabet_train/Z/Z1573.jpg,Z,val
data/raw/asl_alphabet_train/Z/Z2619.jpg,Z,val
data/raw/asl_alphabet_train/Z/Z1809.jpg,Z,val
data/raw/asl_alphabet_train/Z/Z24.jpg,Z,val
data/raw/asl_alphabet_train/Z/Z1570.jpg,Z,val
data/raw/asl_alphabet_train/Z/Z1958.jpg,Z,val
data/raw/asl_alphabet_train/Z/Z2238.jpg,Z,val
data/raw/asl_alphabet_train/Z/Z2177.jpg,Z,val
data/raw/asl_alphabet_train/Z/Z1676.jpg,Z,val
data/raw/asl_alphabet_train/Z/Z2928.jpg,Z,val
data/raw/asl_alphabet_train/Z/Z2693.jpg,Z,test
data/raw/asl_alphabet_train/Z/Z513.jpg,Z,test
data/raw/asl_alphabet_train/Z/Z1140.jpg,Z,test
data/raw/asl_alphabet_train/Z/Z1263.jpg,Z,test
data/raw/asl_alphabet_train/Z/Z1240.jpg,Z,test
data/raw/asl_alphabet_train/Z/Z1747.jpg,Z,test
data/raw/asl_alphabet_train/Z/Z1158.jpg,Z,test
data/raw/asl_alphabet_train/Z/Z2349.jpg,Z,test
data/raw/asl_alphabet_train/Z/Z2657.jpg,Z,test
data/raw/asl_alphabet_train/Z/Z1513.jpg,Z,test
data/raw/asl_alphabet_train/Z/Z2666.jpg,Z,test
data/raw/asl_alphabet_train/Z/Z547.jpg,Z,test
data/raw/asl_alphabet_train/Z/Z1833.jpg,Z,test
data/raw/asl_alphabet_train/Z/Z2771.jpg,Z,test
data/raw/asl_alphabet_train/Z/Z2532.jpg,Z,test
data/raw/asl_alphabet_train/Z/Z1402.jpg,Z,test
data/raw/asl_alphabet_train/Z/Z143.jpg,Z,test
data/raw/asl_alphabet_train/Z/Z19.jpg,Z,test
data/raw/asl_alphabet_train/Z/Z787.jpg,Z,test
data/raw/asl_alphabet_train/Z/Z2709.jpg,Z,test
data/raw/asl_alphabet_train/Z/Z2889.jpg,Z,test
data/raw/asl_alphabet_train/Z/Z89.jpg,Z,test
data/raw/asl_alphabet_train/Z/Z618.jpg,Z,test
data/raw/asl_alphabet_train/Z/Z1052.jpg,Z,test
data/raw/asl_alphabet_train/Z/Z740.jpg,Z,test
data/raw/asl_alphabet_train/Z/Z2724.jpg,Z,test
data/raw/asl_alphabet_train/Z/Z285.jpg,Z,test
data/raw/asl_alphabet_train/Z/Z314.jpg,Z,test
data/raw/asl_alphabet_train/Z/Z915.jpg,Z,test
data/raw/asl_alphabet_train/Z/Z200.jpg,Z,test
data/raw/asl_alphabet_train/Z/Z982.jpg,Z,test
data/raw/asl_alphabet_train/Z/Z1793.jpg,Z,test
data/raw/asl_alphabet_train/Z/Z1601.jpg,Z,test
data/raw/asl_alphabet_train/Z/Z359.jpg,Z,test
data/raw/asl_alphabet_train/Z/Z2313.jpg,Z,test
data/raw/asl_alphabet_train/Z/Z20.jpg,Z,test
data/raw/asl_alphabet_train/Z/Z2907.jpg,Z,test
data/raw/asl_alphabet_train/Z/Z125.jpg,Z,test
data/raw/asl_alphabet_train/Z/Z1300.jpg,Z,test
data/raw/asl_alphabet_train/Z/Z536.jpg,Z,test
data/raw/asl_alphabet_train/Z/Z1611.jpg,Z,test
data/raw/asl_alphabet_train/Z/Z1045.jpg,Z,test
data/raw/asl_alphabet_train/Z/Z1743.jpg,Z,test
data/raw/asl_alphabet_train/Z/Z1380.jpg,Z,test
data/raw/asl_alphabet_train/Z/Z2361.jpg,Z,test
data/raw/asl_alphabet_train/Z/Z1413.jpg,Z,test
data/raw/asl_alphabet_train/Z/Z1304.jpg,Z,test
data/raw/asl_alphabet_train/Z/Z1936.jpg,Z,test
data/raw/asl_alphabet_train/Z/Z1775.jpg,Z,test
data/raw/asl_alphabet_train/Z/Z94.jpg,Z,test
data/raw/asl_alphabet_train/Z/Z806.jpg,Z,test
data/raw/asl_alphabet_train/Z/Z1482.jpg,Z,test
data/raw/asl_alphabet_train/Z/Z2198.jpg,Z,test
data/raw/asl_alphabet_train/Z/Z1547.jpg,Z,test
data/raw/asl_alphabet_train/Z/Z2746.jpg,Z,test
data/raw/asl_alphabet_train/Z/Z1398.jpg,Z,test
data/raw/asl_alphabet_train/Z/Z2963.jpg,Z,test
data/raw/asl_alphabet_train/Z/Z1229.jpg,Z,test
data/raw/asl_alphabet_train/Z/Z817.jpg,Z,test
data/raw/asl_alphabet_train/Z/Z2857.jpg,Z,test
data/raw/asl_alphabet_train/Z/Z2605.jpg,Z,test
data/raw/asl_alphabet_train/Z/Z2056.jpg,Z,test
data/raw/asl_alphabet_train/Z/Z2024.jpg,Z,test
data/raw/asl_alphabet_train/Z/Z2192.jpg,Z,test
data/raw/asl_alphabet_train/Z/Z306.jpg,Z,test
data/raw/asl_alphabet_train/Z/Z2517.jpg,Z,test
data/raw/asl_alphabet_train/Z/Z917.jpg,Z,test
data/raw/asl_alphabet_train/Z/Z28.jpg,Z,test
data/raw/asl_alphabet_train/Z/Z2319.jpg,Z,test
data/raw/asl_alphabet_train/Z/Z1275.jpg,Z,test
data/raw/asl_alphabet_train/Z/Z624.jpg,Z,test
data/raw/asl_alphabet_train/Z/Z110.jpg,Z,test
data/raw/asl_alphabet_train/Z/Z2731.jpg,Z,test
data/raw/asl_alphabet_train/Z/Z447.jpg,Z,test
data/raw/asl_alphabet_train/Z/Z672.jpg,Z,test
data/raw/asl_alphabet_train/Z/Z2459.jpg,Z,test
data/raw/asl_alphabet_train/Z/Z38.jpg,Z,test
data/raw/asl_alphabet_train/Z/Z559.jpg,Z,test
data/raw/asl_alphabet_train/Z/Z1687.jpg,Z,test
data/raw/asl_alphabet_train/Z/Z2533.jpg,Z,test
data/raw/asl_alphabet_train/Z/Z499.jpg,Z,test
data/raw/asl_alphabet_train/Z/Z268.jpg,Z,test
data/raw/asl_alphabet_train/Z/Z2700.jpg,Z,test
data/raw/asl_alphabet_train/Z/Z671.jpg,Z,test
data/raw/asl_alphabet_train/Z/Z1334.jpg,Z,test
data/raw/asl_alphabet_train/Z/Z1048.jpg,Z,test
data/raw/asl_alphabet_train/Z/Z2331.jpg,Z,test
data/raw/asl_alphabet_train/Z/Z2935.jpg,Z,test
data/raw/asl_alphabet_train/Z/Z2543.jpg,Z,test
data/raw/asl_alphabet_train/Z/Z2510.jpg,Z,test
data/raw/asl_alphabet_train/del/del2334.jpg,del,train
data/raw/asl_alphabet_train/del/del2780.jpg,del,train
data/raw/asl_alphabet_train/del/del1200.jpg,del,train
data/raw/asl_alphabet_train/del/del2721.jpg,del,train
data/raw/asl_alphabet_train/del/del233.jpg,del,train
data/raw/asl_alphabet_train/del/del1550.jpg,del,train
data/raw/asl_alphabet_train/del/del2835.jpg,del,train
data/raw/asl_alphabet_train/del/del1962.jpg,del,train
data/raw/asl_alphabet_train/del/del1196.jpg,del,train
data/raw/asl_alphabet_train/del/del1386.jpg,del,train
data/raw/asl_alphabet_train/del/del1630.jpg,del,train
data/raw/asl_alphabet_train/del/del1593.jpg,del,train
data/raw/asl_alphabet_train/del/del1286.jpg,del,train
data/raw/asl_alphabet_train/del/del2424.jpg,del,train
data/raw/asl_alphabet_train/del/del706.jpg,del,train
data/raw/asl_alphabet_train/del/del556.jpg,del,train
data/raw/asl_alphabet_train/del/del322.jpg,del,train
data/raw/asl_alphabet_train/del/del2559.jpg,del,train
data/raw/asl_alphabet_train/del/del557.jpg,del,train
data/raw/asl_alphabet_train/del/del438.jpg,del,train
data/raw/asl_alphabet_train/del/del1139.jpg,del,train
data/raw/asl_alphabet_train/del/del22.jpg,del,train
data/raw/asl_alphabet_train/del/del835.jpg,del,train
data/raw/asl_alphabet_train/del/del701.jpg,del,train
data/raw/asl_alphabet_train/del/del2569.jpg,del,train
data/raw/asl_alphabet_train/del/del2934.jpg,del,train
data/raw/asl_alphabet_train/del/del1505.jpg,del,train
data/raw/asl_alphabet_train/del/del768.jpg,del,train
data/raw/asl_alphabet_train/del/del500.jpg,del,train
data/raw/asl_alphabet_train/del/del2357.jpg,del,train
data/raw/asl_alphabet_train/del/del1376.jpg,del,train
data/raw/asl_alphabet_train/del/del2448.jpg,del,train
data/raw/asl_alphabet_train/del/del2806.jpg,del,train
data/raw/asl_alphabet_train/del/del181.jpg,del,train
data/raw/asl_alphabet_train/del/del2572.jpg,del,train
data/raw/asl_alphabet_train/del/del930.jpg,del,train
data/raw/asl_alphabet_train/del/del1409.jpg,del,train
data/raw/asl_alphabet_train/del/del2677.jpg,del,train
data/raw/asl_alphabet_train/del/del1375.jpg,del,train
data/raw/asl_alphabet_train/del/del600.jpg,del,train
data/raw/asl_alphabet_train/del/del422.jpg,del,train
data/raw/asl_alphabet_train/del/del555.jpg,del,train
data/raw/asl_alphabet_train/del/del955.jpg,del,train
data/raw/asl_alphabet_train/del/del886.jpg,del,train
data/raw/asl_alphabet_train/del/del1805.jpg,del,train
data/raw/asl_alphabet_train/del/del2065.jpg,del,train
data/raw/asl_alphabet_train/del/del626.jpg,del,train
data/raw/asl_alphabet_train/del/del1742.jpg,del,train
data/raw/asl_alphabet_train/del/del2110.jpg,del,train
data/raw/asl_alphabet_train/del/del1989.jpg,del,train
data/raw/asl_alphabet_train/del/del1639.jpg,del,train
data/raw/asl_alphabet_train/del/del1809.jpg,del,train
data/raw/asl_alphabet_train/del/del1.jpg,del,train
data/raw/asl_alphabet_train/del/del1157.jpg,del,train
data/raw/asl_alphabet_train/del/del1600.jpg,del,train
data/raw/asl_alphabet_train/del/del2149.jpg,del,train
data/raw/asl_alphabet_train/del/del2482.jpg,del,train
data/raw/asl_alphabet_train/del/del1797.jpg,del,train
data/raw/asl_alphabet_train/del/del2600.jpg,del,train
data/raw/asl_alphabet_train/del/del2724.jpg,del,train
data/raw/asl_alphabet_train/del/del1606.jpg,del,train
data/raw/asl_alphabet_train/del/del2830.jpg,del,train
data/raw/asl_alphabet_train/del/del1369.jpg,del,train
data/raw/asl_alphabet_train/del/del1362.jpg,del,train
data/raw/asl_alphabet_train/del/del1974.jpg,del,train
data/raw/asl_alphabet_train/del/del724.jpg,del,train
data/raw/asl_alphabet_train/del/del2391.jpg,del,train
data/raw/asl_alphabet_train/del/del340.jpg,del,train
data/raw/asl_alphabet_train/del/del1905.jpg,del,train
data/raw/asl_alphabet_train/del/del2652.jpg,del,train
data/raw/asl_alphabet_train/del/del2165.jpg,del,train
data/raw/asl_alphabet_train/del/del2325.jpg,del,train
data/raw/asl_alphabet_train/del/del530.jpg,del,train
data/raw/asl_alphabet_train/del/del2439.jpg,del,train
data/raw/asl_alphabet_train/del/del1067.jpg,del,train
data/raw/asl_alphabet_train/del/del2180.jpg,del,train
data/raw/asl_alphabet_train/del/del762.jpg,del,train
data/raw/asl_alphabet_train/del/del2143.jpg,del,train
data/raw/asl_alphabet_train/del/del296.jpg,del,train
data/raw/asl_alphabet_train/del/del989.jpg,del,train
data/raw/asl_alphabet_train/del/del295.jpg,del,train
data/raw/asl_alphabet_train/del/del1189.jpg,del,train
data/raw/asl_alphabet_train/del/del324.jpg,del,train
data/raw/asl_alphabet_train/del/del151.jpg,del,train
data/raw/asl_alphabet_train/del/del1378.jpg,del,train
data/raw/asl_alphabet_train/del/del709.jpg,del,train
data/raw/asl_alphabet_train/del/del2516.jpg,del,train
data/raw/asl_alphabet_train/del/del1986.jpg,del,train
data/raw/asl_alphabet_train/del/del1489.jpg,del,train
data/raw/asl_alphabet_train/del/del2814.jpg,del,train
data/raw/asl_alphabet_train/del/del1737.jpg,del,train
data/raw/asl_alphabet_train/del/del40.jpg,del,train
data/raw/asl_alphabet_train/del/del2507.jpg,del,train
data/raw/asl_alphabet_train/del/del947.jpg,del,train
data/raw/asl_alphabet_train/del/del1413.jpg,del,train
data/raw/asl_alphabet_train/del/del1796.jpg,del,train
data/raw/asl_alphabet_train/del/del736.jpg,del,train
data/raw/asl_alphabet_train/del/del917.jpg,del,train
data/raw/asl_alphabet_train/del/del691.jpg,del,train
data/raw/asl_alphabet_train/del/del1425.jpg,del,train
data/raw/asl_alphabet_train/del/del1069.jpg,del,train
data/raw/asl_alphabet_train/del/del2486.jpg,del,train
data/raw/asl_alphabet_train/del/del1815.jpg,del,train
data/raw/asl_alphabet_train/del/del2217.jpg,del,train
data/raw/asl_alphabet_train/del/del1215.jpg,del,train
data/raw/asl_alphabet_train/del/del1385.jpg,del,train
data/raw/asl_alphabet_train/del/del166.jpg,del,train
data/raw/asl_alphabet_train/del/del2767.jpg,del,train
data/raw/asl_alphabet_train/del/del2597.jpg,del,train
data/raw/asl_alphabet_train/del/del2015.jpg,del,train
data/raw/asl_alphabet_train/del/del1829.jpg,del,train
data/raw/asl_alphabet_train/del/del2169.jpg,del,train
data/raw/asl_alphabet_train/del/del2768.jpg,del,train
data/raw/asl_alphabet_train/del/del2547.jpg,del,train
data/raw/asl_alphabet_train/del/del2983.jpg,del,train
data/raw/asl_alphabet_train/del/del761.jpg,del,train
data/raw/asl_alphabet_train/del/del1677.jpg,del,train
data/raw/asl_alphabet_train/del/del2860.jpg,del,train
data/raw/asl_alphabet_train/del/del2078.jpg,del,train
data/raw/asl_alphabet_train/del/del533.jpg,del,train
data/raw/asl_alphabet_train/del/del2763.jpg,del,train
data/raw/asl_alphabet_train/del/del141.jpg,del,train
data/raw/asl_alphabet_train/del/del382.jpg,del,train
data/raw/asl_alphabet_train/del/del2205.jpg,del,train
data/raw/asl_alphabet_train/del/del2977.jpg,del,train
data/raw/asl_alphabet_train/del/del708.jpg,del,train
data/raw/asl_alphabet_train/del/del2005.jpg,del,train
data/raw/asl_alphabet_train/del/del1835.jpg,del,train
data/raw/asl_alphabet_train/del/del2337.jpg,del,train
data/raw/asl_alphabet_train/del/del2445.jpg,del,train
data/raw/asl_alphabet_train/del/del667.jpg,del,train
data/raw/asl_alphabet_train/del/del550.jpg,del,train
data/raw/asl_alphabet_train/del/del126.jpg,del,train
data/raw/asl_alphabet_train/del/del612.jpg,del,train
data/raw/asl_alphabet_train/del/del2108.jpg,del,train
data/raw/asl_alphabet_train/del/del1262.jpg,del,train
data/raw/asl_alphabet_train/del/del673.jpg,del,train
data/raw/asl_alphabet_train/del/del77.jpg,del,train
data/raw/asl_alphabet_train/del/del2480.jpg,del,train
data/raw/asl_alphabet_train/del/del1579.jpg,del,train
data/raw/asl_alphabet_train/del/del1758.jpg,del,train
data/raw/asl_alphabet_train/del/del2351.jpg,del,train
data/raw/asl_alphabet_train/del/del2443.jpg,del,train
data/raw/asl_alphabet_train/del/del1782.jpg,del,train
data/raw/asl_alphabet_train/del/del1144.jpg,del,train
data/raw/asl_alphabet_train/del/del2353.jpg,del,train
data/raw/asl_alphabet_train/del/del2783.jpg,del,train
data/raw/asl_alphabet_train/del/del2232.jpg,del,train
data/raw/asl_alphabet_train/del/del2644.jpg,del,train
data/raw/asl_alphabet_train/del/del2223.jpg,del,train
data/raw/asl_alphabet_train/del/del2564.jpg,del,train
data/raw/asl_alphabet_train/del/del330.jpg,del,train
data/raw/asl_alphabet_train/del/del1802.jpg,del,train
data/raw/asl_alphabet_train/del/del1259.jpg,del,train
data/raw/asl_alphabet_train/del/del491.jpg,del,train
data/raw/asl_alphabet_train/del/del1877.jpg,del,train
data/raw/asl_alphabet_train/del/del482.jpg,del,train
data/raw/asl_alphabet_train/del/del2129.jpg,del,train
data/raw/asl_alphabet_train/del/del2499.jpg,del,train
data/raw/asl_alphabet_train/del/del2557.jpg,del,train
data/raw/asl_alphabet_train/del/del1891.jpg,del,train
data/raw/asl_alphabet_train/del/del1344.jpg,del,train
data/raw/asl_alphabet_train/del/del2904.jpg,del,train
data/raw/asl_alphabet_train/del/del2484.jpg,del,train
data/raw/asl_alphabet_train/del/del9.jpg,del,train
data/raw/asl_alphabet_train/del/del112.jpg,del,train
data/raw/asl_alphabet_train/del/del180.jpg,del,train
data/raw/asl_alphabet_train/del/del985.jpg,del,train
data/raw/asl_alphabet_train/del/del2665.jpg,del,train
data/raw/asl_alphabet_train/del/del1477.jpg,del,train
data/raw/asl_alphabet_train/del/del2475.jpg,del,train
data/raw/asl_alphabet_train/del/del599.jpg,del,train
data/raw/asl_alphabet_train/del/del1450.jpg,del,train
data/raw/asl_alphabet_train/del/del753.jpg,del,train
data/raw/asl_alphabet_train/del/del2576.jpg,del,train
data/raw/asl_alphabet_train/del/del652.jpg,del,train
data/raw/asl_alphabet_train/del/del1404.jpg,del,train
data/raw/asl_alphabet_train/del/del2175.jpg,del,train
data/raw/asl_alphabet_train/del/del1604.jpg,del,train
data/raw/asl_alphabet_train/del/del1361.jpg,del,train
data/raw/asl_alphabet_train/del/del594.jpg,del,train
data/raw/asl_alphabet_train/del/del2974.jpg,del,train
data/raw/asl_alphabet_train/del/del1326.jpg,del,train
data/raw/asl_alphabet_train/del/del248.jpg,del,train
data/raw/asl_alphabet_train/del/del2544.jpg,del,train
data/raw/asl_alphabet_train/del/del1964.jpg,del,train
data/raw/asl_alphabet_train/del/del2683.jpg,del,train
data/raw/asl_alphabet_train/del/del948.jpg,del,train
data/raw/asl_alphabet_train/del/del1750.jpg,del,train
data/raw/asl_alphabet_train/del/del1277.jpg,del,train
data/raw/asl_alphabet_train/del/del2944.jpg,del,train
data/raw/asl_alphabet_train/del/del1356.jpg,del,train
data/raw/asl_alphabet_train/del/del2871.jpg,del,train
data/raw/asl_alphabet_train/del/del360.jpg,del,train
data/raw/asl_alphabet_train/del/del2712.jpg,del,train
data/raw/asl_alphabet_train/del/del2088.jpg,del,train
data/raw/asl_alphabet_train/del/del29.jpg,del,train
data/raw/asl_alphabet_train/del/del186.jpg,del,train
data/raw/asl_alphabet_train/del/del1922.jpg,del,train
data/raw/asl_alphabet_train/del/del2899.jpg,del,train
data/raw/asl_alphabet_train/del/del1002.jpg,del,train
data/raw/asl_alphabet_train/del/del2636.jpg,del,train
data/raw/asl_alphabet_train/del/del1246.jpg,del,train
data/raw/asl_alphabet_train/del/del1531.jpg,del,train
data/raw/asl_alphabet_train/del/del1032.jpg,del,train
data/raw/asl_alphabet_train/del/del2442.jpg,del,train
data/raw/asl_alphabet_train/del/del496.jpg,del,train
data/raw/asl_alphabet_train/del/del435.jpg,del,train
data/raw/asl_alphabet_train/del/del847.jpg,del,train
data/raw/asl_alphabet_train/del/del1979.jpg,del,train
data/raw/asl_alphabet_train/del/del142.jpg,del,train
data/raw/asl_alphabet_train/del/del1296.jpg,del,train
data/raw/asl_alphabet_train/del/del1880.jpg,del,train
data/raw/asl_alphabet_train/del/del988.jpg,del,train
data/raw/asl_alphabet_train/del/del2986.jpg,del,train
data/raw/asl_alphabet_train/del/del982.jpg,del,train
data/raw/asl_alphabet_train/del/del2551.jpg,del,train
data/raw/asl_alphabet_train/del/del1965.jpg,del,train
data/raw/asl_alphabet_train/del/del2233.jpg,del,train
data/raw/asl_alphabet_train/del/del320.jpg,del,train
data/raw/asl_alphabet_train/del/del1732.jpg,del,train
data/raw/asl_alphabet_train/del/del2816.jpg,del,train
data/raw/asl_alphabet_train/del/del1967.jpg,del,train
data/raw/asl_alphabet_train/del/del2643.jpg,del,train
data/raw/asl_alphabet_train/del/del1886.jpg,del,train
data/raw/asl_alphabet_train/del/del1110.jpg,del,train
data/raw/asl_alphabet_train/del/del503.jpg,del,train
data/raw/asl_alphabet_train/del/del2463.jpg,del,train
data/raw/asl_alphabet_train/del/del593.jpg,del,train
data/raw/asl_alphabet_train/del/del2193.jpg,del,train
data/raw/asl_alphabet_train/del/del639.jpg,del,train
data/raw/asl_alphabet_train/del/del485.jpg,del,train
data/raw/asl_alphabet_train/del/del1686.jpg,del,train
data/raw/asl_alphabet_train/del/del96.jpg,del,train
data/raw/asl_alphabet_train/del/del2747.jpg,del,train
data/raw/asl_alphabet_train/del/del1621.jpg,del,train
data/raw/asl_alphabet_train/del/del2548.jpg,del,train
data/raw/asl_alphabet_train/del/del2350.jpg,del,train
data/raw/asl_alphabet_train/del/del2364.jpg,del,train
data/raw/asl_alphabet_train/del/del2263.jpg,del,train
data/raw/asl_alphabet_train/del/del1039.jpg,del,train
data/raw/asl_alphabet_train/del/del279.jpg,del,train
data/raw/asl_alphabet_train/del/del621.jpg,del,train
data/raw/asl_alphabet_train/del/del2697.jpg,del,train
data/raw/asl_alphabet_train/del/del1159.jpg,del,train
data/raw/asl_alphabet_train/del/del519.jpg,del,train
data/raw/asl_alphabet_train/del/del878.jpg,del,train
data/raw/asl_alphabet_train/del/del1801.jpg,del,train
data/raw/asl_alphabet_train/del/del763.jpg,del,train
data/raw/asl_alphabet_train/del/del2168.jpg,del,train
data/raw/asl_alphabet_train/del/del409.jpg,del,train
data/raw/asl_alphabet_train/del/del765.jpg,del,train
data/raw/asl_alphabet_train/del/del524.jpg,del,train
data/raw/asl_alphabet_train/del/del615.jpg,del,train
data/raw/asl_alphabet_train/del/del282.jpg,del,train
data/raw/asl_alphabet_train/del/del2732.jpg,del,train
data/raw/asl_alphabet_train/del/del2980.jpg,del,train
data/raw/asl_alphabet_train/del/del1608.jpg,del,train
data/raw/asl_alphabet_train/del/del2972.jpg,del,train
data/raw/asl_alphabet_train/del/del2413.jpg,del,train
data/raw/asl_alphabet_train/del/del1019.jpg,del,train
data/raw/asl_alphabet_train/del/del711.jpg,del,train
data/raw/asl_alphabet_train/del/del165.jpg,del,train
data/raw/asl_alphabet_train/del/del294.jpg,del,train
data/raw/asl_alphabet_train/del/del2355.jpg,del,train
data/raw/asl_alphabet_train/del/del1712.jpg,del,train
data/raw/asl_alphabet_train/del/del1034.jpg,del,train
data/raw/asl_alphabet_train/del/del620.jpg,del,train
data/raw/asl_alphabet_train/del/del1117.jpg,del,train
data/raw/asl_alphabet_train/del/del712.jpg,del,train
data/raw/asl_alphabet_train/del/del2685.jpg,del,train
data/raw/asl_alphabet_train/del/del1330.jpg,del,train
data/raw/asl_alphabet_train/del/del2886.jpg,del,train
data/raw/asl_alphabet_train/del/del990.jpg,del,train
data/raw/asl_alphabet_train/del/del212.jpg,del,train
data/raw/asl_alphabet_train/del/del1559.jpg,del,train
data/raw/asl_alphabet_train/del/del134.jpg,del,train
data/raw/asl_alphabet_train/del/del1115.jpg,del,train
data/raw/asl_alphabet_train/del/del5.jpg,del,train
data/raw/asl_alphabet_train/del/del2137.jpg,del,train
data/raw/asl_alphabet_train/del/del413.jpg,del,train
data/raw/asl_alphabet_train/del/del1527.jpg,del,train
data/raw/asl_alphabet_train/del/del1026.jpg,del,train
data/raw/asl_alphabet_train/del/del1706.jpg,del,train
data/raw/asl_alphabet_train/del/del2315.jpg,del,train
data/raw/asl_alphabet_train/del/del2100.jpg,del,train
data/raw/asl_alphabet_train/del/del1832.jpg,del,train
data/raw/asl_alphabet_train/del/del2865.jpg,del,train
data/raw/asl_alphabet_train/del/del1232.jpg,del,train
data/raw/asl_alphabet_train/del/del2781.jpg,del,train
data/raw/asl_alphabet_train/del/del433.jpg,del,train
data/raw/asl_alphabet_train/del/del1407.jpg,del,train
data/raw/asl_alphabet_train/del/del2002.jpg,del,train
data/raw/asl_alphabet_train/del/del777.jpg,del,train
data/raw/asl_alphabet_train/del/del1846.jpg,del,train
data/raw/asl_alphabet_train/del/del514.jpg,del,train
data/raw/asl_alphabet_train/del/del583.jpg,del,train
data/raw/asl_alphabet_train/del/del979.jpg,del,train
data/raw/asl_alphabet_train/del/del117.jpg,del,train
data/raw/asl_alphabet_train/del/del1485.jpg,del,train
data/raw/asl_alphabet_train/del/del2387.jpg,del,train
data/raw/asl_alphabet_train/del/del2051.jpg,del,train
data/raw/asl_alphabet_train/del/del2084.jpg,del,train
data/raw/asl_alphabet_train/del/del2098.jpg,del,train
data/raw/asl_alphabet_train/del/del725.jpg,del,train
data/raw/asl_alphabet_train/del/del1981.jpg,del,train
data/raw/asl_alphabet_train/del/del327.jpg,del,train
data/raw/asl_alphabet_train/del/del1152.jpg,del,train
data/raw/asl_alphabet_train/del/del2222.jpg,del,train
data/raw/asl_alphabet_train/del/del1662.jpg,del,train
data/raw/asl_alphabet_train/del/del1864.jpg,del,train
data/raw/asl_alphabet_train/del/del75.jpg,del,train
data/raw/asl_alphabet_train/del/del969.jpg,del,train
data/raw/asl_alphabet_train/del/del2066.jpg,del,train
data/raw/asl_alphabet_train/del/del2859.jpg,del,train
data/raw/asl_alphabet_train/del/del579.jpg,del,train
data/raw/asl_alphabet_train/del/del775.jpg,del,train
data/raw/asl_alphabet_train/del/del2173.jpg,del,train
data/raw/asl_alphabet_train/del/del980.jpg,del,train
data/raw/asl_alphabet_train/del/del2992.jpg,del,train
data/raw/asl_alphabet_train/del/del609.jpg,del,train
data/raw/asl_alphabet_train/del/del2696.jpg,del,train
data/raw/asl_alphabet_train/del/del72.jpg,del,train
data/raw/asl_alphabet_train/del/del262.jpg,del,train
data/raw/asl_alphabet_train/del/del2144.jpg,del,train
data/raw/asl_alphabet_train/del/del1167.jpg,del,train
data/raw/asl_alphabet_train/del/del1299.jpg,del,train
data/raw/asl_alphabet_train/del/del1126.jpg,del,train
data/raw/asl_alphabet_train/del/del2584.jpg,del,train
data/raw/asl_alphabet_train/del/del1585.jpg,del,train
data/raw/asl_alphabet_train/del/del1482.jpg,del,train
data/raw/asl_alphabet_train/del/del968.jpg,del,train
data/raw/asl_alphabet_train/del/del1280.jpg,del,train
data/raw/asl_alphabet_train/del/del108.jpg,del,train
data/raw/asl_alphabet_train/del/del2086.jpg,del,train
data/raw/asl_alphabet_train/del/del2629.jpg,del,train
data/raw/asl_alphabet_train/del/del830.jpg,del,train
data/raw/asl_alphabet_train/del/del859.jpg,del,train
data/raw/asl_alphabet_train/del/del498.jpg,del,train
data/raw/asl_alphabet_train/del/del2533.jpg,del,train
data/raw/asl_alphabet_train/del/del1364.jpg,del,train
data/raw/asl_alphabet_train/del/del2759.jpg,del,train
data/raw/asl_alphabet_train/del/del2214.jpg,del,train
data/raw/asl_alphabet_train/del/del2052.jpg,del,train
data/raw/asl_alphabet_train/del/del2366.jpg,del,train
data/raw/asl_alphabet_train/del/del2797.jpg,del,train
data/raw/asl_alphabet_train/del/del1293.jpg,del,train
data/raw/asl_alphabet_train/del/del2909.jpg,del,train
data/raw/asl_alphabet_train/del/del2285.jpg,del,train
data/raw/asl_alphabet_train/del/del1781.jpg,del,train
data/raw/asl_alphabet_train/del/del2167.jpg,del,train
data/raw/asl_alphabet_train/del/del463.jpg,del,train
data/raw/asl_alphabet_train/del/del972.jpg,del,train
data/raw/asl_alphabet_train/del/del234.jpg,del,train
data/raw/asl_alphabet_train/del/del832.jpg,del,train
data/raw/asl_alphabet_train/del/del1756.jpg,del,train
data/raw/asl_alphabet_train/del/del175.jpg,del,train
data/raw/asl_alphabet_train/del/del2433.jpg,del,train
data/raw/asl_alphabet_train/del/del1533.jpg,del,train
data/raw/asl_alphabet_train/del/del66.jpg,del,train
data/raw/asl_alphabet_train/del/del2714.jpg,del,train
data/raw/asl_alphabet_train/del/del640.jpg,del,train
data/raw/asl_alphabet_train/del/del1454.jpg,del,train
data/raw/asl_alphabet_train/del/del1027.jpg,del,train
data/raw/asl_alphabet_train/del/del1384.jpg,del,train
data/raw/asl_alphabet_train/del/del1399.jpg,del,train
data/raw/asl_alphabet_train/del/del1417.jpg,del,train
data/raw/asl_alphabet_train/del/del144.jpg,del,train
data/raw/asl_alphabet_train/del/del2308.jpg,del,train
data/raw/asl_alphabet_train/del/del162.jpg,del,train
data/raw/asl_alphabet_train/del/del1642.jpg,del,train
data/raw/asl_alphabet_train/del/del1335.jpg,del,train
data/raw/asl_alphabet_train/del/del783.jpg,del,train
data/raw/asl_alphabet_train/del/del564.jpg,del,train
data/raw/asl_alphabet_train/del/del522.jpg,del,train
data/raw/asl_alphabet_train/del/del2549.jpg,del,train
data/raw/asl_alphabet_train/del/del38.jpg,del,train
data/raw/asl_alphabet_train/del/del2090.jpg,del,train
data/raw/asl_alphabet_train/del/del1754.jpg,del,train
data/raw/asl_alphabet_train/del/del1768.jpg,del,train
data/raw/asl_alphabet_train/del/del220.jpg,del,train
data/raw/asl_alphabet_train/del/del585.jpg,del,train
data/raw/asl_alphabet_train/del/del299.jpg,del,train
data/raw/asl_alphabet_train/del/del2075.jpg,del,train
data/raw/asl_alphabet_train/del/del145.jpg,del,train
data/raw/asl_alphabet_train/del/del964.jpg,del,train
data/raw/asl_alphabet_train/del/del157.jpg,del,train
data/raw/asl_alphabet_train/del/del1995.jpg,del,train
data/raw/asl_alphabet_train/del/del815.jpg,del,train
data/raw/asl_alphabet_train/del/del2392.jpg,del,train
data/raw/asl_alphabet_train/del/del260.jpg,del,train
data/raw/asl_alphabet_train/del/del85.jpg,del,train
data/raw/asl_alphabet_train/del/del2306.jpg,del,train
data/raw/asl_alphabet_train/del/del2794.jpg,del,train
data/raw/asl_alphabet_train/del/del1496.jpg,del,train
data/raw/asl_alphabet_train/del/del508.jpg,del,train
data/raw/asl_alphabet_train/del/del1721.jpg,del,train
data/raw/asl_alphabet_train/del/del2839.jpg,del,train
data/raw/asl_alphabet_train/del/del1291.jpg,del,train
data/raw/asl_alphabet_train/del/del1998.jpg,del,train
data/raw/asl_alphabet_train/del/del2782.jpg,del,train
data/raw/asl_alphabet_train/del/del1704.jpg,del,train
data/raw/asl_alphabet_train/del/del931.jpg,del,train
data/raw/asl_alphabet_train/del/del1419.jpg,del,train
data/raw/asl_alphabet_train/del/del1945.jpg,del,train
data/raw/asl_alphabet_train/del/del2614.jpg,del,train
data/raw/asl_alphabet_train/del/del328.jpg,del,train
data/raw/asl_alphabet_train/del/del2788.jpg,del,train
data/raw/asl_alphabet_train/del/del731.jpg,del,train
data/raw/asl_alphabet_train/del/del2601.jpg,del,train
data/raw/asl_alphabet_train/del/del1493.jpg,del,train
data/raw/asl_alphabet_train/del/del304.jpg,del,train
data/raw/asl_alphabet_train/del/del2577.jpg,del,train
data/raw/asl_alphabet_train/del/del774.jpg,del,train
data/raw/asl_alphabet_train/del/del751.jpg,del,train
data/raw/asl_alphabet_train/del/del1442.jpg,del,train
data/raw/asl_alphabet_train/del/del82.jpg,del,train
data/raw/asl_alphabet_train/del/del1149.jpg,del,train
data/raw/asl_alphabet_train/del/del10.jpg,del,train
data/raw/asl_alphabet_train/del/del1933.jpg,del,train
data/raw/asl_alphabet_train/del/del1775.jpg,del,val
data/raw/asl_alphabet_train/del/del928.jpg,del,val
data/raw/asl_alphabet_train/del/del1435.jpg,del,val
data/raw/asl_alphabet_train/del/del2060.jpg,del,val
data/raw/asl_alphabet_train/del/del684.jpg,del,val
data/raw/asl_alphabet_train/del/del538.jpg,del,val
data/raw/asl_alphabet_train/del/del2145.jpg,del,val
data/raw/asl_alphabet_train/del/del1719.jpg,del,val
data/raw/asl_alphabet_train/del/del1113.jpg,del,val
data/raw/asl_alphabet_train/del/del2156.jpg,del,val
data/raw/asl_alphabet_train/del/del2649.jpg,del,val
data/raw/asl_alphabet_train/del/del1693.jpg,del,val
data/raw/asl_alphabet_train/del/del1849.jpg,del,val
data/raw/asl_alphabet_train/del/del2277.jpg,del,val
data/raw/asl_alphabet_train/del/del2773.jpg,del,val
data/raw/asl_alphabet_train/del/del2441.jpg,del,val
data/raw/asl_alphabet_train/del/del2210.jpg,del,val
data/raw/asl_alphabet_train/del/del2967.jpg,del,val
data/raw/asl_alphabet_train/del/del37.jpg,del,val
data/raw/asl_alphabet_train/del/del1785.jpg,del,val
data/raw/asl_alphabet_train/del/del1711.jpg,del,val
data/raw/asl_alphabet_train/del/del2894.jpg,del,val
data/raw/asl_alphabet_train/del/del232.jpg,del,val
data/raw/asl_alphabet_train/del/del445.jpg,del,val
data/raw/asl_alphabet_train/del/del2453.jpg,del,val
data/raw/asl_alphabet_train/del/del2407.jpg,del,val
data/raw/asl_alphabet_train/del/del2415.jpg,del,val
data/raw/asl_alphabet_train/del/del1549.jpg,del,val
data/raw/asl_alphabet_train/del/del464.jpg,del,val
data/raw/asl_alphabet_train/del/del1717.jpg,del,val
data/raw/asl_alphabet_train/del/del11.jpg,del,val
data/raw/asl_alphabet_train/del/del95.jpg,del,val
data/raw/asl_alphabet_train/del/del2999.jpg,del,val
data/raw/asl_alphabet_train/del/del767.jpg,del,val
data/raw/asl_alphabet_train/del/del1251.jpg,del,val
data/raw/asl_alphabet_train/del/del2038.jpg,del,val
data/raw/asl_alphabet_train/del/del787.jpg,del,val
data/raw/asl_alphabet_train/del/del648.jpg,del,val
data/raw/asl_alphabet_train/del/del1946.jpg,del,val
data/raw/asl_alphabet_train/del/del1511.jpg,del,val
data/raw/asl_alphabet_train/del/del2235.jpg,del,val
data/raw/asl_alphabet_train/del/del949.jpg,del,val
data/raw/asl_alphabet_train/del/del1892.jpg,del,val
data/raw/asl_alphabet_train/del/del2449.jpg,del,val
data/raw/asl_alphabet_train/del/del1373.jpg,del,val
data/raw/asl_alphabet_train/del/del440.jpg,del,val
data/raw/asl_alphabet_train/del/del2770.jpg,del,val
data/raw/asl_alphabet_train/del/del2184.jpg,del,val
data/raw/asl_alphabet_train/del/del902.jpg,del,val
data/raw/asl_alphabet_train/del/del2742.jpg,del,val
data/raw/asl_alphabet_train/del/del1665.jpg,del,val
data/raw/asl_alphabet_train/del/del625.jpg,del,val
data/raw/asl_alphabet_train/del/del50.jpg,del,val
data/raw/asl_alphabet_train/del/del664.jpg,del,val
data/raw/asl_alphabet_train/del/del2283.jpg,del,val
data/raw/asl_alphabet_train/del/del1210.jpg,del,val
data/raw/asl_alphabet_train/del/del1720.jpg,del,val
data/raw/asl_alphabet_train/del/del1553.jpg,del,val
data/raw/asl_alphabet_train/del/del1850.jpg,del,val
data/raw/asl_alphabet_train/del/del377.jpg,del,val
data/raw/asl_alphabet_train/del/del2565.jpg,del,val
data/raw/asl_alphabet_train/del/del2981.jpg,del,val
data/raw/asl_alphabet_train/del/del198.jpg,del,val
data/raw/asl_alphabet_train/del/del235.jpg,del,val
data/raw/asl_alphabet_train/del/del1636.jpg,del,val
data/raw/asl_alphabet_train/del/del1466.jpg,del,val
data/raw/asl_alphabet_train/del/del1415.jpg,del,val
data/raw/asl_alphabet_train/del/del2670.jpg,del,val
data/raw/asl_alphabet_train/del/del390.jpg,del,val
data/raw/asl_alphabet_train/del/del2526.jpg,del,val
data/raw/asl_alphabet_train/del/del2832.jpg,del,val
data/raw/asl_alphabet_train/del/del2581.jpg,del,val
data/raw/asl_alphabet_train/del/del307.jpg,del,val
data/raw/asl_alphabet_train/del/del2324.jpg,del,val
data/raw/asl_alphabet_train/del/del263.jpg,del,val
data/raw/asl_alphabet_train/del/del2430.jpg,del,val
data/raw/asl_alphabet_train/del/del2857.jpg,del,val
data/raw/asl_alphabet_train/del/del2930.jpg,del,val
data/raw/asl_alphabet_train/del/del474.jpg,del,val
data/raw/asl_alphabet_train/del/del92.jpg,del,val
data/raw/asl_alphabet_train/del/del2621.jpg,del,val
data/raw/asl_alphabet_train/del/del429.jpg,del,val
data/raw/asl_alphabet_train/del/del1958.jpg,del,val
data/raw/asl_alphabet_train/del/del1912.jpg,del,val
data/raw/asl_alphabet_train/del/del148.jpg,del,val
data/raw/asl_alphabet_train/del/del2846.jpg,del,val
data/raw/asl_alphabet_train/del/del1939.jpg,del,val
data/raw/asl_alphabet_train/del/del2605.jpg,del,val
data/raw/asl_alphabet_train/del/del892.jpg,del,val
data/raw/asl_alphabet_train/del/del2172.jpg,del,val
data/raw/asl_alphabet_train/del/del2733.jpg,del,test
data/raw/asl_alphabet_train/del/del1051.jpg,del,test
data/raw/asl_alphabet_train/del/del2566.jpg,del,test
data/raw/asl_alphabet_train/del/del2825.jpg,del,test
data/raw/asl_alphabet_train/del/del2183.jpg,del,test
data/raw/asl_alphabet_train/del/del1294.jpg,del,test
data/raw/asl_alphabet_train/del/del2681.jpg,del,test
data/raw/asl_alphabet_train/del/del2458.jpg,del,test
data/raw/asl_alphabet_train/del/del1736.jpg,del,test
data/raw/asl_alphabet_train/del/del2862.jpg,del,test
data/raw/asl_alphabet_train/del/del1790.jpg,del,test
data/raw/asl_alphabet_train/del/del174.jpg,del,test
data/raw/asl_alphabet_train/del/del2202.jpg,del,test
data/raw/asl_alphabet_train/del/del1524.jpg,del,test
data/raw/asl_alphabet_train/del/del890.jpg,del,test
data/raw/asl_alphabet_train/del/del146.jpg,del,test
data/raw/asl_alphabet_train/del/del1273.jpg,del,test
data/raw/asl_alphabet_train/del/del2200.jpg,del,test
data/raw/asl_alphabet_train/del/del577.jpg,del,test
data/raw/asl_alphabet_train/del/del932.jpg,del,test
data/raw/asl_alphabet_train/del/del2267.jpg,del,test
data/raw/asl_alphabet_train/del/del2758.jpg,del,test
data/raw/asl_alphabet_train/del/del517.jpg,del,test
data/raw/asl_alphabet_train/del/del226.jpg,del,test
data/raw/asl_alphabet_train/del/del2375.jpg,del,test
data/raw/asl_alphabet_train/del/del2985.jpg,del,test
data/raw/asl_alphabet_train/del/del1465.jpg,del,test
data/raw/asl_alphabet_train/del/del1996.jpg,del,test
data/raw/asl_alphabet_train/del/del164.jpg,del,test
data/raw/asl_alphabet_train/del/del2282.jpg,del,test
data/raw/asl_alphabet_train/del/del1193.jpg,del,test
data/raw/asl_alphabet_train/del/del1968.jpg,del,test
data/raw/asl_alphabet_train/del/del1622.jpg,del,test
data/raw/asl_alphabet_train/del/del2246.jpg,del,test
data/raw/asl_alphabet_train/del/del1207.jpg,del,test
data/raw/asl_alphabet_train/del/del984.jpg,del,test
data/raw/asl_alphabet_train/del/del913.jpg,del,test
data/raw/asl_alphabet_train/del/del271.jpg,del,test
data/raw/asl_alphabet_train/del/del575.jpg,del,test
data/raw/asl_alphabet_train/del/del290.jpg,del,test
data/raw/asl_alphabet_train/del/del2340.jpg,del,test
data/raw/asl_alphabet_train/del/del1138.jpg,del,test
data/raw/asl_alphabet_train/del/del2540.jpg,del,test
data/raw/asl_alphabet_train/del/del2989.jpg,del,test
data/raw/asl_alphabet_train/del/del2299.jpg,del,test
data/raw/asl_alphabet_train/del/del1398.jpg,del,test
data/raw/asl_alphabet_train/del/del231.jpg,del,test
data/raw/asl_alphabet_train/del/del373.jpg,del,test
data/raw/asl_alphabet_train/del/del1245.jpg,del,test
data/raw/asl_alphabet_train/del/del870.jpg,del,test
data/raw/asl_alphabet_train/del/del739.jpg,del,test
data/raw/asl_alphabet_train/del/del1695.jpg,del,test
data/raw/asl_alphabet_train/del/del437.jpg,del,test
data/raw/asl_alphabet_train/del/del2799.jpg,del,test
data/raw/asl_alphabet_train/del/del1208.jpg,del,test
data/raw/asl_alphabet_train/del/del2421.jpg,del,test
data/raw/asl_alphabet_train/del/del452.jpg,del,test
data/raw/asl_alphabet_train/del/del2329.jpg,del,test
data/raw/asl_alphabet_train/del/del131.jpg,del,test
data/raw/asl_alphabet_train/del/del252.jpg,del,test
data/raw/asl_alphabet_train/del/del227.jpg,del,test
data/raw/asl_alphabet_train/del/del515.jpg,del,test
data/raw/asl_alphabet_train/del/del1322.jpg,del,test
data/raw/asl_alphabet_train/del/del269.jpg,del,test
data/raw/asl_alphabet_train/del/del2383.jpg,del,test
data/raw/asl_alphabet_train/del/del2240.jpg,del,test
data/raw/asl_alphabet_train/del/del448.jpg,del,test
data/raw/asl_alphabet_train/del/del1452.jpg,del,test
data/raw/asl_alphabet_train/del/del2632.jpg,del,test
data/raw/asl_alphabet_train/del/del345.jpg,del,test
data/raw/asl_alphabet_train/del/del655.jpg,del,test
data/raw/asl_alphabet_train/del/del2847.jpg,del,test
data/raw/asl_alphabet_train/del/del601.jpg,del,test
data/raw/asl_alphabet_train/del/del492.jpg,del,test
data/raw/asl_alphabet_train/del/del1030.jpg,del,test
data/raw/asl_alphabet_train/del/del1770.jpg,del,test
data/raw/asl_alphabet_train/del/del2585.jpg,del,test
data/raw/asl_alphabet_train/del/del2863.jpg,del,test
data/raw/asl_alphabet_train/del/del2693.jpg,del,test
data/raw/asl_alphabet_train/del/del39.jpg,del,test
data/raw/asl_alphabet_train/del/del1554.jpg,del,test
data/raw/asl_alphabet_train/del/del1081.jpg,del,test
data/raw/asl_alphabet_train/del/del510.jpg,del,test
data/raw/asl_alphabet_train/del/del1099.jpg,del,test
data/raw/asl_alphabet_train/del/del365.jpg,del,test
data/raw/asl_alphabet_train/del/del150.jpg,del,test
data/raw/asl_alphabet_train/del/del1517.jpg,del,test
data/raw/asl_alphabet_train/del/del836.jpg,del,test
data/raw/asl_alphabet_train/del/del819.jpg,del,test
data/raw/asl_alphabet_train/del/del2048.jpg,del,test
data/raw/asl_alphabet_train/nothing/nothing625.jpg,nothing,train
data/raw/asl_alphabet_train/nothing/nothing2468.jpg,nothing,train
data/raw/asl_alphabet_train/nothing/nothing1418.jpg,nothing,train
data/raw/asl_alphabet_train/nothing/nothing495.jpg,nothing,train
data/raw/asl_alphabet_train/nothing/nothing241.jpg,nothing,train
data/raw/asl_alphabet_train/nothing/nothing136.jpg,nothing,train
data/raw/asl_alphabet_train/nothing/nothing2816.jpg,nothing,train
data/raw/asl_alphabet_train/nothing/nothing928.jpg,nothing,train
data/raw/asl_alphabet_train/nothing/nothing402.jpg,nothing,train
data/raw/asl_alphabet_train/nothing/nothing1356.jpg,nothing,train
data/raw/asl_alphabet_train/nothing/nothing39.jpg,nothing,train
data/raw/asl_alphabet_train/nothing/nothing208.jpg,nothing,train
data/raw/asl_alphabet_train/nothing/nothing1970.jpg,nothing,train
data/raw/asl_alphabet_train/nothing/nothing290.jpg,nothing,train
data/raw/asl_alphabet_train/nothing/nothing1561.jpg,nothing,train
data/raw/asl_alphabet_train/nothing/nothing1448.jpg,nothing,train
data/raw/asl_alphabet_train/nothing/nothing415.jpg,nothing,train
data/raw/asl_alphabet_train/nothing/nothing91.jpg,nothing,train
data/raw/asl_alphabet_train/nothing/nothing482.jpg,nothing,train
data/raw/asl_alphabet_train/nothing/nothing1164.jpg,nothing,train
data/raw/asl_alphabet_train/nothing/nothing568.jpg,nothing,train
data/raw/asl_alphabet_train/nothing/nothing1143.jpg,nothing,train
data/raw/asl_alphabet_train/nothing/nothing2719.jpg,nothing,train
data/raw/asl_alphabet_train/nothing/nothing2178.jpg,nothing,train
data/raw/asl_alphabet_train/nothing/nothing2710.jpg,nothing,train
data/raw/asl_alphabet_train/nothing/nothing343.jpg,nothing,train
data/raw/asl_alphabet_train/nothing/nothing2194.jpg,nothing,train
data/raw/asl_alphabet_train/nothing/nothing1148.jpg,nothing,train
data/raw/asl_alphabet_train/nothing/nothing2257.jpg,nothing,train
data/raw/asl_alphabet_train/nothing/nothing2039.jpg,nothing,train
data/raw/asl_alphabet_train/nothing/nothing1621.jpg,nothing,train
data/raw/asl_alphabet_train/nothing/nothing2246.jpg,nothing,train
data/raw/asl_alphabet_train/nothing/nothing2474.jpg,nothing,train
data/raw/asl_alphabet_train/nothing/nothing1747.jpg,nothing,train
data/raw/asl_alphabet_train/nothing/nothing630.jpg,nothing,train
data/raw/asl_alphabet_train/nothing/nothing820.jpg,nothing,train
data/raw/asl_alphabet_train/nothing/nothing2053.jpg,nothing,train
data/raw/asl_alphabet_train/nothing/nothing1640.jpg,nothing,train
data/raw/asl_alphabet_train/nothing/nothing156.jpg,nothing,train
data/raw/asl_alphabet_train/nothing/nothing2111.jpg,nothing,train
data/raw/asl_alphabet_train/nothing/nothing893.jpg,nothing,train
data/raw/asl_alphabet_train/nothing/nothing1636.jpg,nothing,train
data/raw/asl_alphabet_train/nothing/nothing2089.jpg,nothing,train
data/raw/asl_alphabet_train/nothing/nothing668.jpg,nothing,train
data/raw/asl_alphabet_train/nothing/nothing2859.jpg,nothing,train
data/raw/asl_alphabet_train/nothing/nothing190.jpg,nothing,train
data/raw/asl_alphabet_train/nothing/nothing879.jpg,nothing,train
data/raw/asl_alphabet_train/nothing/nothing600.jpg,nothing,train
data/raw/asl_alphabet_train/nothing/nothing940.jpg,nothing,train
data/raw/asl_alphabet_train/nothing/nothing2240.jpg,nothing,train
data/raw/asl_alphabet_train/nothing/nothing2650.jpg,nothing,train
data/raw/asl_alphabet_train/nothing/nothing2399.jpg,nothing,train
data/raw/asl_alphabet_train/nothing/nothing2368.jpg,nothing,train
data/raw/asl_alphabet_train/nothing/nothing966.jpg,nothing,train
data/raw/asl_alphabet_train/nothing/nothing1602.jpg,nothing,train
data/raw/asl_alphabet_train/nothing/nothing1138.jpg,nothing,train
data/raw/asl_alphabet_train/nothing/nothing1405.jpg,nothing,train
data/raw/asl_alphabet_train/nothing/nothing1236.jpg,nothing,train
data/raw/asl_alphabet_train/nothing/nothing1837.jpg,nothing,train
data/raw/asl_alphabet_train/nothing/nothing935.jpg,nothing,train
data/raw/asl_alphabet_train/nothing/nothing1962.jpg,nothing,train
data/raw/asl_alphabet_train/nothing/nothing2161.jpg,nothing,train
data/raw/asl_alphabet_train/nothing/nothing839.jpg,nothing,train
data/raw/asl_alphabet_train/nothing/nothing1922.jpg,nothing,train
data/raw/asl_alphabet_train/nothing/nothing1787.jpg,nothing,train
data/raw/asl_alphabet_train/nothing/nothing882.jpg,nothing,train
data/raw/asl_alphabet_train/nothing/nothing788.jpg,nothing,train
data/raw/asl_alphabet_train/nothing/nothing1511.jpg,nothing,train
data/raw/asl_alphabet_train/nothing/nothing2074.jpg,nothing,train
data/raw/asl_alphabet_train/nothing/nothing35.jpg,nothing,train
data/raw/asl_alphabet_train/nothing/nothing2587.jpg,nothing,train
data/raw/asl_alphabet_train/nothing/nothing21.jpg,nothing,train
data/raw/asl_alphabet_train/nothing/nothing2899.jpg,nothing,train
data/raw/asl_alphabet_train/nothing/nothing1683.jpg,nothing,train
data/raw/asl_alphabet_train/nothing/nothing1261.jpg,nothing,train
data/raw/asl_alphabet_train/nothing/nothing1930.jpg,nothing,train
data/raw/asl_alphabet_train/nothing/nothing858.jpg,nothing,train
data/raw/asl_alphabet_train/nothing/nothing2254.jpg,nothing,train
data/raw/asl_alphabet_train/nothing/nothing1339.jpg,nothing,train
data/raw/asl_alphabet_train/nothing/nothing1157.jpg,nothing,train
data/raw/asl_alphabet_train/nothing/nothing1491.jpg,nothing,train
data/raw/asl_alphabet_train/nothing/nothing2152.jpg,nothing,train
data/raw/asl_alphabet_train/nothing/nothing1526.jpg,nothing,train
data/raw/asl_alphabet_train/nothing/nothing2096.jpg,nothing,train
data/raw/asl_alphabet_train/nothing/nothing652.jpg,nothing,train
data/raw/asl_alphabet_train/nothing/nothing138.jpg,nothing,train
data/raw/asl_alphabet_train/nothing/nothing345.jpg,nothing,train
data/raw/asl_alphabet_train/nothing/nothing2615.jpg,nothing,train
data/raw/asl_alphabet_train/nothing/nothing2009.jpg,nothing,train
data/raw/asl_alphabet_train/nothing/nothing993.jpg,nothing,train
data/raw/asl_alphabet_train/nothing/nothing1827.jpg,nothing,train
data/raw/asl_alphabet_train/nothing/nothing864.jpg,nothing,train
data/raw/asl_alphabet_train/nothing/nothing1906.jpg,nothing,train
data/raw/asl_alphabet_train/nothing/nothing2417.jpg,nothing,train
data/raw/asl_alphabet_train/nothing/nothing320.jpg,nothing,train
data/raw/asl_alphabet_train/nothing/nothing583.jpg,nothing,train
data/raw/asl_alphabet_train/nothing/nothing2245.jpg,nothing,train
data/raw/asl_alphabet_train/nothing/nothing387.jpg,nothing,train
data/raw/asl_alphabet_train/nothing/nothing2416.jpg,nothing,train
data/raw/asl_alphabet_train/nothing/nothing2828.jpg,nothing,train
data/raw/asl_alphabet_train/nothing/nothing2358.jpg,nothing,train
data/raw/asl_alphabet_train/nothing/nothing1023.jpg,nothing,train
data/raw/asl_alphabet_train/nothing/nothing792.jpg,nothing,train
data/raw/asl_alphabet_train/nothing/nothing2418.jpg,nothing,train
data/raw/asl_alphabet_train/nothing/nothing221.jpg,nothing,train
data/raw/asl_alphabet_train/nothing/nothing1059.jpg,nothing,train
data/raw/asl_alphabet_train/nothing/nothing1956.jpg,nothing,train
data/raw/asl_alphabet_train/nothing/nothing1795.jpg,nothing,train
data/raw/asl_alphabet_train/nothing/nothing1675.jpg,nothing,train
data/raw/asl_alphabet_train/nothing/nothing829.jpg,nothing,train
data/raw/asl_alphabet_train/nothing/nothing453.jpg,nothing,train
data/raw/asl_alphabet_train/nothing/nothing2110.jpg,nothing,train
data/raw/asl_alphabet_train/nothing/nothing808.jpg,nothing,train
data/raw/asl_alphabet_train/nothing/nothing135.jpg,nothing,train
data/raw/asl_alphabet_train/nothing/nothing1937.jpg,nothing,train
data/raw/asl_alphabet_train/nothing/nothing2895.jpg,nothing,train
data/raw/asl_alphabet_train/nothing/nothing624.jpg,nothing,train
data/raw/asl_alphabet_train/nothing/nothing2128.jpg,nothing,train
data/raw/asl_alphabet_train/nothing/nothing1676.jpg,nothing,train
data/raw/asl_alphabet_train/nothing/nothing1227.jpg,nothing,train
data/raw/asl_alphabet_train/nothing/nothing1716.jpg,nothing,train
data/raw/asl_alphabet_train/nothing/nothing1268.jpg,nothing,train
data/raw/asl_alphabet_train/nothing/nothing130.jpg,nothing,train
data/raw/asl_alphabet_train/nothing/nothing148.jpg,nothing,train
data/raw/asl_alphabet_train/nothing/nothing772.jpg,nothing,train
data/raw/asl_alphabet_train/nothing/nothing2369.jpg,nothing,train
data/raw/asl_alphabet_train/nothing/nothing1171.jpg,nothing,train
data/raw/asl_alphabet_train/nothing/nothing1137.jpg,nothing,train
data/raw/asl_alphabet_train/nothing/nothing1813.jpg,nothing,train
data/raw/asl_alphabet_train/nothing/nothing489.jpg,nothing,train
data/raw/asl_alphabet_train/nothing/nothing605.jpg,nothing,train
data/raw/asl_alphabet_train/nothing/nothing2241.jpg,nothing,train
data/raw/asl_alphabet_train/nothing/nothing463.jpg,nothing,train
data/raw/asl_alphabet_train/nothing/nothing962.jpg,nothing,train
data/raw/asl_alphabet_train/nothing/nothing2751.jpg,nothing,train
data/raw/asl_alphabet_train/nothing/nothing1007.jpg,nothing,train
data/raw/asl_alphabet_train/nothing/nothing1076.jpg,nothing,train
data/raw/asl_alphabet_train/nothing/nothing2640.jpg,nothing,train
data/raw/asl_alphabet_train/nothing/nothing284.jpg,nothing,train
data/raw/asl_alphabet_train/nothing/nothing1513.jpg,nothing,train
data/raw/asl_alphabet_train/nothing/nothing2085.jpg,nothing,train
data/raw/asl_alphabet_train/nothing/nothing2136.jpg,nothing,train
data/raw/asl_alphabet_train/nothing/nothing74.jpg,nothing,train
data/raw/asl_alphabet_train/nothing/nothing785.jpg,nothing,train
data/raw/asl_alphabet_train/nothing/nothing2883.jpg,nothing,train
data/raw/asl_alphabet_train/nothing/nothing2611.jpg,nothing,train
data/raw/asl_alphabet_train/nothing/nothing1957.jpg,nothing,train
data/raw/asl_alphabet_train/nothing/nothing2349.jpg,nothing,train
data/raw/asl_alphabet_train/nothing/nothing2498.jpg,nothing,train
data/raw/asl_alphabet_train/nothing/nothing517.jpg,nothing,train
data/raw/asl_alphabet_train/nothing/nothing2088.jpg,nothing,train
data/raw/asl_alphabet_train/nothing/nothing948.jpg,nothing,train
data/raw/asl_alphabet_train/nothing/nothing2456.jpg,nothing,train
data/raw/asl_alphabet_train/nothing/nothing1029.jpg,nothing,train
data/raw/asl_alphabet_train/nothing/nothing79.jpg,nothing,train
data/raw/asl_alphabet_train/nothing/nothing1558.jpg,nothing,train
data/raw/asl_alphabet_train/nothing/nothing2708.jpg,nothing,train
data/raw/asl_alphabet_train/nothing/nothing1277.jpg,nothing,train
data/raw/asl_alphabet_train/nothing/nothing1386.jpg,nothing,train
data/raw/asl_alphabet_train/nothing/nothing1816.jpg,nothing,train
data/raw/asl_alphabet_train/nothing/nothing1674.jpg,nothing,train
data/raw/asl_alphabet_train/nothing/nothing336.jpg,nothing,train
data/raw/asl_alphabet_train/nothing/nothing2745.jpg,nothing,train
data/raw/asl_alphabet_train/nothing/nothing1531.jpg,nothing,train
data/raw/asl_alphabet_train/nothing/nothing703.jpg,nothing,train
data/raw/asl_alphabet_train/nothing/nothing445.jpg,nothing,train
data/raw/asl_alphabet_train/nothing/nothing448.jpg,nothing,train
data/raw/asl_alphabet_train/nothing/nothing1605.jpg,nothing,train
data/raw/asl_alphabet_train/nothing/nothing1187.jpg,nothing,train
data/raw/asl_alphabet_train/nothing/nothing768.jpg,nothing,train
data/raw/asl_alphabet_train/nothing/nothing399.jpg,nothing,train
data/raw/asl_alphabet_train/nothing/nothing1585.jpg,nothing,train
data/raw/asl_alphabet_train/nothing/nothing2908.jpg,nothing,train
data/raw/asl_alphabet_train/nothing/nothing2505.jpg,nothing,train
data/raw/asl_alphabet_train/nothing/nothing941.jpg,nothing,train
data/raw/asl_alphabet_train/nothing/nothing2499.jpg,nothing,train
data/raw/asl_alphabet_train/nothing/nothing1311.jpg,nothing,train
data/raw/asl_alphabet_train/nothing/nothing2264.jpg,nothing,train
data/raw/asl_alphabet_train/nothing/nothing2234.jpg,nothing,train
data/raw/asl_alphabet_train/nothing/nothing2734.jpg,nothing,train
data/raw/asl_alphabet_train/nothing/nothing677.jpg,nothing,train
data/raw/asl_alphabet_train/nothing/nothing2130.jpg,nothing,train
data/raw/asl_alphabet_train/nothing/nothing513.jpg,nothing,train
data/raw/asl_alphabet_train/nothing/nothing2186.jpg,nothing,train
data/raw/asl_alphabet_train/nothing/nothing1088.jpg,nothing,train
data/raw/asl_alphabet_train/nothing/nothing1991.jpg,nothing,train
data/raw/asl_alphabet_train/nothing/nothing523.jpg,nothing,train
data/raw/asl_alphabet_train/nothing/nothing944.jpg,nothing,train
data/raw/asl_alphabet_train/nothing/nothing1274.jpg,nothing,train
data/raw/asl_alphabet_train/nothing/nothing400.jpg,nothing,train
data/raw/asl_alphabet_train/nothing/nothing393.jpg,nothing,train
data/raw/asl_alphabet_train/nothing/nothing2032.jpg,nothing,train
data/raw/asl_alphabet_train/nothing/nothing1258.jpg,nothing,train
data/raw/asl_alphabet_train/nothing/nothing2958.jpg,nothing,train
data/raw/asl_alphabet_train/nothing/nothing427.jpg,nothing,train
data/raw/asl_alphabet_train/nothing/nothing1054.jpg,nothing,train
data/raw/asl_alphabet_train/nothing/nothing379.jpg,nothing,train
data/raw/asl_alphabet_train/nothing/nothing232.jpg,nothing,train
data/raw/asl_alphabet_train/nothing/nothing1002.jpg,nothing,train
data/raw/asl_alphabet_train/nothing/nothing71.jpg,nothing,train
data/raw/asl_alphabet_train/nothing/nothing109.jpg,nothing,train
data/raw/asl_alphabet_train/nothing/nothing2879.jpg,nothing,train
data/raw/asl_alphabet_train/nothing/nothing639.jpg,nothing,train
data/raw/asl_alphabet_train/nothing/nothing1013.jpg,nothing,train
data/raw/asl_alphabet_train/nothing/nothing898.jpg,nothing,train
data/raw/asl_alphabet_train/nothing/nothing2817.jpg,nothing,train
data/raw/asl_alphabet_train/nothing/nothing72.jpg,nothing,train
data/raw/asl_alphabet_train/nothing/nothing2753.jpg,nothing,train
data/raw/asl_alphabet_train/nothing/nothing2953.jpg,nothing,train
data/raw/asl_alphabet_train/nothing/nothing2639.jpg,nothing,train
data/raw/asl_alphabet_train/nothing/nothing866.jpg,nothing,train
data/raw/asl_alphabet_train/nothing/nothing2553.jpg,nothing,train
data/raw/asl_alphabet_train/nothing/nothing2807.jpg,nothing,train
data/raw/asl_alphabet_train/nothing/nothing723.jpg,nothing,train
data/raw/asl_alphabet_train/nothing/nothing54.jpg,nothing,train
data/raw/asl_alphabet_train/nothing/nothing1609.jpg,nothing,train
data/raw/asl_alphabet_train/nothing/nothing359.jpg,nothing,train
data/raw/asl_alphabet_train/nothing/nothing1913.jpg,nothing,train
data/raw/asl_alphabet_train/nothing/nothing1484.jpg,nothing,train
data/raw/asl_alphabet_train/nothing/nothing2769.jpg,nothing,train
data/raw/asl_alphabet_train/nothing/nothing762.jpg,nothing,train
data/raw/asl_alphabet_train/nothing/nothing478.jpg,nothing,train
data/raw/asl_alphabet_train/nothing/nothing1506.jpg,nothing,train
data/raw/asl_alphabet_train/nothing/nothing655.jpg,nothing,train
data/raw/asl_alphabet_train/nothing/nothing2939.jpg,nothing,train
data/raw/asl_alphabet_train/nothing/nothing1145.jpg,nothing,train
data/raw/asl_alphabet_train/nothing/nothing1943.jpg,nothing,train
data/raw/asl_alphabet_train/nothing/nothing2163.jpg,nothing,train
data/raw/asl_alphabet_train/nothing/nothing2558.jpg,nothing,train
data/raw/asl_alphabet_train/nothing/nothing184.jpg,nothing,train
data/raw/asl_alphabet_train/nothing/nothing2387.jpg,nothing,train
data/raw/asl_alphabet_train/nothing/nothing587.jpg,nothing,train
data/raw/asl_alphabet_train/nothing/nothing2713.jpg,nothing,train
data/raw/asl_alphabet_train/nothing/nothing1035.jpg,nothing,train
data/raw/asl_alphabet_train/nothing/nothing1574.jpg,nothing,train
data/raw/asl_alphabet_train/nothing/nothing1745.jpg,nothing,train
data/raw/asl_alphabet_train/nothing/nothing930.jpg,nothing,train
data/raw/asl_alphabet_train/nothing/nothing1286.jpg,nothing,train
data/raw/asl_alphabet_train/nothing/nothing1527.jpg,nothing,train
data/raw/asl_alphabet_train/nothing/nothing2663.jpg,nothing,train
data/raw/asl_alphabet_train/nothing/nothing1851.jpg,nothing,train
data/raw/asl_alphabet_train/nothing/nothing2500.jpg,nothing,train
data/raw/asl_alphabet_train/nothing/nothing512.jpg,nothing,train
data/raw/asl_alphabet_train/nothing/nothing25.jpg,nothing,train
data/raw/asl_alphabet_train/nothing/nothing2504.jpg,nothing,train
data/raw/asl_alphabet_train/nothing/nothing1414.jpg,nothing,train
data/raw/asl_alphabet_train/nothing/nothing430.jpg,nothing,train
data/raw/asl_alphabet_train/nothing/nothing2832.jpg,nothing,train
data/raw/asl_alphabet_train/nothing/nothing701.jpg,nothing,train
data/raw/asl_alphabet_train/nothing/nothing187.jpg,nothing,train
data/raw/asl_alphabet_train/nothing/nothing1077.jpg,nothing,train
data/raw/asl_alphabet_train/nothing/nothing958.jpg,nothing,train
data/raw/asl_alphabet_train/nothing/nothing2150.jpg,nothing,train
data/raw/asl_alphabet_train/nothing/nothing2266.jpg,nothing,train
data/raw/asl_alphabet_train/nothing/nothing862.jpg,nothing,train
data/raw/asl_alphabet_train/nothing/nothing996.jpg,nothing,train
data/raw/asl_alphabet_train/nothing/nothing168.jpg,nothing,train
data/raw/asl_alphabet_train/nothing/nothing186.jpg,nothing,train
data/raw/asl_alphabet_train/nothing/nothing1289.jpg,nothing,train
data/raw/asl_alphabet_train/nothing/nothing2440.jpg,nothing,train
data/raw/asl_alphabet_train/nothing/nothing2459.jpg,nothing,train
data/raw/asl_alphabet_train/nothing/nothing779.jpg,nothing,train
data/raw/asl_alphabet_train/nothing/nothing1979.jpg,nothing,train
data/raw/asl_alphabet_train/nothing/nothing2210.jpg,nothing,train
data/raw/asl_alphabet_train/nothing/nothing1207.jpg,nothing,train
data/raw/asl_alphabet_train/nothing/nothing1540.jpg,nothing,train
data/raw/asl_alphabet_train/nothing/nothing1910.jpg,nothing,train
data/raw/asl_alphabet_train/nothing/nothing51.jpg,nothing,train
data/raw/asl_alphabet_train/nothing/nothing1203.jpg,nothing,train
data/raw/asl_alphabet_train/nothing/nothing546.jpg,nothing,train
data/raw/asl_alphabet_train/nothing/nothing2113.jpg,nothing,train
data/raw/asl_alphabet_train/nothing/nothing2461.jpg,nothing,train
data/raw/asl_alphabet_train/nothing/nothing621.jpg,nothing,train
data/raw/asl_alphabet_train/nothing/nothing2577.jpg,nothing,train
data/raw/asl_alphabet_train/nothing/nothing391.jpg,nothing,train
data/raw/asl_alphabet_train/nothing/nothing1751.jpg,nothing,train
data/raw/asl_alphabet_train/nothing/nothing1542.jpg,nothing,train
data/raw/asl_alphabet_train/nothing/nothing392.jpg,nothing,train
data/raw/asl_alphabet_train/nothing/nothing2263.jpg,nothing,train
data/raw/asl_alphabet_train/nothing/nothing2740.jpg,nothing,train
data/raw/asl_alphabet_train/nothing/nothing2730.jpg,nothing,train
data/raw/asl_alphabet_train/nothing/nothing1773.jpg,nothing,train
data/raw/asl_alphabet_train/nothing/nothing992.jpg,nothing,train
data/raw/asl_alphabet_train/nothing/nothing872.jpg,nothing,train
data/raw/asl_alphabet_train/nothing/nothing2253.jpg,nothing,train
data/raw/asl_alphabet_train/nothing/nothing924.jpg,nothing,train
data/raw/asl_alphabet_train/nothing/nothing1891.jpg,nothing,train
data/raw/asl_alphabet_train/nothing/nothing324.jpg,nothing,train
data/raw/asl_alphabet_train/nothing/nothing925.jpg,nothing,train
data/raw/asl_alphabet_train/nothing/nothing1267.jpg,nothing,train
data/raw/asl_alphabet_train/nothing/nothing235.jpg,nothing,train
data/raw/asl_alphabet_train/nothing/nothing1685.jpg,nothing,train
data/raw/asl_alphabet_train/nothing/nothing23.jpg,nothing,train
data/raw/asl_alphabet_train/nothing/nothing2322.jpg,nothing,train
data/raw/asl_alphabet_train/nothing/nothing2289.jpg,nothing,train
data/raw/asl_alphabet_train/nothing/nothing738.jpg,nothing,train
data/raw/asl_alphabet_train/nothing/nothing202.jpg,nothing,train
data/raw/asl_alphabet_train/nothing/nothing2442.jpg,nothing,train
data/raw/asl_alphabet_train/nothing/nothing859.jpg,nothing,train
data/raw/asl_alphabet_train/nothing/nothing234.jpg,nothing,train
data/raw/asl_alphabet_train/nothing/nothing2305.jpg,nothing,train
data/raw/asl_alphabet_train/nothing/nothing341.jpg,nothing,train
data/raw/asl_alphabet_train/nothing/nothing2199.jpg,nothing,train
data/raw/asl_alphabet_train/nothing/nothing1278.jpg,nothing,train
data/raw/asl_alphabet_train/nothing/nothing594.jpg,nothing,train
data/raw/asl_alphabet_train/nothing/nothing693.jpg,nothing,train
data/raw/asl_alphabet_train/nothing/nothing24.jpg,nothing,train
data/raw/asl_alphabet_train/nothing/nothing1754.jpg,nothing,train
data/raw/asl_alphabet_train/nothing/nothing1251.jpg,nothing,train
data/raw/asl_alphabet_train/nothing/nothing103.jpg,nothing,train
data/raw/asl_alphabet_train/nothing/nothing874.jpg,nothing,train
data/raw/asl_alphabet_train/nothing/nothing2614.jpg,nothing,train
data/raw/asl_alphabet_train/nothing/nothing515.jpg,nothing,train
data/raw/asl_alphabet_train/nothing/nothing509.jpg,nothing,train
data/raw/asl_alphabet_train/nothing/nothing1639.jpg,nothing,train
data/raw/asl_alphabet_train/nothing/nothing620.jpg,nothing,train
data/raw/asl_alphabet_train/nothing/nothing725.jpg,nothing,train
data/raw/asl_alphabet_train/nothing/nothing2488.jpg,nothing,train
data/raw/asl_alphabet_train/nothing/nothing1410.jpg,nothing,train
data/raw/asl_alphabet_train/nothing/nothing418.jpg,nothing,train
data/raw/asl_alphabet_train/nothing/nothing2375.jpg,nothing,train
data/raw/asl_alphabet_train/nothing/nothing299.jpg,nothing,train
data/raw/asl_alphabet_train/nothing/nothing1011.jpg,nothing,train
data/raw/asl_alphabet_train/nothing/nothing1666.jpg,nothing,train
data/raw/asl_alphabet_train/nothing/nothing2609.jpg,nothing,train
data/raw/asl_alphabet_train/nothing/nothing380.jpg,nothing,train
data/raw/asl_alphabet_train/nothing/nothing2831.jpg,nothing,train
data/raw/asl_alphabet_train/nothing/nothing205.jpg,nothing,train
data/raw/asl_alphabet_train/nothing/nothing1293.jpg,nothing,train
data/raw/asl_alphabet_train/nothing/nothing2964.jpg,nothing,train
data/raw/asl_alphabet_train/nothing/nothing1234.jpg,nothing,train
data/raw/asl_alphabet_train/nothing/nothing2588.jpg,nothing,train
data/raw/asl_alphabet_train/nothing/nothing1824.jpg,nothing,train
data/raw/asl_alphabet_train/nothing/nothing1080.jpg,nothing,train
data/raw/asl_alphabet_train/nothing/nothing1842.jpg,nothing,train
data/raw/asl_alphabet_train/nothing/nothing1512.jpg,nothing,train
data/raw/asl_alphabet_train/nothing/nothing957.jpg,nothing,train
data/raw/asl_alphabet_train/nothing/nothing1387.jpg,nothing,train
data/raw/asl_alphabet_train/nothing/nothing2575.jpg,nothing,train
data/raw/asl_alphabet_train/nothing/nothing1118.jpg,nothing,train
data/raw/asl_alphabet_train/nothing/nothing1998.jpg,nothing,train
data/raw/asl_alphabet_train/nothing/nothing1634.jpg,nothing,train
data/raw/asl_alphabet_train/nothing/nothing2433.jpg,nothing,train
data/raw/asl_alphabet_train/nothing/nothing2968.jpg,nothing,train
data/raw/asl_alphabet_train/nothing/nothing2602.jpg,nothing,train
data/raw/asl_alphabet_train/nothing/nothing673.jpg,nothing,train
data/raw/asl_alphabet_train/nothing/nothing1680.jpg,nothing,train
data/raw/asl_alphabet_train/nothing/nothing1201.jpg,nothing,train
data/raw/asl_alphabet_train/nothing/nothing2256.jpg,nothing,train
data/raw/asl_alphabet_train/nothing/nothing253.jpg,nothing,train
data/raw/asl_alphabet_train/nothing/nothing2818.jpg,nothing,train
data/raw/asl_alphabet_train/nothing/nothing584.jpg,nothing,train
data/raw/asl_alphabet_train/nothing/nothing606.jpg,nothing,train
data/raw/asl_alphabet_train/nothing/nothing2206.jpg,nothing,train
data/raw/asl_alphabet_train/nothing/nothing2642.jpg,nothing,train
data/raw/asl_alphabet_train/nothing/nothing2961.jpg,nothing,train
data/raw/asl_alphabet_train/nothing/nothing1641.jpg,nothing,train
data/raw/asl_alphabet_train/nothing/nothing1165.jpg,nothing,train
data/raw/asl_alphabet_train/nothing/nothing1581.jpg,nothing,train
data/raw/asl_alphabet_train/nothing/nothing327.jpg,nothing,train
data/raw/asl_alphabet_train/nothing/nothing1282.jpg,nothing,train
data/raw/asl_alphabet_train/nothing/nothing548.jpg,nothing,train
data/raw/asl_alphabet_train/nothing/nothing2487.jpg,nothing,train
data/raw/asl_alphabet_train/nothing/nothing170.jpg,nothing,train
data/raw/asl_alphabet_train/nothing/nothing153.jpg,nothing,train
data/raw/asl_alphabet_train/nothing/nothing1778.jpg,nothing,train
data/raw/asl_alphabet_train/nothing/nothing2722.jpg,nothing,train
data/raw/asl_alphabet_train/nothing/nothing2841.jpg,nothing,train
data/raw/asl_alphabet_train/nothing/nothing2080.jpg,nothing,train
data/raw/asl_alphabet_train/nothing/nothing1081.jpg,nothing,train
data/raw/asl_alphabet_train/nothing/nothing236.jpg,nothing,train
data/raw/asl_alphabet_train/nothing/nothing1799.jpg,nothing,train
data/raw/asl_alphabet_train/nothing/nothing2927.jpg,nothing,train
data/raw/asl_alphabet_train/nothing/nothing2762.jpg,nothing,train
data/raw/asl_alphabet_train/nothing/nothing857.jpg,nothing,train
data/raw/asl_alphabet_train/nothing/nothing1033.jpg,nothing,train
data/raw/asl_alphabet_train/nothing/nothing1501.jpg,nothing,train
data/raw/asl_alphabet_train/nothing/nothing793.jpg,nothing,train
data/raw/asl_alphabet_train/nothing/nothing293.jpg,nothing,train
data/raw/asl_alphabet_train/nothing/nothing1608.jpg,nothing,train
data/raw/asl_alphabet_train/nothing/nothing128.jpg,nothing,train
data/raw/asl_alphabet_train/nothing/nothing694.jpg,nothing,train
data/raw/asl_alphabet_train/nothing/nothing2857.jpg,nothing,train
data/raw/asl_alphabet_train/nothing/nothing304.jpg,nothing,train
data/raw/asl_alphabet_train/nothing/nothing949.jpg,nothing,train
data/raw/asl_alphabet_train/nothing/nothing125.jpg,nothing,train
data/raw/asl_alphabet_train/nothing/nothing2409.jpg,nothing,train
data/raw/asl_alphabet_train/nothing/nothing429.jpg,nothing,train
data/raw/asl_alphabet_train/nothing/nothing1612.jpg,nothing,train
data/raw/asl_alphabet_train/nothing/nothing1018.jpg,nothing,train
data/raw/asl_alphabet_train/nothing/nothing560.jpg,nothing,train
data/raw/asl_alphabet_train/nothing/nothing849.jpg,nothing,train
data/raw/asl_alphabet_train/nothing/nothing2030.jpg,nothing,train
data/raw/asl_alphabet_train/nothing/nothing2834.jpg,nothing,train
data/raw/asl_alphabet_train/nothing/nothing2209.jpg,nothing,train
data/raw/asl_alphabet_train/nothing/nothing2469.jpg,nothing,train
data/raw/asl_alphabet_train/nothing/nothing1749.jpg,nothing,train
data/raw/asl_alphabet_train/nothing/nothing1610.jpg,nothing,train
data/raw/asl_alphabet_train/nothing/nothing1079.jpg,nothing,train
data/raw/asl_alphabet_train/nothing/nothing127.jpg,nothing,train
data/raw/asl_alphabet_train/nothing/nothing2047.jpg,nothing,train
data/raw/asl_alphabet_train/nothing/nothing2327.jpg,nothing,train
data/raw/asl_alphabet_train/nothing/nothing1776.jpg,nothing,train
data/raw/asl_alphabet_train/nothing/nothing1319.jpg,nothing,train
data/raw/asl_alphabet_train/nothing/nothing2619.jpg,nothing,train
data/raw/asl_alphabet_train/nothing/nothing2865.jpg,nothing,train
data/raw/asl_alphabet_train/nothing/nothing938.jpg,nothing,train
data/raw/asl_alphabet_train/nothing/nothing2367.jpg,nothing,train
data/raw/asl_alphabet_train/nothing/nothing1097.jpg,nothing,train
data/raw/asl_alphabet_train/nothing/nothing194.jpg,nothing,train
data/raw/asl_alphabet_train/nothing/nothing534.jpg,nothing,train
data/raw/asl_alphabet_train/nothing/nothing1725.jpg,nothing,train
data/raw/asl_alphabet_train/nothing/nothing2633.jpg,nothing,train
data/raw/asl_alphabet_train/nothing/nothing2221.jpg,nothing,train
data/raw/asl_alphabet_train/nothing/nothing645.jpg,nothing,train
data/raw/asl_alphabet_train/nothing/nothing1691.jpg,nothing,train
data/raw/asl_alphabet_train/nothing/nothing1072.jpg,nothing,train
data/raw/asl_alphabet_train/nothing/nothing1162.jpg,nothing,train
data/raw/asl_alphabet_train/nothing/nothing2546.jpg,nothing,train
data/raw/asl_alphabet_train/nothing/nothing1269.jpg,nothing,train
data/raw/asl_alphabet_train/nothing/nothing2394.jpg,nothing,val
data/raw/asl_alphabet_train/nothing/nothing2451.jpg,nothing,val
data/raw/asl_alphabet_train/nothing/nothing123.jpg,nothing,val
data/raw/asl_alphabet_train/nothing/nothing888.jpg,nothing,val
data/raw/asl_alphabet_train/nothing/nothing2576.jpg,nothing,val
data/raw/asl_alphabet_train/nothing/nothing1853.jpg,nothing,val
data/raw/asl_alphabet_train/nothing/nothing142.jpg,nothing,val
data/raw/asl_alphabet_train/nothing/nothing382.jpg,nothing,val
data/raw/asl_alphabet_train/nothing/nothing1295.jpg,nothing,val
data/raw/asl_alphabet_train/nothing/nothing855.jpg,nothing,val
data/raw/asl_alphabet_train/nothing/nothing1673.jpg,nothing,val
data/raw/asl_alphabet_train/nothing/nothing1828.jpg,nothing,val
data/raw/asl_alphabet_train/nothing/nothing1129.jpg,nothing,val
data/raw/asl_alphabet_train/nothing/nothing481.jpg,nothing,val
data/raw/asl_alphabet_train/nothing/nothing2628.jpg,nothing,val
data/raw/asl_alphabet_train/nothing/nothing1064.jpg,nothing,val
data/raw/asl_alphabet_train/nothing/nothing2484.jpg,nothing,val
data/raw/asl_alphabet_train/nothing/nothing2242.jpg,nothing,val
data/raw/asl_alphabet_train/nothing/nothing1248.jpg,nothing,val
data/raw/asl_alphabet_train/nothing/nothing56.jpg,nothing,val
data/raw/asl_alphabet_train/nothing/nothing33.jpg,nothing,val
data/raw/asl_alphabet_train/nothing/nothing661.jpg,nothing,val
data/raw/asl_alphabet_train/nothing/nothing2843.jpg,nothing,val
data/raw/asl_alphabet_train/nothing/nothing1736.jpg,nothing,val
data/raw/asl_alphabet_train/nothing/nothing791.jpg,nothing,val
data/raw/asl_alphabet_train/nothing/nothing2792.jpg,nothing,val
data/raw/asl_alphabet_train/nothing/nothing1658.jpg,nothing,val
data/raw/asl_alphabet_train/nothing/nothing773.jpg,nothing,val
data/raw/asl_alphabet_train/nothing/nothing9.jpg,nothing,val
data/raw/asl_alphabet_train/nothing/nothing2361.jpg,nothing,val
data/raw/asl_alphabet_train/nothing/nothing680.jpg,nothing,val
data/raw/asl_alphabet_train/nothing/nothing1250.jpg,nothing,val
data/raw/asl_alphabet_train/nothing/nothing1578.jpg,nothing,val
data/raw/asl_alphabet_train/nothing/nothing1519.jpg,nothing,val
data/raw/asl_alphabet_train/nothing/nothing2548.jpg,nothing,val
data/raw/asl_alphabet_train/nothing/nothing2450.jpg,nothing,val
data/raw/asl_alphabet_train/nothing/nothing472.jpg,nothing,val
data/raw/asl_alphabet_train/nothing/nothing1546.jpg,nothing,val
data/raw/asl_alphabet_train/nothing/nothing2230.jpg,nothing,val
data/raw/asl_alphabet_train/nothing/nothing1074.jpg,nothing,val
data/raw/asl_alphabet_train/nothing/nothing670.jpg,nothing,val
data/raw/asl_alphabet_train/nothing/nothing2021.jpg,nothing,val
data/raw/asl_alphabet_train/nothing/nothing105.jpg,nothing,val
data/raw/asl_alphabet_train/nothing/nothing309.jpg,nothing,val
data/raw/asl_alphabet_train/nothing/nothing1985.jpg,nothing,val
data/raw/asl_alphabet_train/nothing/nothing987.jpg,nothing,val
data/raw/asl_alphabet_train/nothing/nothing1126.jpg,nothing,val
data/raw/asl_alphabet_train/nothing/nothing1290.jpg,nothing,val
data/raw/asl_alphabet_train/nothing/nothing1182.jpg,nothing,val
data/raw/asl_alphabet_train/nothing/nothing1788.jpg,nothing,val
data/raw/asl_alphabet_train/nothing/nothing66.jpg,nothing,val
data/raw/asl_alphabet_train/nothing/nothing2634.jpg,nothing,val
data/raw/asl_alphabet_train/nothing/nothing1987.jpg,nothing,val
data/raw/asl_alphabet_train/nothing/nothing2978.jpg,nothing,val
data/raw/asl_alphabet_train/nothing/nothing271.jpg,nothing,val
data/raw/asl_alphabet_train/nothing/nothing419.jpg,nothing,val
data/raw/asl_alphabet_train/nothing/nothing2995.jpg,nothing,val
data/raw/asl_alphabet_train/nothing/nothing283.jpg,nothing,val
data/raw/asl_alphabet_train/nothing/nothing2373.jpg,nothing,val
data/raw/asl_alphabet_train/nothing/nothing549.jpg,nothing,val
data/raw/asl_alphabet_train/nothing/nothing2517.jpg,nothing,val
data/raw/asl_alphabet_train/nothing/nothing1392.jpg,nothing,val
data/raw/asl_alphabet_train/nothing/nothing2756.jpg,nothing,val
data/raw/asl_alphabet_train/nothing/nothing441.jpg,nothing,val
data/raw/asl_alphabet_train/nothing/nothing2512.jpg,nothing,val
data/raw/asl_alphabet_train/nothing/nothing450.jpg,nothing,val
data/raw/asl_alphabet_train/nothing/nothing1195.jpg,nothing,val
data/raw/asl_alphabet_train/nothing/nothing1280.jpg,nothing,val
data/raw/asl_alphabet_train/nothing/nothing528.jpg,nothing,val
data/raw/asl_alphabet_train/nothing/nothing2561.jpg,nothing,val
data/raw/asl_alphabet_train/nothing/nothing1948.jpg,nothing,val
data/raw/asl_alphabet_train/nothing/nothing1022.jpg,nothing,val
data/raw/asl_alphabet_train/nothing/nothing1113.jpg,nothing,val
data/raw/asl_alphabet_train/nothing/nothing330.jpg,nothing,val
data/raw/asl_alphabet_train/nothing/nothing2868.jpg,nothing,val
data/raw/asl_alphabet_train/nothing/nothing2359.jpg,nothing,val
data/raw/asl_alphabet_train/nothing/nothing1361.jpg,nothing,val
data/raw/asl_alphabet_train/nothing/nothing569.jpg,nothing,val
data/raw/asl_alphabet_train/nothing/nothing154.jpg,nothing,val
data/raw/asl_alphabet_train/nothing/nothing867.jpg,nothing,val
data/raw/asl_alphabet_train/nothing/nothing1208.jpg,nothing,val
data/raw/asl_alphabet_train/nothing/nothing650.jpg,nothing,val
data/raw/asl_alphabet_train/nothing/nothing1547.jpg,nothing,val
data/raw/asl_alphabet_train/nothing/nothing1861.jpg,nothing,val
data/raw/asl_alphabet_train/nothing/nothing2481.jpg,nothing,val
data/raw/asl_alphabet_train/nothing/nothing1720.jpg,nothing,val
data/raw/asl_alphabet_train/nothing/nothing1617.jpg,nothing,val
data/raw/asl_alphabet_train/nothing/nothing2196.jpg,nothing,val
data/raw/asl_alphabet_train/nothing/nothing999.jpg,nothing,val
data/raw/asl_alphabet_train/nothing/nothing385.jpg,nothing,val
data/raw/asl_alphabet_train/nothing/nothing112.jpg,nothing,test
data/raw/asl_alphabet_train/nothing/nothing53.jpg,nothing,test
data/raw/asl_alphabet_train/nothing/nothing2945.jpg,nothing,test
data/raw/asl_alphabet_train/nothing/nothing2396.jpg,nothing,test
data/raw/asl_alphabet_train/nothing/nothing2716.jpg,nothing,test
data/raw/asl_alphabet_train/nothing/nothing1109.jpg,nothing,test
data/raw/asl_alphabet_train/nothing/nothing2164.jpg,nothing,test
data/raw/asl_alphabet_train/nothing/nothing1427.jpg,nothing,test
data/raw/asl_alphabet_train/nothing/nothing274.jpg,nothing,test
data/raw/asl_alphabet_train/nothing/nothing1826.jpg,nothing,test
data/raw/asl_alphabet_train/nothing/nothing596.jpg,nothing,test
data/raw/asl_alphabet_train/nothing/nothing1473.jpg,nothing,test
data/raw/asl_alphabet_train/nothing/nothing2989.jpg,nothing,test
data/raw/asl_alphabet_train/nothing/nothing2421.jpg,nothing,test
data/raw/asl_alphabet_train/nothing/nothing2351.jpg,nothing,test
data/raw/asl_alphabet_train/nothing/nothing1082.jpg,nothing,test
data/raw/asl_alphabet_train/nothing/nothing2296.jpg,nothing,test
data/raw/asl_alphabet_train/nothing/nothing1803.jpg,nothing,test
data/raw/asl_alphabet_train/nothing/nothing2645.jpg,nothing,test
data/raw/asl_alphabet_train/nothing/nothing460.jpg,nothing,test
data/raw/asl_alphabet_train/nothing/nothing266.jpg,nothing,test
data/raw/asl_alphabet_train/nothing/nothing1257.jpg,nothing,test
data/raw/asl_alphabet_train/nothing/nothing1419.jpg,nothing,test
data/raw/asl_alphabet_train/nothing/nothing1521.jpg,nothing,test
data/raw/asl_alphabet_train/nothing/nothing1616.jpg,nothing,test
data/raw/asl_alphabet_train/nothing/nothing2930.jpg,nothing,test
data/raw/asl_alphabet_train/nothing/nothing421.jpg,nothing,test
data/raw/asl_alphabet_train/nothing/nothing1037.jpg,nothing,test
data/raw/asl_alphabet_train/nothing/nothing2070.jpg,nothing,test
data/raw/asl_alphabet_train/nothing/nothing2200.jpg,nothing,test
data/raw/asl_alphabet_train/nothing/nothing1722.jpg,nothing,test
data/raw/asl_alphabet_train/nothing/nothing1235.jpg,nothing,test
data/raw/asl_alphabet_train/nothing/nothing1911.jpg,nothing,test
data/raw/asl_alphabet_train/nothing/nothing2492.jpg,nothing,test
data/raw/asl_alphabet_train/nothing/nothing2278.jpg,nothing,test
data/raw/asl_alphabet_train/nothing/nothing2680.jpg,nothing,test
data/raw/asl_alphabet_train/nothing/nothing2344.jpg,nothing,test
data/raw/asl_alphabet_train/nothing/nothing1210.jpg,nothing,test
data/raw/asl_alphabet_train/nothing/nothing2424.jpg,nothing,test
data/raw/asl_alphabet_train/nothing/nothing1953.jpg,nothing,test
data/raw/asl_alphabet_train/nothing/nothing289.jpg,nothing,test
data/raw/asl_alphabet_train/nothing/nothing1440.jpg,nothing,test
data/raw/asl_alphabet_train/nothing/nothing2217.jpg,nothing,test
data/raw/asl_alphabet_train/nothing/nothing2364.jpg,nothing,test
data/raw/asl_alphabet_train/nothing/nothing2265.jpg,nothing,test
data/raw/asl_alphabet_train/nothing/nothing175.jpg,nothing,test
data/raw/asl_alphabet_train/nothing/nothing2134.jpg,nothing,test
data/raw/asl_alphabet_train/nothing/nothing2754.jpg,nothing,test
data/raw/asl_alphabet_train/nothing/nothing1324.jpg,nothing,test
data/raw/asl_alphabet_train/nothing/nothing2107.jpg,nothing,test
data/raw/asl_alphabet_train/nothing/nothing2937.jpg,nothing,test
data/raw/asl_alphabet_train/nothing/nothing2814.jpg,nothing,test
data/raw/asl_alphabet_train/nothing/nothing619.jpg,nothing,test
data/raw/asl_alphabet_train/nothing/nothing1774.jpg,nothing,test
data/raw/asl_alphabet_train/nothing/nothing286.jpg,nothing,test
data/raw/asl_alphabet_train/nothing/nothing479.jpg,nothing,test
data/raw/asl_alphabet_train/nothing/nothing1766.jpg,nothing,test
data/raw/asl_alphabet_train/nothing/nothing2341.jpg,nothing,test
data/raw/asl_alphabet_train/nothing/nothing1178.jpg,nothing,test
data/raw/asl_alphabet_train/nothing/nothing1920.jpg,nothing,test
data/raw/asl_alphabet_train/nothing/nothing2391.jpg,nothing,test
data/raw/asl_alphabet_train/nothing/nothing1354.jpg,nothing,test
data/raw/asl_alphabet_train/nothing/nothing2977.jpg,nothing,test
data/raw/asl_alphabet_train/nothing/nothing188.jpg,nothing,test
data/raw/asl_alphabet_train/nothing/nothing1689.jpg,nothing,test
data/raw/asl_alphabet_train/nothing/nothing691.jpg,nothing,test
data/raw/asl_alphabet_train/nothing/nothing2900.jpg,nothing,test
data/raw/asl_alphabet_train/nothing/nothing2709.jpg,nothing,test
data/raw/asl_alphabet_train/nothing/nothing366.jpg,nothing,test
data/raw/asl_alphabet_train/nothing/nothing1686.jpg,nothing,test
data/raw/asl_alphabet_train/nothing/nothing1454.jpg,nothing,test
data/raw/asl_alphabet_train/nothing/nothing1908.jpg,nothing,test
data/raw/asl_alphabet_train/nothing/nothing1006.jpg,nothing,test
data/raw/asl_alphabet_train/nothing/nothing119.jpg,nothing,test
data/raw/asl_alphabet_train/nothing/nothing1468.jpg,nothing,test
data/raw/asl_alphabet_train/nothing/nothing2122.jpg,nothing,test
data/raw/asl_alphabet_train/nothing/nothing1292.jpg,nothing,test
data/raw/asl_alphabet_train/nothing/nothing1353.jpg,nothing,test
data/raw/asl_alphabet_train/nothing/nothing1048.jpg,nothing,test
data/raw/asl_alphabet_train/nothing/nothing1480.jpg,nothing,test
data/raw/asl_alphabet_train/nothing/nothing2919.jpg,nothing,test
data/raw/asl_alphabet_train/nothing/nothing503.jpg,nothing,test
data/raw/asl_alphabet_train/nothing/nothing2298.jpg,nothing,test
data/raw/asl_alphabet_train/nothing/nothing1703.jpg,nothing,test
data/raw/asl_alphabet_train/nothing/nothing2014.jpg,nothing,test
data/raw/asl_alphabet_train/nothing/nothing2665.jpg,nothing,test
data/raw/asl_alphabet_train/nothing/nothing227.jpg,nothing,test
data/raw/asl_alphabet_train/nothing/nothing61.jpg,nothing,test
data/raw/asl_alphabet_train/nothing/nothing1433.jpg,nothing,test
data/raw/asl_alphabet_train/nothing/nothing2550.jpg,nothing,test
data/raw/asl_alphabet_train/space/space760.jpg,space,train
data/raw/asl_alphabet_train/space/space2587.jpg,space,train
data/raw/asl_alphabet_train/space/space1641.jpg,space,train
data/raw/asl_alphabet_train/space/space2662.jpg,space,train
data/raw/asl_alphabet_train/space/space1528.jpg,space,train
data/raw/asl_alphabet_train/space/space913.jpg,space,train
data/raw/asl_alphabet_train/space/space2347.jpg,space,train
data/raw/asl_alphabet_train/space/space1472.jpg,space,train
data/raw/asl_alphabet_train/space/space2900.jpg,space,train
data/raw/asl_alphabet_train/space/space66.jpg,space,train
data/raw/asl_alphabet_train/space/space2278.jpg,space,train
data/raw/asl_alphabet_train/space/space115.jpg,space,train
data/raw/asl_alphabet_train/space/space313.jpg,space,train
data/raw/asl_alphabet_train/space/space1600.jpg,space,train
data/raw/asl_alphabet_train/space/space2860.jpg,space,train
data/raw/asl_alphabet_train/space/space2937.jpg,space,train
data/raw/asl_alphabet_train/space/space960.jpg,space,train
data/raw/asl_alphabet_train/space/space1850.jpg,space,train
data/raw/asl_alphabet_train/space/space910.jpg,space,train
data/raw/asl_alphabet_train/space/space777.jpg,space,train
data/raw/asl_alphabet_train/space/space2293.jpg,space,train
data/raw/asl_alphabet_train/space/space1311.jpg,space,train
data/raw/asl_alphabet_train/space/space1456.jpg,space,train
data/raw/asl_alphabet_train/space/space625.jpg,space,train
data/raw/asl_alphabet_train/space/space1761.jpg,space,train
data/raw/asl_alphabet_train/space/space415.jpg,space,train
data/raw/asl_alphabet_train/space/space1657.jpg,space,train
data/raw/asl_alphabet_train/space/space717.jpg,space,train
data/raw/asl_alphabet_train/space/space2631.jpg,space,train
data/raw/asl_alphabet_train/space/space1151.jpg,space,train
data/raw/asl_alphabet_train/space/space2922.jpg,space,train
data/raw/asl_alphabet_train/space/space695.jpg,space,train
data/raw/asl_alphabet_train/space/space1441.jpg,space,train
data/raw/asl_alphabet_train/space/space1432.jpg,space,train
data/raw/asl_alphabet_train/space/space2182.jpg,space,train
data/raw/asl_alphabet_train/space/space185.jpg,space,train
data/raw/asl_alphabet_train/space/space1834.jpg,space,train
data/raw/asl_alphabet_train/space/space3000.jpg,space,train
data/raw/asl_alphabet_train/space/space1245.jpg,space,train
data/raw/asl_alphabet_train/space/space636.jpg,space,train
data/raw/asl_alphabet_train/space/space362.jpg,space,train
data/raw/asl_alphabet_train/space/space1543.jpg,space,train
data/raw/asl_alphabet_train/space/space2723.jpg,space,train
data/raw/asl_alphabet_train/space/space2546.jpg,space,train
data/raw/asl_alphabet_train/space/space1003.jpg,space,train
data/raw/asl_alphabet_train/space/space1509.jpg,space,train
data/raw/asl_alphabet_train/space/space2718.jpg,space,train
data/raw/asl_alphabet_train/space/space773.jpg,space,train
data/raw/asl_alphabet_train/space/space1178.jpg,space,train
data/raw/asl_alphabet_train/space/space676.jpg,space,train
data/raw/asl_alphabet_train/space/space2059.jpg,space,train
data/raw/asl_alphabet_train/space/space2340.jpg,space,train
data/raw/asl_alphabet_train/space/space2625.jpg,space,train
data/raw/asl_alphabet_train/space/space1883.jpg,space,train
data/raw/asl_alphabet_train/space/space539.jpg,space,train
data/raw/asl_alphabet_train/space/space2069.jpg,space,train
data/raw/asl_alphabet_train/space/space2344.jpg,space,train
data/raw/asl_alphabet_train/space/space2158.jpg,space,train
data/raw/asl_alphabet_train/space/space2561.jpg,space,train
data/raw/asl_alphabet_train/space/space1224.jpg,space,train
data/raw/asl_alphabet_train/space/space1150.jpg,space,train
data/raw/asl_alphabet_train/space/space2330.jpg,space,train
data/raw/asl_alphabet_train/space/space1451.jpg,space,train
data/raw/asl_alphabet_train/space/space250.jpg,space,train
data/raw/asl_alphabet_train/space/space2175.jpg,space,train
data/raw/asl_alphabet_train/space/space2586.jpg,space,train
data/raw/asl_alphabet_train/space/space2426.jpg,space,train
data/raw/asl_alphabet_train/space/space1894.jpg,space,train
data/raw/asl_alphabet_train/space/space1038.jpg,space,train
data/raw/asl_alphabet_train/space/space2.jpg,space,train
data/raw/asl_alphabet_train/space/space1221.jpg,space,train
data/raw/asl_alphabet_train/space/space1045.jpg,space,train
data/raw/asl_alphabet_train/space/space1688.jpg,space,train
data/raw/asl_alphabet_train/space/space1605.jpg,space,train
data/raw/asl_alphabet_train/space/space974.jpg,space,train
data/raw/asl_alphabet_train/space/space2250.jpg,space,train
data/raw/asl_alphabet_train/space/space2490.jpg,space,train
data/raw/asl_alphabet_train/space/space1090.jpg,space,train
data/raw/asl_alphabet_train/space/space422.jpg,space,train
data/raw/asl_alphabet_train/space/space789.jpg,space,train
data/raw/asl_alphabet_train/space/space1505.jpg,space,train
data/raw/asl_alphabet_train/space/space2139.jpg,space,train
data/raw/asl_alphabet_train/space/space2523.jpg,space,train
data/raw/asl_alphabet_train/space/space199.jpg,space,train
data/raw/asl_alphabet_train/space/space1977.jpg,space,train
data/raw/asl_alphabet_train/space/space188.jpg,space,train
data/raw/asl_alphabet_train/space/space2342.jpg,space,train
data/raw/asl_alphabet_train/space/space2005.jpg,space,train
data/raw/asl_alphabet_train/space/space2317.jpg,space,train
data/raw/asl_alphabet_train/space/space2265.jpg,space,train
data/raw/asl_alphabet_train/space/space127.jpg,space,train
data/raw/asl_alphabet_train/space/space933.jpg,space,train
data/raw/asl_alphabet_train/space/space1344.jpg,space,train
data/raw/asl_alphabet_train/space/space1095.jpg,space,train
data/raw/asl_alphabet_train/space/space283.jpg,space,train
data/raw/asl_alphabet_train/space/space645.jpg,space,train
data/raw/asl_alphabet_train/space/space2604.jpg,space,train
data/raw/asl_alphabet_train/space/space828.jpg,space,train
data/raw/asl_alphabet_train/space/space1895.jpg,space,train
data/raw/asl_alphabet_train/space/space2456.jpg,space,train
data/raw/asl_alphabet_train/space/space704.jpg,space,train
data/raw/asl_alphabet_train/space/space711.jpg,space,train
data/raw/asl_alphabet_train/space/space2728.jpg,space,train
data/raw/asl_alphabet_train/space/space1536.jpg,space,train
data/raw/asl_alphabet_train/space/space302.jpg,space,train
data/raw/asl_alphabet_train/space/space421.jpg,space,train
data/raw/asl_alphabet_train/space/space2289.jpg,space,train
data/raw/asl_alphabet_train/space/space794.jpg,space,train
data/raw/asl_alphabet_train/space/space2764.jpg,space,train
data/raw/asl_alphabet_train/space/space251.jpg,space,train
data/raw/asl_alphabet_train/space/space739.jpg,space,train
data/raw/asl_alphabet_train/space/space278.jpg,space,train
data/raw/asl_alphabet_train/space/space2830.jpg,space,train
data/raw/asl_alphabet_train/space/space94.jpg,space,train
data/raw/asl_alphabet_train/space/space1863.jpg,space,train
data/raw/asl_alphabet_train/space/space2629.jpg,space,train
data/raw/asl_alphabet_train/space/space2558.jpg,space,train
data/raw/asl_alphabet_train/space/space2240.jpg,space,train
data/raw/asl_alphabet_train/space/space702.jpg,space,train
data/raw/asl_alphabet_train/space/space1524.jpg,space,train
data/raw/asl_alphabet_train/space/space1704.jpg,space,train
data/raw/asl_alphabet_train/space/space2537.jpg,space,train
data/raw/asl_alphabet_train/space/space45.jpg,space,train
data/raw/asl_alphabet_train/space/space802.jpg,space,train
data/raw/asl_alphabet_train/space/space2626.jpg,space,train
data/raw/asl_alphabet_train/space/space16.jpg,space,train
data/raw/asl_alphabet_train/space/space2251.jpg,space,train
data/raw/asl_alphabet_train/space/space2438.jpg,space,train
data/raw/asl_alphabet_train/space/space1665.jpg,space,train
data/raw/asl_alphabet_train/space/space1219.jpg,space,train
data/raw/asl_alphabet_train/space/space2518.jpg,space,train
data/raw/asl_alphabet_train/space/space2257.jpg,space,train
data/raw/asl_alphabet_train/space/space370.jpg,space,train
data/raw/asl_alphabet_train/space/space2509.jpg,space,train
data/raw/asl_alphabet_train/space/space138.jpg,space,train
data/raw/asl_alphabet_train/space/space536.jpg,space,train
data/raw/asl_alphabet_train/space/space2705.jpg,space,train
data/raw/asl_alphabet_train/space/space2422.jpg,space,train
data/raw/asl_alphabet_train/space/space1018.jpg,space,train
data/raw/asl_alphabet_train/space/space523.jpg,space,train
data/raw/asl_alphabet_train/space/space1278.jpg,space,train
data/raw/asl_alphabet_train/space/space602.jpg,space,train
data/raw/asl_alphabet_train/space/space2161.jpg,space,train
data/raw/asl_alphabet_train/space/space2383.jpg,space,train
data/raw/asl_alphabet_train/space/space2747.jpg,space,train
data/raw/asl_alphabet_train/space/space857.jpg,space,train
data/raw/asl_alphabet_train/space/space1362.jpg,space,train
data/raw/asl_alphabet_train/space/space1066.jpg,space,train
data/raw/asl_alphabet_train/space/space227.jpg,space,train
data/raw/asl_alphabet_train/space/space157.jpg,space,train
data/raw/asl_alphabet_train/space/space2006.jpg,space,train
data/raw/asl_alphabet_train/space/space240.jpg,space,train
data/raw/asl_alphabet_train/space/space197.jpg,space,train
data/raw/asl_alphabet_train/space/space2567.jpg,space,train
data/raw/asl_alphabet_train/space/space727.jpg,space,train
data/raw/asl_alphabet_train/space/space2924.jpg,space,train
data/raw/asl_alphabet_train/space/space718.jpg,space,train
data/raw/asl_alphabet_train/space/space1226.jpg,space,train
data/raw/asl_alphabet_train/space/space2433.jpg,space,train
data/raw/asl_alphabet_train/space/space2923.jpg,space,train
data/raw/asl_alphabet_train/space/space832.jpg,space,train
data/raw/asl_alphabet_train/space/space473.jpg,space,train
data/raw/asl_alphabet_train/space/space17.jpg,space,train
data/raw/asl_alphabet_train/space/space2319.jpg,space,train
data/raw/asl_alphabet_train/space/space417.jpg,space,train
data/raw/asl_alphabet_train/space/space357.jpg,space,train
data/raw/asl_alphabet_train/space/space1253.jpg,space,train
data/raw/asl_alphabet_train/space/space1419.jpg,space,train
data/raw/asl_alphabet_train/space/space1237.jpg,space,train
data/raw/asl_alphabet_train/space/space841.jpg,space,train
data/raw/asl_alphabet_train/space/space1514.jpg,space,train
data/raw/asl_alphabet_train/space/space561.jpg,space,train
data/raw/asl_alphabet_train/space/space1427.jpg,space,train
data/raw/asl_alphabet_train/space/space713.jpg,space,train
data/raw/asl_alphabet_train/space/space1046.jpg,space,train
data/raw/asl_alphabet_train/space/space2821.jpg,space,train
data/raw/asl_alphabet_train/space/space2276.jpg,space,train
data/raw/asl_alphabet_train/space/space159.jpg,space,train
data/raw/asl_alphabet_train/space/space2568.jpg,space,train
data/raw/asl_alphabet_train/space/space2933.jpg,space,train
data/raw/asl_alphabet_train/space/space2916.jpg,space,train
data/raw/asl_alphabet_train/space/space399.jpg,space,train
data/raw/asl_alphabet_train/space/space2516.jpg,space,train
data/raw/asl_alphabet_train/space/space709.jpg,space,train
data/raw/asl_alphabet_train/space/space1551.jpg,space,train
data/raw/asl_alphabet_train/space/space970.jpg,space,train
data/raw/asl_alphabet_train/space/space648.jpg,space,train
data/raw/asl_alphabet_train/space/space1763.jpg,space,train
data/raw/asl_alphabet_train/space/space1815.jpg,space,train
data/raw/asl_alphabet_train/space/space1300.jpg,space,train
data/raw/asl_alphabet_train/space/space2282.jpg,space,train
data/raw/asl_alphabet_train/space/space1608.jpg,space,train
data/raw/asl_alphabet_train/space/space1145.jpg,space,train
data/raw/asl_alphabet_train/space/space2014.jpg,space,train
data/raw/asl_alphabet_train/space/space2648.jpg,space,train
data/raw/asl_alphabet_train/space/space2501.jpg,space,train
data/raw/asl_alphabet_train/space/space2527.jpg,space,train
data/raw/asl_alphabet_train/space/space2550.jpg,space,train
data/raw/asl_alphabet_train/space/space1482.jpg,space,train
data/raw/asl_alphabet_train/space/space1346.jpg,space,train
data/raw/asl_alphabet_train/space/space1486.jpg,space,train
data/raw/asl_alphabet_train/space/space459.jpg,space,train
data/raw/asl_alphabet_train/space/space2350.jpg,space,train
data/raw/asl_alphabet_train/space/space2320.jpg,space,train
data/raw/asl_alphabet_train/space/space2630.jpg,space,train
data/raw/asl_alphabet_train/space/space2318.jpg,space,train
data/raw/asl_alphabet_train/space/space390.jpg,space,train
data/raw/asl_alphabet_train/space/space2756.jpg,space,train
data/raw/asl_alphabet_train/space/space1163.jpg,space,train
data/raw/asl_alphabet_train/space/space2787.jpg,space,train
data/raw/asl_alphabet_train/space/space2541.jpg,space,train
data/raw/asl_alphabet_train/space/space2535.jpg,space,train
data/raw/asl_alphabet_train/space/space1082.jpg,space,train
data/raw/asl_alphabet_train/space/space2397.jpg,space,train
data/raw/asl_alphabet_train/space/space1140.jpg,space,train
data/raw/asl_alphabet_train/space/space1480.jpg,space,train
data/raw/asl_alphabet_train/space/space1409.jpg,space,train
data/raw/asl_alphabet_train/space/space805.jpg,space,train
data/raw/asl_alphabet_train/space/space2710.jpg,space,train
data/raw/asl_alphabet_train/space/space2152.jpg,space,train
data/raw/asl_alphabet_train/space/space1433.jpg,space,train
data/raw/asl_alphabet_train/space/space1229.jpg,space,train
data/raw/asl_alphabet_train/space/space400.jpg,space,train
data/raw/asl_alphabet_train/space/space1767.jpg,space,train
data/raw/asl_alphabet_train/space/space1393.jpg,space,train
data/raw/asl_alphabet_train/space/space1880.jpg,space,train
data/raw/asl_alphabet_train/space/space1113.jpg,space,train
data/raw/asl_alphabet_train/space/space2356.jpg,space,train
data/raw/asl_alphabet_train/space/space1299.jpg,space,train
data/raw/asl_alphabet_train/space/space2511.jpg,space,train
data/raw/asl_alphabet_train/space/space1638.jpg,space,train
data/raw/asl_alphabet_train/space/space1484.jpg,space,train
data/raw/asl_alphabet_train/space/space1948.jpg,space,train
data/raw/asl_alphabet_train/space/space2195.jpg,space,train
data/raw/asl_alphabet_train/space/space2294.jpg,space,train
data/raw/asl_alphabet_train/space/space1558.jpg,space,train
data/raw/asl_alphabet_train/space/space2078.jpg,space,train
data/raw/asl_alphabet_train/space/space1792.jpg,space,train
data/raw/asl_alphabet_train/space/space318.jpg,space,train
data/raw/asl_alphabet_train/space/space68.jpg,space,train
data/raw/asl_alphabet_train/space/space2109.jpg,space,train
data/raw/asl_alphabet_train/space/space1263.jpg,space,train
data/raw/asl_alphabet_train/space/space1617.jpg,space,train
data/raw/asl_alphabet_train/space/space2094.jpg,space,train
data/raw/asl_alphabet_train/space/space2199.jpg,space,train
data/raw/asl_alphabet_train/space/space2093.jpg,space,train
data/raw/asl_alphabet_train/space/space1540.jpg,space,train
data/raw/asl_alphabet_train/space/space703.jpg,space,train
data/raw/asl_alphabet_train/space/space2881.jpg,space,train
data/raw/asl_alphabet_train/space/space2019.jpg,space,train
data/raw/asl_alphabet_train/space/space1589.jpg,space,train
data/raw/asl_alphabet_train/space/space176.jpg,space,train
data/raw/asl_alphabet_train/space/space1042.jpg,space,train
data/raw/asl_alphabet_train/space/space327.jpg,space,train
data/raw/asl_alphabet_train/space/space1238.jpg,space,train
data/raw/asl_alphabet_train/space/space2115.jpg,space,train
data/raw/asl_alphabet_train/space/space2805.jpg,space,train
data/raw/asl_alphabet_train/space/space1649.jpg,space,train
data/raw/asl_alphabet_train/space/space301.jpg,space,train
data/raw/asl_alphabet_train/space/space1096.jpg,space,train
data/raw/asl_alphabet_train/space/space2016.jpg,space,train
data/raw/asl_alphabet_train/space/space2681.jpg,space,train
data/raw/asl_alphabet_train/space/space264.jpg,space,train
data/raw/asl_alphabet_train/space/space2544.jpg,space,train
data/raw/asl_alphabet_train/space/space1187.jpg,space,train
data/raw/asl_alphabet_train/space/space1412.jpg,space,train
data/raw/asl_alphabet_train/space/space1900.jpg,space,train
data/raw/asl_alphabet_train/space/space750.jpg,space,train
data/raw/asl_alphabet_train/space/space1504.jpg,space,train
data/raw/asl_alphabet_train/space/space1628.jpg,space,train
data/raw/asl_alphabet_train/space/space616.jpg,space,train
data/raw/asl_alphabet_train/space/space210.jpg,space,train
data/raw/asl_alphabet_train/space/space1885.jpg,space,train
data/raw/asl_alphabet_train/space/space2403.jpg,space,train
data/raw/asl_alphabet_train/space/space2190.jpg,space,train
data/raw/asl_alphabet_train/space/space1027.jpg,space,train
data/raw/asl_alphabet_train/space/space494.jpg,space,train
data/raw/asl_alphabet_train/space/space29.jpg,space,train
data/raw/asl_alphabet_train/space/space1585.jpg,space,train
data/raw/asl_alphabet_train/space/space1866.jpg,space,train
data/raw/asl_alphabet_train/space/space2134.jpg,space,train
data/raw/asl_alphabet_train/space/space2262.jpg,space,train
data/raw/asl_alphabet_train/space/space2842.jpg,space,train
data/raw/asl_alphabet_train/space/space2095.jpg,space,train
data/raw/asl_alphabet_train/space/space502.jpg,space,train
data/raw/asl_alphabet_train/space/space884.jpg,space,train
data/raw/asl_alphabet_train/space/space1882.jpg,space,train
data/raw/asl_alphabet_train/space/space1926.jpg,space,train
data/raw/asl_alphabet_train/space/space2441.jpg,space,train
data/raw/asl_alphabet_train/space/space397.jpg,space,train
data/raw/asl_alphabet_train/space/space504.jpg,space,train
data/raw/asl_alphabet_train/space/space2099.jpg,space,train
data/raw/asl_alphabet_train/space/space1361.jpg,space,train
data/raw/asl_alphabet_train/space/space1822.jpg,space,train
data/raw/asl_alphabet_train/space/space277.jpg,space,train
data/raw/asl_alphabet_train/space/space1155.jpg,space,train
data/raw/asl_alphabet_train/space/space908.jpg,space,train
data/raw/asl_alphabet_train/space/space1961.jpg,space,train
data/raw/asl_alphabet_train/space/space981.jpg,space,train
data/raw/asl_alphabet_train/space/space1425.jpg,space,train
data/raw/asl_alphabet_train/space/space2931.jpg,space,train
data/raw/asl_alphabet_train/space/space639.jpg,space,train
data/raw/asl_alphabet_train/space/space2856.jpg,space,train
data/raw/asl_alphabet_train/space/space384.jpg,space,train
data/raw/asl_alphabet_train/space/space1173.jpg,space,train
data/raw/asl_alphabet_train/space/space27.jpg,space,train
data/raw/asl_alphabet_train/space/space381.jpg,space,train
data/raw/asl_alphabet_train/space/space2003.jpg,space,train
data/raw/asl_alphabet_train/space/space2950.jpg,space,train
data/raw/asl_alphabet_train/space/space1975.jpg,space,train
data/raw/asl_alphabet_train/space/space1133.jpg,space,train
data/raw/asl_alphabet_train/space/space1149.jpg,space,train
data/raw/asl_alphabet_train/space/space2167.jpg,space,train
data/raw/asl_alphabet_train/space/space175.jpg,space,train
data/raw/asl_alphabet_train/space/space2041.jpg,space,train
data/raw/asl_alphabet_train/space/space1120.jpg,space,train
data/raw/asl_alphabet_train/space/space1479.jpg,space,train
data/raw/asl_alphabet_train/space/space2800.jpg,space,train
data/raw/asl_alphabet_train/space/space655.jpg,space,train
data/raw/asl_alphabet_train/space/space1450.jpg,space,train
data/raw/asl_alphabet_train/space/space2687.jpg,space,train
data/raw/asl_alphabet_train/space/space350.jpg,space,train
data/raw/asl_alphabet_train/space/space2628.jpg,space,train
data/raw/asl_alphabet_train/space/space58.jpg,space,train
data/raw/asl_alphabet_train/space/space937.jpg,space,train
data/raw/asl_alphabet_train/space/space2405.jpg,space,train
data/raw/asl_alphabet_train/space/space541.jpg,space,train
data/raw/asl_alphabet_train/space/space944.jpg,space,train
data/raw/asl_alphabet_train/space/space1595.jpg,space,train
data/raw/asl_alphabet_train/space/space2810.jpg,space,train
data/raw/asl_alphabet_train/space/space712.jpg,space,train
data/raw/asl_alphabet_train/space/space627.jpg,space,train
data/raw/asl_alphabet_train/space/space1680.jpg,space,train
data/raw/asl_alphabet_train/space/space1385.jpg,space,train
data/raw/asl_alphabet_train/space/space2474.jpg,space,train
data/raw/asl_alphabet_train/space/space2334.jpg,space,train
data/raw/asl_alphabet_train/space/space216.jpg,space,train
data/raw/asl_alphabet_train/space/space1396.jpg,space,train
data/raw/asl_alphabet_train/space/space52.jpg,space,train
data/raw/asl_alphabet_train/space/space1461.jpg,space,train
data/raw/asl_alphabet_train/space/space1072.jpg,space,train
data/raw/asl_alphabet_train/space/space517.jpg,space,train
data/raw/asl_alphabet_train/space/space552.jpg,space,train
data/raw/asl_alphabet_train/space/space562.jpg,space,train
data/raw/asl_alphabet_train/space/space2416.jpg,space,train
data/raw/asl_alphabet_train/space/space1957.jpg,space,train
data/raw/asl_alphabet_train/space/space2219.jpg,space,train
data/raw/asl_alphabet_train/space/space1491.jpg,space,train
data/raw/asl_alphabet_train/space/space2029.jpg,space,train
data/raw/asl_alphabet_train/space/space85.jpg,space,train
data/raw/asl_alphabet_train/space/space218.jpg,space,train
data/raw/asl_alphabet_train/space/space1780.jpg,space,train
data/raw/asl_alphabet_train/space/space172.jpg,space,train
data/raw/asl_alphabet_train/space/space2955.jpg,space,train
data/raw/asl_alphabet_train/space/space906.jpg,space,train
data/raw/asl_alphabet_train/space/space1431.jpg,space,train
data/raw/asl_alphabet_train/space/space1728.jpg,space,train
data/raw/asl_alphabet_train/space/space854.jpg,space,train
data/raw/asl_alphabet_train/space/space1607.jpg,space,train
data/raw/asl_alphabet_train/space/space2164.jpg,space,train
data/raw/asl_alphabet_train/space/space1442.jpg,space,train
data/raw/asl_alphabet_train/space/space2338.jpg,space,train
data/raw/asl_alphabet_train/space/space1981.jpg,space,train
data/raw/asl_alphabet_train/space/space2837.jpg,space,train
data/raw/asl_alphabet_train/space/space2484.jpg,space,train
data/raw/asl_alphabet_train/space/space1683.jpg,space,train
data/raw/asl_alphabet_train/space/space831.jpg,space,train
data/raw/asl_alphabet_train/space/space2636.jpg,space,train
data/raw/asl_alphabet_train/space/space1267.jpg,space,train
data/raw/asl_alphabet_train/space/space447.jpg,space,train
data/raw/asl_alphabet_train/space/space1791.jpg,space,train
data/raw/asl_alphabet_train/space/space62.jpg,space,train
data/raw/asl_alphabet_train/space/space1334.jpg,space,train
data/raw/asl_alphabet_train/space/space989.jpg,space,train
data/raw/asl_alphabet_train/space/space89.jpg,space,train
data/raw/asl_alphabet_train/space/space11.jpg,space,train
data/raw/asl_alphabet_train/space/space1262.jpg,space,train
data/raw/asl_alphabet_train/space/space1494.jpg,space,train
data/raw/asl_alphabet_train/space/space708.jpg,space,train
data/raw/asl_alphabet_train/space/space2032.jpg,space,train
data/raw/asl_alphabet_train/space/space1031.jpg,space,train
data/raw/asl_alphabet_train/space/space1612.jpg,space,train
data/raw/asl_alphabet_train/space/space837.jpg,space,train
data/raw/asl_alphabet_train/space/space672.jpg,space,train
data/raw/asl_alphabet_train/space/space1552.jpg,space,train
data/raw/asl_alphabet_train/space/space1963.jpg,space,train
data/raw/asl_alphabet_train/space/space497.jpg,space,train
data/raw/asl_alphabet_train/space/space1496.jpg,space,train
data/raw/asl_alphabet_train/space/space18.jpg,space,train
data/raw/asl_alphabet_train/space/space24.jpg,space,train
data/raw/asl_alphabet_train/space/space2615.jpg,space,train
data/raw/asl_alphabet_train/space/space2599.jpg,space,train
data/raw/asl_alphabet_train/space/space2120.jpg,space,train
data/raw/asl_alphabet_train/space/space1428.jpg,space,train
data/raw/asl_alphabet_train/space/space2428.jpg,space,train
data/raw/asl_alphabet_train/space/space1080.jpg,space,train
data/raw/asl_alphabet_train/space/space2020.jpg,space,train
data/raw/asl_alphabet_train/space/space1787.jpg,space,train
data/raw/asl_alphabet_train/space/space2506.jpg,space,train
data/raw/asl_alphabet_train/space/space724.jpg,space,train
data/raw/asl_alphabet_train/space/space1348.jpg,space,train
data/raw/asl_alphabet_train/space/space2495.jpg,space,train
data/raw/asl_alphabet_train/space/space721.jpg,space,train
data/raw/asl_alphabet_train/space/space1058.jpg,space,train
data/raw/asl_alphabet_train/space/space143.jpg,space,train
data/raw/asl_alphabet_train/space/space2688.jpg,space,train
data/raw/asl_alphabet_train/space/space1778.jpg,space,train
data/raw/asl_alphabet_train/space/space2129.jpg,space,train
data/raw/asl_alphabet_train/space/space1063.jpg,space,train
data/raw/asl_alphabet_train/space/space586.jpg,space,train
data/raw/asl_alphabet_train/space/space1851.jpg,space,train
data/raw/asl_alphabet_train/space/space1424.jpg,space,train
data/raw/asl_alphabet_train/space/space771.jpg,space,train
data/raw/asl_alphabet_train/space/space200.jpg,space,train
data/raw/asl_alphabet_train/space/space2745.jpg,space,train
data/raw/asl_alphabet_train/space/space1289.jpg,space,train
data/raw/asl_alphabet_train/space/space1966.jpg,space,train
data/raw/asl_alphabet_train/space/space1853.jpg,space,train
data/raw/asl_alphabet_train/space/space279.jpg,space,train
data/raw/asl_alphabet_train/space/space1470.jpg,space,train
data/raw/asl_alphabet_train/space/space148.jpg,space,val
data/raw/asl_alphabet_train/space/space61.jpg,space,val
data/raw/asl_alphabet_train/space/space1773.jpg,space,val
data/raw/asl_alphabet_train/space/space1659.jpg,space,val
data/raw/asl_alphabet_train/space/space274.jpg,space,val
data/raw/asl_alphabet_train/space/space2994.jpg,space,val
data/raw/asl_alphabet_train/space/space2990.jpg,space,val
data/raw/asl_alphabet_train/space/space2668.jpg,space,val
data/raw/asl_alphabet_train/space/space2925.jpg,space,val
data/raw/asl_alphabet_train/space/space826.jpg,space,val
data/raw/asl_alphabet_train/space/space2312.jpg,space,val
data/raw/asl_alphabet_train/space/space544.jpg,space,val
data/raw/asl_alphabet_train/space/space966.jpg,space,val
data/raw/asl_alphabet_train/space/space1440.jpg,space,val
data/raw/asl_alphabet_train/space/space903.jpg,space,val
data/raw/asl_alphabet_train/space/space1736.jpg,space,val
data/raw/asl_alphabet_train/space/space868.jpg,space,val
data/raw/asl_alphabet_train/space/space1811.jpg,space,val
data/raw/asl_alphabet_train/space/space2545.jpg,space,val
data/raw/asl_alphabet_train/space/space2822.jpg,space,val
data/raw/asl_alphabet_train/space/space2407.jpg,space,val
data/raw/asl_alphabet_train/space/space7.jpg,space,val
data/raw/asl_alphabet_train/space/space2404.jpg,space,val
data/raw/asl_alphabet_train/space/space1786.jpg,space,val
data/raw/asl_alphabet_train/space/space2133.jpg,space,val
data/raw/asl_alphabet_train/space/space411.jpg,space,val
data/raw/asl_alphabet_train/space/space1204.jpg,space,val
data/raw/asl_alphabet_train/space/space2247.jpg,space,val
data/raw/asl_alphabet_train/space/space1439.jpg,space,val
data/raw/asl_alphabet_train/space/space202.jpg,space,val
data/raw/asl_alphabet_train/space/space1073.jpg,space,val
data/raw/asl_alphabet_train/space/space829.jpg,space,val
data/raw/asl_alphabet_train/space/space1868.jpg,space,val
data/raw/asl_alphabet_train/space/space36.jpg,space,val
data/raw/asl_alphabet_train/space/space123.jpg,space,val
data/raw/asl_alphabet_train/space/space2374.jpg,space,val
data/raw/asl_alphabet_train/space/space574.jpg,space,val
data/raw/asl_alphabet_train/space/space572.jpg,space,val
data/raw/asl_alphabet_train/space/space1960.jpg,space,val
data/raw/asl_alphabet_train/space/space2542.jpg,space,val
data/raw/asl_alphabet_train/space/space2536.jpg,space,val
data/raw/asl_alphabet_train/space/space181.jpg,space,val
data/raw/asl_alphabet_train/space/space2315.jpg,space,val
data/raw/asl_alphabet_train/space/space2692.jpg,space,val
data/raw/asl_alphabet_train/space/space1775.jpg,space,val
data/raw/asl_alphabet_train/space/space1876.jpg,space,val
data/raw/asl_alphabet_train/space/space1830.jpg,space,val
data/raw/asl_alphabet_train/space/space452.jpg,space,val
data/raw/asl_alphabet_train/space/space2135.jpg,space,val
data/raw/asl_alphabet_train/space/space2760.jpg,space,val
data/raw/asl_alphabet_train/space/space1499.jpg,space,val
data/raw/asl_alphabet_train/space/space1857.jpg,space,val
data/raw/asl_alphabet_train/space/space2217.jpg,space,val
data/raw/asl_alphabet_train/space/space1310.jpg,space,val
data/raw/asl_alphabet_train/space/space1104.jpg,space,val
data/raw/asl_alphabet_train/space/space1919.jpg,space,val
data/raw/asl_alphabet_train/space/space2034.jpg,space,val
data/raw/asl_alphabet_train/space/space2064.jpg,space,val
data/raw/asl_alphabet_train/space/space65.jpg,space,val
data/raw/asl_alphabet_train/space/space521.jpg,space,val
data/raw/asl_alphabet_train/space/space2698.jpg,space,val
data/raw/asl_alphabet_train/space/space1541.jpg,space,val
data/raw/asl_alphabet_train/space/space1598.jpg,space,val
data/raw/asl_alphabet_train/space/space1686.jpg,space,val
data/raw/asl_alphabet_train/space/space2465.jpg,space,val
data/raw/asl_alphabet_train/space/space874.jpg,space,val
data/raw/asl_alphabet_train/space/space424.jpg,space,val
data/raw/asl_alphabet_train/space/space1020.jpg,space,val
data/raw/asl_alphabet_train/space/space2581.jpg,space,val
data/raw/asl_alphabet_train/space/space2600.jpg,space,val
data/raw/asl_alphabet_train/space/space1410.jpg,space,val
data/raw/asl_alphabet_train/space/space2273.jpg,space,val
data/raw/asl_alphabet_train/space/space2313.jpg,space,val
data/raw/asl_alphabet_train/space/space2563.jpg,space,val
data/raw/asl_alphabet_train/space/space496.jpg,space,val
data/raw/asl_alphabet_train/space/space342.jpg,space,val
data/raw/asl_alphabet_train/space/space640.jpg,space,val
data/raw/asl_alphabet_train/space/space1972.jpg,space,val
data/raw/asl_alphabet_train/space/space1436.jpg,space,val
data/raw/asl_alphabet_train/space/space1756.jpg,space,val
data/raw/asl_alphabet_train/space/space2779.jpg,space,val
data/raw/asl_alphabet_train/space/space2783.jpg,space,val
data/raw/asl_alphabet_train/space/space1610.jpg,space,val
data/raw/asl_alphabet_train/space/space2295.jpg,space,val
data/raw/asl_alphabet_train/space/space1520.jpg,space,val
data/raw/asl_alphabet_train/space/space600.jpg,space,val
data/raw/asl_alphabet_train/space/space1476.jpg,space,val
data/raw/asl_alphabet_train/space/space1423.jpg,space,val
data/raw/asl_alphabet_train/space/space2934.jpg,space,val
data/raw/asl_alphabet_train/space/space1548.jpg,space,val
data/raw/asl_alphabet_train/space/space2729.jpg,space,test
data/raw/asl_alphabet_train/space/space2638.jpg,space,test
data/raw/asl_alphabet_train/space/space1269.jpg,space,test
data/raw/asl_alphabet_train/space/space2057.jpg,space,test
data/raw/asl_alphabet_train/space/space1167.jpg,space,test
data/raw/asl_alphabet_train/space/space64.jpg,space,test
data/raw/asl_alphabet_train/space/space1563.jpg,space,test
data/raw/asl_alphabet_train/space/space1014.jpg,space,test
data/raw/asl_alphabet_train/space/space2678.jpg,space,test
data/raw/asl_alphabet_train/space/space1843.jpg,space,test
data/raw/asl_alphabet_train/space/space1408.jpg,space,test
data/raw/asl_alphabet_train/space/space1116.jpg,space,test
data/raw/asl_alphabet_train/space/space2231.jpg,space,test
data/raw/asl_alphabet_train/space/space508.jpg,space,test
data/raw/asl_alphabet_train/space/space1106.jpg,space,test
data/raw/asl_alphabet_train/space/space715.jpg,space,test
data/raw/asl_alphabet_train/space/space1059.jpg,space,test
data/raw/asl_alphabet_train/space/space1700.jpg,space,test
data/raw/asl_alphabet_train/space/space1088.jpg,space,test
data/raw/asl_alphabet_train/space/space1019.jpg,space,test
data/raw/asl_alphabet_train/space/space321.jpg,space,test
data/raw/asl_alphabet_train/space/space850.jpg,space,test
data/raw/asl_alphabet_train/space/space520.jpg,space,test
data/raw/asl_alphabet_train/space/space211.jpg,space,test
data/raw/asl_alphabet_train/space/space481.jpg,space,test
data/raw/asl_alphabet_train/space/space2976.jpg,space,test
data/raw/asl_alphabet_train/space/space289.jpg,space,test
data/raw/asl_alphabet_train/space/space2657.jpg,space,test
data/raw/asl_alphabet_train/space/space1685.jpg,space,test
data/raw/asl_alphabet_train/space/space959.jpg,space,test
data/raw/asl_alphabet_train/space/space1984.jpg,space,test
data/raw/asl_alphabet_train/space/space1223.jpg,space,test
data/raw/asl_alphabet_train/space/space1125.jpg,space,test
data/raw/asl_alphabet_train/space/space2970.jpg,space,test
data/raw/asl_alphabet_train/space/space848.jpg,space,test
data/raw/asl_alphabet_train/space/space2644.jpg,space,test
data/raw/asl_alphabet_train/space/space2928.jpg,space,test
data/raw/asl_alphabet_train/space/space244.jpg,space,test
data/raw/asl_alphabet_train/space/space827.jpg,space,test
data/raw/asl_alphabet_train/space/space2392.jpg,space,test
data/raw/asl_alphabet_train/space/space435.jpg,space,test
data/raw/asl_alphabet_train/space/space2554.jpg,space,test
data/raw/asl_alphabet_train/space/space746.jpg,space,test
data/raw/asl_alphabet_train/space/space249.jpg,space,test
data/raw/asl_alphabet_train/space/space757.jpg,space,test
data/raw/asl_alphabet_train/space/space2360.jpg,space,test
data/raw/asl_alphabet_train/space/space2331.jpg,space,test
data/raw/asl_alphabet_train/space/space880.jpg,space,test
data/raw/asl_alphabet_train/space/space2203.jpg,space,test
data/raw/asl_alphabet_train/space/space2980.jpg,space,test
data/raw/asl_alphabet_train/space/space1471.jpg,space,test
data/raw/asl_alphabet_train/space/space298.jpg,space,test
data/raw/asl_alphabet_train/space/space792.jpg,space,test
data/raw/asl_alphabet_train/space/space396.jpg,space,test
data/raw/asl_alphabet_train/space/space35.jpg,space,test
data/raw/asl_alphabet_train/space/space1744.jpg,space,test
data/raw/asl_alphabet_train/space/space1093.jpg,space,test
data/raw/asl_alphabet_train/space/space2243.jpg,space,test
data/raw/asl_alphabet_train/space/space1648.jpg,space,test
data/raw/asl_alphabet_train/space/space1462.jpg,space,test
data/raw/asl_alphabet_train/space/space575.jpg,space,test
data/raw/asl_alphabet_train/space/space2440.jpg,space,test
data/raw/asl_alphabet_train/space/space2510.jpg,space,test
data/raw/asl_alphabet_train/space/space433.jpg,space,test
data/raw/asl_alphabet_train/space/space2091.jpg,space,test
data/raw/asl_alphabet_train/space/space2166.jpg,space,test
data/raw/asl_alphabet_train/space/space982.jpg,space,test
data/raw/asl_alphabet_train/space/space646.jpg,space,test
data/raw/asl_alphabet_train/space/space2731.jpg,space,test
data/raw/asl_alphabet_train/space/space2940.jpg,space,test
data/raw/asl_alphabet_train/space/space164.jpg,space,test
data/raw/asl_alphabet_train/space/space1513.jpg,space,test
data/raw/asl_alphabet_train/space/space2018.jpg,space,test
data/raw/asl_alphabet_train/space/space1579.jpg,space,test
data/raw/asl_alphabet_train/space/space858.jpg,space,test
data/raw/asl_alphabet_train/space/space1228.jpg,space,test
data/raw/asl_alphabet_train/space/space76.jpg,space,test
data/raw/asl_alphabet_train/space/space1774.jpg,space,test
data/raw/asl_alphabet_train/space/space2902.jpg,space,test
data/raw/asl_alphabet_train/space/space2137.jpg,space,test
data/raw/asl_alphabet_train/space/space2202.jpg,space,test
data/raw/asl_alphabet_train/space/space1487.jpg,space,test
data/raw/asl_alphabet_train/space/space838.jpg,space,test
data/raw/asl_alphabet_train/space/space2159.jpg,space,test
data/raw/asl_alphabet_train/space/space2264.jpg,space,test
data/raw/asl_alphabet_train/space/space2027.jpg,space,test
data/raw/asl_alphabet_train/space/space1044.jpg,space,test
data/raw/asl_alphabet_train/space/space2726.jpg,space,test
data/raw/asl_alphabet_train/space/space2004.jpg,space,test
data/raw/asl_alphabet_train/space/space2951.jpg,space,test
